iter,batch_size,epoch,loss,mean_loss,Loss,SSIM,PSNR
0,64,0,1.1168617010116577,,0.5850208360464015,0.009016646892657932,8.95052474630866
1,64,0,0.5975083708763123,,,,
2,64,0,0.40801987051963806,,,,
3,64,0,0.3241406977176666,,,,
4,64,0,0.24923083186149597,,,,
5,64,0,0.20097282528877258,,,,
6,64,0,0.16572628915309906,,,,
7,64,0,0.1340879201889038,,,,
8,64,0,0.10885592550039291,,,,
9,64,0,0.09159454703330994,,,,
10,64,0,0.09356512874364853,,,,
11,64,0,0.09415652602910995,,,,
12,64,0,0.08230208605527878,,,,
13,64,0,0.08716684579849243,,,,
14,64,0,0.08260457962751389,,,,
15,64,0,0.07385124266147614,,,,
16,64,0,0.07539509981870651,,,,
17,64,0,0.07654096186161041,,,,
18,64,0,0.06612635403871536,,,,
19,64,0,0.06528043001890182,,,,
20,64,0,0.06365199387073517,,,,
21,64,0,0.061644747853279114,,,,
22,64,0,0.056210752576589584,,,,
23,64,0,0.05649925023317337,,,,
24,64,0,0.061992596834897995,,,,
25,64,0,0.05794251710176468,,,,
26,64,0,0.05396649241447449,,,,
27,64,0,0.05358222872018814,,,,
28,64,0,0.051887862384319305,,,,
29,64,0,0.04703032225370407,,,,
30,64,0,0.04082228243350983,,,,
31,64,0,0.04814780503511429,,,,
32,64,0,0.044070951640605927,,,,
33,64,0,0.04309394583106041,,,,
34,64,0,0.04538504406809807,,,,
35,64,0,0.04725516587495804,,,,
36,64,0,0.04365925118327141,,,,
37,64,0,0.043372347950935364,,,,
38,64,0,0.046449415385723114,,,,
39,64,0,0.04055804759263992,,,,
40,64,0,0.04749508202075958,,,,
41,64,0,0.04392175376415253,,,,
42,64,0,0.04323185980319977,,,,
43,64,0,0.03830089420080185,,,,
44,64,0,0.03999984264373779,,,,
45,64,0,0.04210207611322403,,,,
46,64,0,0.04386424273252487,,,,
47,64,0,0.042452793568372726,,,,
48,64,0,0.05043387413024902,,,,
49,64,0,0.04537693411111832,,,,
50,64,0,0.04573321342468262,,,,
51,64,0,0.04646658897399902,,,,
52,64,0,0.04379712790250778,,,,
53,64,0,0.04453715309500694,,,,
54,64,0,0.04121888428926468,,,,
55,64,0,0.037126317620277405,,,,
56,64,0,0.0344039723277092,,,,
57,64,0,0.03951185941696167,,,,
58,64,0,0.03662441670894623,,,,
59,64,0,0.040864139795303345,,,,
60,64,0,0.04300281032919884,,,,
61,64,0,0.04014725238084793,,,,
62,64,0,0.0375211164355278,,,,
63,64,0,0.03965367376804352,,,,
64,64,0,0.041056595742702484,,,,
65,64,0,0.048902302980422974,,,,
66,64,0,0.043750207871198654,,,,
67,64,0,0.032900817692279816,,,,
68,64,0,0.03524879366159439,,,,
69,64,0,0.03962118178606033,,,,
70,64,0,0.036965858191251755,,,,
71,64,0,0.031012386083602905,,,,
72,64,0,0.03868022561073303,,,,
73,64,0,0.03425588458776474,,,,
74,64,0,0.029085738584399223,,,,
75,64,0,0.037445321679115295,,,,
76,64,0,0.037224363535642624,,,,
77,64,0,0.03489326685667038,,,,
78,64,0,0.04364959895610809,,,,
79,64,0,0.040105197578668594,,,,
80,64,0,0.038047291338443756,,,,
81,64,0,0.03343139588832855,,,,
82,64,0,0.03555753827095032,,,,
83,64,0,0.03585071861743927,,,,
84,64,0,0.037794675678014755,,,,
85,64,0,0.03283442556858063,,,,
86,64,0,0.034167125821113586,,,,
87,64,0,0.04178705811500549,,,,
88,64,0,0.03695901483297348,,,,
89,64,0,0.03214605897665024,,,,
90,64,0,0.04513401538133621,,,,
91,64,0,0.028896674513816833,,,,
92,64,0,0.03829970955848694,,,,
93,64,0,0.035363927483558655,,,,
94,64,0,0.03744359314441681,,,,
95,64,0,0.038453713059425354,,,,
96,64,0,0.031734250485897064,,,,
97,64,0,0.034348394721746445,,,,
98,64,0,0.032609641551971436,,,,
99,64,0,0.03332049027085304,,,,
100,64,0,0.03563673421740532,,,,
101,64,0,0.03315170854330063,,,,
102,64,0,0.034400731325149536,,,,
103,64,0,0.03521236404776573,,,,
104,64,0,0.03292905539274216,,,,
105,64,0,0.030055567622184753,,,,
106,64,0,0.0353228896856308,,,,
107,64,0,0.040333013981580734,,,,
108,64,0,0.034384265542030334,,,,
109,64,0,0.032801996916532516,,,,
110,64,0,0.0345207154750824,,,,
111,64,0,0.03688354045152664,,,,
112,64,0,0.03849559277296066,,,,
113,64,0,0.042045798152685165,,,,
114,64,0,0.036655016243457794,,,,
115,64,0,0.0361790731549263,,,,
116,64,0,0.0374574214220047,,,,
117,64,0,0.03760425001382828,,,,
118,64,0,0.03213238716125488,,,,
119,64,0,0.03136569261550903,,,,
120,64,0,0.032015856355428696,,,,
121,64,0,0.03418288752436638,,,,
122,64,0,0.03596343845129013,,,,
123,64,0,0.03267062455415726,,,,
124,64,0,0.03154861181974411,,,,
125,64,0,0.03956448286771774,,,,
126,64,0,0.03370792791247368,,,,
127,64,0,0.03505962714552879,,,,
128,64,0,0.034847691655159,,,,
129,64,0,0.030062027275562286,,,,
130,64,0,0.028618186712265015,,,,
131,64,0,0.026483040302991867,,,,
132,64,0,0.03283224254846573,,,,
133,64,0,0.03695876523852348,,,,
134,64,0,0.03436730429530144,,,,
135,64,0,0.03300723433494568,,,,
136,64,0,0.03503379970788956,,,,
137,64,0,0.030751308426260948,,,,
138,64,0,0.030051112174987793,,,,
139,64,0,0.028727132827043533,,,,
140,64,0,0.0341978594660759,,,,
141,64,0,0.036051616072654724,,,,
142,64,0,0.03758947551250458,,,,
143,64,0,0.033945102244615555,,,,
144,64,0,0.03825521096587181,,,,
145,64,0,0.03198051452636719,,,,
146,64,0,0.03207125887274742,,,,
147,64,0,0.033404577523469925,,,,
148,64,0,0.0313718244433403,,,,
149,64,0,0.029238907620310783,,,,
150,64,0,0.028715912252664566,,,,
151,64,0,0.03268773853778839,,,,
152,64,0,0.030994927510619164,,,,
153,64,0,0.030353104695677757,,,,
154,64,0,0.03408319875597954,,,,
155,64,0,0.03376922011375427,,,,
156,64,0,0.03056078776717186,,,,
157,64,0,0.03147135302424431,,,,
158,64,0,0.026798062026500702,,,,
159,64,0,0.02766038477420807,,,,
160,64,0,0.037107016891241074,,,,
161,64,0,0.033151812851428986,,,,
162,64,0,0.03757854551076889,,,,
163,64,0,0.02730698511004448,,,,
164,64,0,0.03199615702033043,,,,
165,64,0,0.03268183767795563,,,,
166,64,0,0.03187241405248642,,,,
167,64,0,0.02667878195643425,,,,
168,64,0,0.02749507687985897,,,,
169,64,0,0.030831798911094666,,,,
170,64,0,0.030895691365003586,,,,
171,64,0,0.030644787475466728,,,,
172,64,0,0.02974381111562252,,,,
173,64,0,0.02694339118897915,,,,
174,64,0,0.030311226844787598,,,,
175,64,0,0.030129877850413322,,,,
176,64,0,0.027553942054510117,,,,
177,64,0,0.03388857841491699,,,,
178,64,0,0.032451730221509933,,,,
179,64,0,0.032731037586927414,,,,
180,64,0,0.033141642808914185,,,,
181,64,0,0.03494897112250328,,,,
182,64,0,0.03048814833164215,,,,
183,64,0,0.031207798048853874,,,,
184,64,0,0.031756848096847534,,,,
185,64,0,0.0302509106695652,,,,
186,64,0,0.0326598584651947,,,,
187,64,0,0.026990607380867004,,,,
188,64,0,0.031737666577100754,,,,
189,64,0,0.03001594915986061,,,,
190,64,0,0.026770349591970444,,,,
191,64,0,0.028835659846663475,,,,
192,64,0,0.031495481729507446,,,,
193,64,0,0.029585029929876328,,,,
194,64,0,0.030820976942777634,,,,
195,64,0,0.027050554752349854,,,,
196,64,0,0.03197953850030899,,,,
197,64,0,0.03184060752391815,,,,
198,64,0,0.03265801817178726,,,,
199,64,0,0.02645730972290039,,,,
200,64,0,0.03129414841532707,,,,
201,64,0,0.03227356821298599,,,,
202,64,0,0.034235142171382904,,,,
203,64,0,0.0334307998418808,,,,
204,64,0,0.03013695403933525,,,,
205,64,0,0.031559545546770096,,,,
206,64,0,0.029060564935207367,,,,
207,64,0,0.03228914365172386,,,,
208,64,0,0.032831769436597824,,,,
209,64,0,0.02966996096074581,,,,
210,64,0,0.03141716122627258,,,,
211,64,0,0.03583570569753647,,,,
212,64,0,0.033472709357738495,,,,
213,64,0,0.03250645846128464,,,,
214,64,0,0.029254674911499023,,,,
215,64,0,0.03789808228611946,,,,
216,64,0,0.02711072564125061,,,,
217,64,0,0.02590405009686947,,,,
218,64,0,0.029424285516142845,,,,
219,64,0,0.035626523196697235,,,,
220,64,0,0.027760926634073257,,,,
221,64,0,0.029815223067998886,,,,
222,64,0,0.02643047273159027,,,,
223,64,0,0.029727816581726074,,,,
224,64,0,0.03199616074562073,,,,
225,64,0,0.03055732510983944,,,,
226,64,0,0.029881155118346214,,,,
227,64,0,0.03244733065366745,,,,
228,64,0,0.030353426933288574,,,,
229,64,0,0.029365960508584976,,,,
230,64,0,0.03371672332286835,,,,
231,64,0,0.04013602063059807,,,,
232,64,0,0.030896320939064026,,,,
233,64,0,0.026667341589927673,,,,
234,64,0,0.033983565866947174,,,,
235,64,0,0.035274937748909,,,,
236,64,0,0.026339538395404816,,,,
237,64,0,0.028414873406291008,,,,
238,64,0,0.0275103859603405,,,,
239,64,0,0.029421675950288773,,,,
240,64,0,0.027623802423477173,,,,
241,64,0,0.026797570288181305,,,,
242,64,0,0.02431103214621544,,,,
243,64,0,0.026160111650824547,,,,
244,64,0,0.028452109545469284,,,,
245,64,0,0.026448583230376244,,,,
246,64,0,0.027303338050842285,,,,
247,64,0,0.029375910758972168,,,,
248,64,0,0.03154094144701958,,,,
249,64,0,0.02258845791220665,,,,
250,64,0,0.029810067266225815,,,,
251,64,0,0.03167835623025894,,,,
252,64,0,0.03166060149669647,,,,
253,64,0,0.027176767587661743,,,,
254,64,0,0.025323878973722458,,,,
255,64,0,0.026336144655942917,,,,
256,64,0,0.02741849049925804,,,,
257,64,0,0.024930648505687714,,,,
258,64,0,0.029094627127051353,,,,
259,64,0,0.027808902785182,,,,
260,64,0,0.029430998489260674,,,,
261,64,0,0.027634933590888977,,,,
262,64,0,0.032328441739082336,,,,
263,64,0,0.028729978948831558,,,,
264,64,0,0.02898980677127838,,,,
265,64,0,0.02758752554655075,,,,
266,64,0,0.027510032057762146,,,,
267,64,0,0.028034478425979614,,,,
268,64,0,0.025950944051146507,,,,
269,64,0,0.028532063588500023,,,,
270,64,0,0.02408498153090477,,,,
271,64,0,0.02504037693142891,,,,
272,64,0,0.03056141547858715,,,,
273,64,0,0.0254827793687582,,,,
274,64,0,0.02880166471004486,,,,
275,64,0,0.02516557089984417,,,,
276,64,0,0.026221662759780884,,,,
277,64,0,0.028874507173895836,,,,
278,64,0,0.029312802478671074,,,,
279,64,0,0.026945140212774277,,,,
280,64,0,0.02995784394443035,,,,
281,64,0,0.027668436989188194,,,,
282,64,0,0.02387772500514984,,,,
283,64,0,0.025388523936271667,,,,
284,64,0,0.02861260250210762,,,,
285,64,0,0.026443561539053917,,,,
286,64,0,0.03139978647232056,,,,
287,64,0,0.03261883556842804,,,,
288,64,0,0.025884345173835754,,,,
289,64,0,0.026558106765151024,,,,
290,64,0,0.02586851641535759,,,,
291,64,0,0.026500049978494644,,,,
292,64,0,0.0251320730894804,,,,
293,64,0,0.031028365716338158,,,,
294,64,0,0.027601778507232666,,,,
295,64,0,0.028096063062548637,,,,
296,64,0,0.022218240424990654,,,,
297,64,0,0.023882266134023666,,,,
298,64,0,0.031407903879880905,,,,
299,64,0,0.02445777878165245,,,,
300,64,0,0.026548277586698532,,,,
301,64,0,0.027511566877365112,,,,
302,64,0,0.026897599920630455,,,,
303,64,0,0.030093198642134666,,,,
304,64,0,0.024520430713891983,,,,
305,64,0,0.032861240208148956,,,,
306,64,0,0.025177527219057083,,,,
307,64,0,0.028070440515875816,,,,
308,64,0,0.030211513862013817,,,,
309,64,0,0.024259939789772034,,,,
310,64,0,0.030901087448000908,,,,
311,64,0,0.027636326849460602,,,,
312,64,0,0.029273485764861107,,,,
313,64,0,0.023195531219244003,,,,
314,64,0,0.026116356253623962,,,,
315,64,0,0.024771777912974358,,,,
316,64,0,0.02866758406162262,,,,
317,64,0,0.031196897849440575,,,,
318,64,0,0.02896926924586296,,,,
319,64,0,0.027298927307128906,,,,
320,64,0,0.024365562945604324,,,,
321,64,0,0.024088770151138306,,,,
322,64,0,0.02172713540494442,,,,
323,64,0,0.021734818816184998,,,,
324,64,0,0.02834096923470497,,,,
325,64,0,0.024081578478217125,,,,
326,64,0,0.02314027212560177,,,,
327,64,0,0.022987928241491318,,,,
328,64,0,0.024929646402597427,,,,
329,64,0,0.024398505687713623,,,,
330,64,0,0.023339703679084778,,,,
331,64,0,0.03489730507135391,,,,
332,64,0,0.024305779486894608,,,,
333,64,0,0.027385709807276726,,,,
334,64,0,0.026689350605010986,,,,
335,64,0,0.023327669128775597,,,,
336,64,0,0.028262481093406677,,,,
337,64,0,0.02537662349641323,,,,
338,64,0,0.02241034433245659,,,,
339,64,0,0.023868750780820847,,,,
340,64,0,0.02651437185704708,,,,
341,64,0,0.02823299914598465,,,,
342,64,0,0.028114033862948418,,,,
343,64,0,0.022421207278966904,,,,
344,64,0,0.02293234132230282,,,,
345,64,0,0.020896833389997482,,,,
346,64,0,0.029189936816692352,,,,
347,64,0,0.022266525775194168,,,,
348,64,0,0.023957937955856323,,,,
349,64,0,0.025036919862031937,,,,
350,64,0,0.026523945853114128,,,,
351,64,0,0.02344326674938202,,,,
352,64,0,0.024544239044189453,,,,
353,64,0,0.02443377673625946,,,,
354,64,0,0.02530408278107643,,,,
355,64,0,0.02651454322040081,,,,
356,64,0,0.023888006806373596,,,,
357,64,0,0.02195555530488491,,,,
358,64,0,0.0259860809892416,,,,
359,64,0,0.026213735342025757,,,,
360,64,0,0.022556349635124207,,,,
361,64,0,0.023323174566030502,,,,
362,64,0,0.02231106162071228,,,,
363,64,0,0.021390721201896667,,,,
364,64,0,0.02176993153989315,,,,
365,64,0,0.01981019787490368,,,,
366,64,0,0.019321464002132416,,,,
367,64,0,0.021605148911476135,,,,
368,64,0,0.024582188576459885,,,,
369,64,0,0.024038171395659447,,,,
370,64,0,0.023248067125678062,,,,
371,64,0,0.020558267831802368,,,,
372,64,0,0.02305690012872219,,,,
373,64,0,0.022007238119840622,,,,
374,64,0,0.021725095808506012,,,,
375,64,0,0.02094520442187786,,,,
376,64,0,0.021213348954916,,,,
377,64,0,0.02214348316192627,,,,
378,64,0,0.024653783068060875,,,,
379,64,0,0.024662485346198082,,,,
380,64,0,0.02530873380601406,,,,
381,64,0,0.025145141407847404,,,,
382,64,0,0.026599261909723282,,,,
383,64,0,0.021007638424634933,,,,
384,64,0,0.019522251561284065,,,,
385,64,0,0.027871619910001755,,,,
386,64,0,0.024089645594358444,,,,
387,64,0,0.02181360125541687,,,,
388,64,0,0.024166807532310486,,,,
389,64,0,0.024519875645637512,,,,
390,64,0,0.019083058461546898,,,,
391,64,0,0.021636685356497765,,,,
392,64,0,0.021399125456809998,,,,
393,64,0,0.02036478742957115,,,,
394,64,0,0.02523471973836422,,,,
395,64,0,0.021944133564829826,,,,
396,64,0,0.022618725895881653,,,,
397,64,0,0.021700426936149597,,,,
398,64,0,0.021793534979224205,,,,
399,64,0,0.028360983356833458,,,,
400,64,0,0.024069231003522873,,,,
401,64,0,0.020551372319459915,,,,
402,64,0,0.02868659794330597,,,,
403,64,0,0.03018168732523918,,,,
404,64,0,0.026428788900375366,,,,
405,64,0,0.032182641327381134,,,,
406,64,0,0.033992230892181396,,,,
407,64,0,0.025509437546133995,,,,
408,64,0,0.028981726616621017,,,,
409,64,0,0.02579549513757229,,,,
410,64,0,0.02304445579648018,,,,
411,64,0,0.02892538532614708,,,,
412,64,0,0.02399393543601036,,,,
413,64,0,0.028338365256786346,,,,
414,64,0,0.024816354736685753,,,,
415,64,0,0.02559024840593338,,,,
416,64,0,0.021998342126607895,,,,
417,64,0,0.0260067880153656,,,,
418,64,0,0.023192068561911583,,,,
419,64,0,0.022485312074422836,,,,
420,64,0,0.02634500525891781,,,,
421,64,0,0.02229234389960766,,,,
422,64,0,0.025207027792930603,,,,
423,64,0,0.025817690417170525,,,,
424,64,0,0.02043488621711731,,,,
425,64,0,0.023853849619627,,,,
426,64,0,0.0237436443567276,,,,
427,64,0,0.023203279823064804,,,,
428,64,0,0.02251628041267395,,,,
429,64,0,0.024047892540693283,,,,
430,64,0,0.02140311896800995,,,,
431,64,0,0.02272356115281582,,,,
432,64,0,0.022866323590278625,,,,
433,64,0,0.022508209571242332,,,,
434,64,0,0.027267824858427048,,,,
435,64,0,0.026296300813555717,,,,
436,64,0,0.02810245007276535,,,,
437,64,0,0.025661703199148178,,,,
438,64,0,0.02321985363960266,,,,
439,64,0,0.02861667424440384,,,,
440,64,0,0.023951968178153038,,,,
441,64,0,0.02016746625304222,,,,
442,64,0,0.026966113597154617,,,,
443,64,0,0.020744530484080315,,,,
444,64,0,0.022747691720724106,,,,
445,64,0,0.0233592689037323,,,,
446,64,0,0.02351893112063408,,,,
447,64,0,0.0247279591858387,,,,
448,64,0,0.026840632781386375,,,,
449,64,0,0.02509567141532898,,,,
450,64,0,0.021747266873717308,,,,
451,64,0,0.022351767867803574,,,,
452,64,0,0.022812891751527786,,,,
453,64,0,0.020962320268154144,,,,
454,64,0,0.022128239274024963,,,,
455,64,0,0.0237194262444973,,,,
456,64,0,0.02190016582608223,,,,
457,64,0,0.023385269567370415,,,,
458,64,0,0.023530971258878708,,,,
459,64,0,0.019302064552903175,,,,
460,64,0,0.021255573257803917,,,,
461,64,0,0.020671695470809937,,,,
462,64,0,0.021847082301974297,,,,
463,64,0,0.020817318931221962,,,,
464,64,0,0.020325418561697006,,,,
465,64,0,0.025040175765752792,,,,
466,64,0,0.019799666479229927,,,,
467,64,0,0.020472729578614235,,,,
468,64,0,0.0233343243598938,,,,
469,64,0,0.021113932132720947,,,,
470,64,0,0.02316123992204666,,,,
471,64,0,0.020113198086619377,,,,
472,64,0,0.01758561283349991,,,,
473,64,0,0.020407166332006454,,,,
474,64,0,0.019780509173870087,,,,
475,64,0,0.02198151871562004,,,,
476,64,0,0.028047844767570496,,,,
477,64,0,0.02331748604774475,,,,
478,64,0,0.023632405325770378,,,,
479,64,0,0.02323259972035885,,,,
480,64,0,0.022166823968291283,,,,
481,64,0,0.022913089022040367,,,,
482,64,0,0.022643689066171646,,,,
483,64,0,0.020532891154289246,,,,
484,64,0,0.021975306794047356,,,,
485,64,0,0.022815141826868057,,,,
486,64,0,0.024537010118365288,,,,
487,64,0,0.023698262870311737,,,,
488,64,0,0.022793233394622803,,,,
489,64,0,0.024848543107509613,,,,
490,64,0,0.018733343109488487,,,,
491,64,0,0.021558985114097595,,,,
492,64,0,0.022531330585479736,,,,
493,64,0,0.023534586653113365,,,,
494,64,0,0.021969851106405258,,,,
495,64,0,0.023197203874588013,,,,
496,64,0,0.022281020879745483,,,,
497,64,0,0.01911359652876854,,,,
498,64,0,0.02289154753088951,,,,
499,64,0,0.01697719842195511,,,,
500,64,0,0.019305182620882988,,,,
501,64,0,0.024066230282187462,,,,
502,64,0,0.01922908052802086,,,,
503,64,0,0.019722815603017807,,,,
504,64,0,0.021768704056739807,,,,
505,64,0,0.02300455793738365,,,,
506,64,0,0.019424784928560257,,,,
507,64,0,0.025532513856887817,,,,
508,64,0,0.020047685131430626,,,,
509,64,0,0.022280601784586906,,,,
510,64,0,0.022433742880821228,,,,
511,64,0,0.022678684443235397,,,,
512,64,0,0.021507561206817627,,,,
513,64,0,0.0233435221016407,,,,
514,64,0,0.024002041667699814,,,,
515,64,0,0.025041578337550163,,,,
516,64,0,0.021854711696505547,,,,
517,64,0,0.02004980482161045,,,,
518,64,0,0.02035519853234291,,,,
519,64,0,0.021363889798521996,,,,
520,64,0,0.019733507186174393,,,,
521,64,0,0.022140081971883774,,,,
522,64,0,0.01821182668209076,,,,
523,64,0,0.019450947642326355,,,,
524,64,0,0.0210484117269516,,,,
525,64,0,0.022302960976958275,,,,
526,64,0,0.022489208728075027,,,,
527,64,0,0.022556498646736145,,,,
528,64,0,0.02579805627465248,,,,
529,64,0,0.020009491592645645,,,,
530,64,0,0.023365071043372154,,,,
531,64,0,0.021082406863570213,,,,
532,64,0,0.019724832847714424,,,,
533,64,0,0.02372038923203945,,,,
534,64,0,0.01774682104587555,,,,
535,64,0,0.02378952130675316,,,,
536,64,0,0.01590690389275551,,,,
537,64,0,0.021306335926055908,,,,
538,64,0,0.019274331629276276,,,,
539,64,0,0.019706621766090393,,,,
540,64,0,0.020986318588256836,,,,
541,64,0,0.01838671788573265,,,,
542,64,0,0.024891730397939682,,,,
543,64,0,0.0240592360496521,,,,
544,64,0,0.02223759889602661,,,,
545,64,0,0.0205095037817955,,,,
546,64,0,0.018692854791879654,,,,
547,64,0,0.019831720739603043,,,,
548,64,0,0.020990822464227676,,,,
549,64,0,0.02145317755639553,,,,
550,64,0,0.023425286635756493,,,,
551,64,0,0.02152695134282112,,,,
552,64,0,0.018656723201274872,,,,
553,64,0,0.020496170967817307,,,,
554,64,0,0.02058001421391964,,,,
555,64,0,0.022369608283042908,,,,
556,64,0,0.02244284376502037,,,,
557,64,0,0.02267233096063137,,,,
558,64,0,0.01997591182589531,,,,
559,64,0,0.017504489049315453,,,,
560,64,0,0.02128366380929947,,,,
561,64,0,0.018864423036575317,,,,
562,64,0,0.017529385164380074,,,,
563,64,0,0.019402511417865753,,,,
564,64,0,0.017554420977830887,,,,
565,64,0,0.017916057258844376,,,,
566,64,0,0.02105984091758728,,,,
567,64,0,0.02245103381574154,,,,
568,64,0,0.018270866945385933,,,,
569,64,0,0.02223169431090355,,,,
570,64,0,0.022407082840800285,,,,
571,64,0,0.022433465346693993,,,,
572,64,0,0.021979164332151413,,,,
573,64,0,0.022312600165605545,,,,
574,64,0,0.020903330296278,,,,
575,64,0,0.020823150873184204,,,,
576,64,0,0.019214218482375145,,,,
577,64,0,0.01775376871228218,,,,
578,64,0,0.022434715181589127,,,,
579,64,0,0.025275301188230515,,,,
580,64,0,0.02034144103527069,,,,
581,64,0,0.01699141040444374,,,,
582,64,0,0.019122296944260597,,,,
583,64,0,0.017293810844421387,,,,
584,64,0,0.021689146757125854,,,,
585,64,0,0.01789756305515766,,,,
586,64,0,0.02071370743215084,,,,
587,64,0,0.0188581645488739,,,,
588,64,0,0.017373928800225258,,,,
589,64,0,0.018965428695082664,,,,
590,64,0,0.024428725242614746,,,,
591,64,0,0.018777482211589813,,,,
592,64,0,0.01698141358792782,,,,
593,64,0,0.0216499175876379,,,,
594,64,0,0.017851512879133224,,,,
595,64,0,0.022205356508493423,,,,
596,64,0,0.018813861533999443,,,,
597,64,0,0.01953696273267269,,,,
598,64,0,0.018470128998160362,,,,
599,64,0,0.018302541226148605,,,,
600,64,0,0.01836782693862915,,,,
601,64,0,0.01866978220641613,,,,
602,64,0,0.02243424952030182,,,,
603,64,0,0.020105695351958275,,,,
604,64,0,0.02251145802438259,,,,
605,64,0,0.01805942878127098,,,,
606,64,0,0.018229734152555466,,,,
607,64,0,0.020032973960042,,,,
608,64,0,0.01841510459780693,,,,
609,64,0,0.02016305737197399,,,,
610,64,0,0.021169357001781464,,,,
611,64,0,0.022470606490969658,,,,
612,64,0,0.018215114250779152,,,,
613,64,0,0.02080884575843811,,,,
614,64,0,0.022944476455450058,,,,
615,64,0,0.021773112937808037,,,,
616,64,0,0.01983342319726944,,,,
617,64,0,0.02112642489373684,,,,
618,64,0,0.019232193008065224,,,,
619,64,0,0.021035371348261833,,,,
620,64,0,0.023616408929228783,,,,
621,64,0,0.01878705620765686,,,,
622,64,0,0.020551227033138275,,,,
623,64,0,0.01966581679880619,,,,
624,64,0,0.02275746688246727,,,,
625,64,0,0.020419763401150703,,,,
626,64,0,0.02295815944671631,,,,
627,64,0,0.018732542172074318,,,,
628,64,0,0.020305559039115906,,,,
629,64,0,0.01699044741690159,,,,
630,64,0,0.02015073597431183,,,,
631,64,0,0.02057391032576561,,,,
632,64,0,0.017132781445980072,,,,
633,64,0,0.021346766501665115,,,,
634,64,0,0.01711316965520382,,,,
635,64,0,0.018260784447193146,,,,
636,64,0,0.020551346242427826,,,,
637,64,0,0.023703452199697495,,,,
638,64,0,0.018856750801205635,,,,
639,64,0,0.017981864511966705,,,,
640,64,0,0.020053232088685036,,,,
641,64,0,0.01847011223435402,,,,
642,64,0,0.02296317182481289,,,,
643,64,0,0.020694348961114883,,,,
644,64,0,0.018786024302244186,,,,
645,64,0,0.01698145642876625,,,,
646,64,0,0.02096889540553093,,,,
647,64,0,0.01994287222623825,,,,
648,64,0,0.018775520846247673,,,,
649,64,0,0.019480640068650246,,,,
650,64,0,0.020764824002981186,,,,
651,64,0,0.01859467849135399,,,,
652,64,0,0.01782820001244545,,,,
653,64,0,0.021961016580462456,,,,
654,64,0,0.018183507025241852,,,,
655,64,0,0.020267924293875694,,,,
656,64,0,0.02262960933148861,,,,
657,64,0,0.018210824579000473,,,,
658,64,0,0.017361268401145935,,,,
659,64,0,0.020355211570858955,,,,
660,64,0,0.024393249303102493,,,,
661,64,0,0.019262414425611496,,,,
662,64,0,0.018956772983074188,,,,
663,64,0,0.01823951117694378,,,,
664,64,0,0.021355753764510155,,,,
665,64,0,0.019620846956968307,,,,
666,64,0,0.017241284251213074,,,,
667,64,0,0.017169661819934845,,,,
668,64,0,0.0190226249396801,,,,
669,64,0,0.02074631303548813,,,,
670,64,0,0.016714148223400116,,,,
671,64,0,0.02160080336034298,,,,
672,64,0,0.019162818789482117,,,,
673,64,0,0.02225516363978386,,,,
674,64,0,0.018581833690404892,,,,
675,64,0,0.019375015050172806,,,,
676,64,0,0.019746460020542145,,,,
677,64,0,0.01878998801112175,,,,
678,64,0,0.01680903695523739,,,,
679,64,0,0.0191694013774395,,,,
680,64,0,0.01781657338142395,,,,
681,64,0,0.01638653874397278,,,,
682,64,0,0.019603371620178223,,,,
683,64,0,0.019499128684401512,,,,
684,64,0,0.021942175924777985,,,,
685,64,0,0.015691058710217476,,,,
686,64,0,0.02110687457025051,,,,
687,64,0,0.020559821277856827,,,,
688,64,0,0.01823590323328972,,,,
689,64,0,0.02067471295595169,,,,
690,64,0,0.019311977550387383,,,,
691,64,0,0.021256333217024803,,,,
692,64,0,0.023776520043611526,,,,
693,64,0,0.022381644695997238,,,,
694,64,0,0.021654685959219933,,,,
695,64,0,0.02067624032497406,,,,
696,64,0,0.022118976339697838,,,,
697,64,0,0.018762296065688133,,,,
698,64,0,0.024299394339323044,,,,
699,64,0,0.017940355464816093,,,,
700,64,0,0.02358052134513855,,,,
701,64,0,0.015895891934633255,,,,
702,64,0,0.01726686954498291,,,,
703,64,0,0.019033171236515045,,,,
704,64,0,0.021732812747359276,,,,
705,64,0,0.020714489743113518,,,,
706,64,0,0.020778926089406013,,,,
707,64,0,0.019301779568195343,,,,
708,64,0,0.017488446086645126,,,,
709,64,0,0.019413527101278305,,,,
710,64,0,0.020376648753881454,,,,
711,64,0,0.018949149176478386,,,,
712,64,0,0.019068721681833267,,,,
713,64,0,0.01919407770037651,,,,
714,64,0,0.020331760868430138,,,,
715,64,0,0.0158592090010643,,,,
716,64,0,0.020015137270092964,,,,
717,64,0,0.02384420484304428,,,,
718,64,0,0.018676623702049255,,,,
719,64,0,0.018856128677725792,,,,
720,64,0,0.01983550563454628,,,,
721,64,0,0.01576639711856842,,,,
722,64,0,0.018473686650395393,,,,
723,64,0,0.01916128769516945,,,,
724,64,0,0.01615094393491745,,,,
725,64,0,0.02097732573747635,,,,
726,64,0,0.01503740530461073,,,,
727,64,0,0.016453808173537254,,,,
728,64,0,0.01875726878643036,,,,
729,64,0,0.017653141170740128,,,,
730,64,0,0.018330128863453865,,,,
731,64,0,0.018462182953953743,,,,
732,64,0,0.016007592901587486,,,,
733,64,0,0.01797468028962612,,,,
734,64,0,0.01807289570569992,,,,
735,64,0,0.01588519476354122,,,,
736,64,0,0.018987037241458893,,,,
737,64,0,0.017604436725378036,,,,
738,64,0,0.019607465714216232,,,,
739,64,0,0.019941668957471848,,,,
740,64,0,0.023532789200544357,,,,
741,64,0,0.018364375457167625,,,,
742,64,0,0.019753240048885345,,,,
743,64,0,0.021959982812404633,,,,
744,64,0,0.01779007725417614,,,,
745,64,0,0.01992347091436386,,,,
746,64,0,0.020411144942045212,,,,
747,64,0,0.02299303375184536,,,,
748,64,0,0.020900700241327286,,,,
749,64,0,0.01992778480052948,,,,
750,64,0,0.020811952650547028,,,,
751,64,0,0.017120664939284325,,,,
752,64,0,0.024396594613790512,,,,
753,64,0,0.020191557705402374,,,,
754,64,0,0.017782023176550865,,,,
755,64,0,0.017270367592573166,,,,
756,64,0,0.016422800719738007,,,,
757,64,0,0.02035164088010788,,,,
758,64,0,0.020578011870384216,,,,
759,64,0,0.016177821904420853,,,,
760,64,0,0.019032612442970276,,,,
761,64,0,0.016814090311527252,,,,
762,64,0,0.016271468251943588,,,,
763,64,0,0.018978262320160866,,,,
764,64,0,0.018630092963576317,,,,
765,64,0,0.019011443480849266,,,,
766,64,0,0.017449218779802322,,,,
767,64,0,0.01423570141196251,,,,
768,64,0,0.015327898785471916,,,,
769,64,0,0.01872837170958519,,,,
770,64,0,0.01810300163924694,,,,
771,64,0,0.01647774502635002,,,,
772,64,0,0.018333420157432556,,,,
773,64,0,0.020922057330608368,,,,
774,64,0,0.016403229907155037,,,,
775,64,0,0.017953872680664062,,,,
776,64,0,0.01633184775710106,,,,
777,64,0,0.020027760416269302,,,,
778,64,0,0.01754814013838768,,,,
779,64,0,0.023525437340140343,,,,
780,64,0,0.015795432031154633,,,,
781,64,0,0.017245164141058922,,,,
782,64,0,0.018385551869869232,,,,
783,64,0,0.019120095297694206,,,,
784,64,0,0.017503704875707626,,,,
785,64,0,0.016496999189257622,,,,
786,64,0,0.01720055378973484,,,,
787,64,0,0.01567050628364086,,,,
788,64,0,0.015491535887122154,,,,
789,64,0,0.019854359328746796,,,,
790,64,0,0.01860462874174118,,,,
791,64,0,0.017687832936644554,,,,
792,64,0,0.015667758882045746,,,,
793,64,0,0.01593698561191559,,,,
794,64,0,0.017657920718193054,,,,
795,64,0,0.017827723175287247,,,,
796,64,0,0.017728909850120544,,,,
797,64,0,0.01629394292831421,,,,
798,64,0,0.0204140767455101,,,,
799,64,0,0.016672227531671524,,,,
800,64,0,0.01712765544652939,,,,
801,64,0,0.017066961154341698,,,,
802,64,0,0.018654443323612213,,,,
803,64,0,0.016170822083950043,,,,
804,64,0,0.018634706735610962,,,,
805,64,0,0.01907341554760933,,,,
806,64,0,0.01668183133006096,,,,
807,64,0,0.017202604562044144,,,,
808,64,0,0.0183346439152956,,,,
809,64,0,0.018499761819839478,,,,
810,64,0,0.016394473612308502,,,,
811,64,0,0.018403060734272003,,,,
812,64,0,0.01944928616285324,,,,
813,64,0,0.018085448071360588,,,,
814,64,0,0.015576000325381756,,,,
815,64,0,0.017661958932876587,,,,
816,64,0,0.01626145839691162,,,,
817,64,0,0.020381353795528412,,,,
818,64,0,0.018068570643663406,,,,
819,64,0,0.01709260419011116,,,,
820,64,0,0.01761006750166416,,,,
821,64,0,0.016231954097747803,,,,
822,64,0,0.023246875032782555,,,,
823,64,0,0.022301888093352318,,,,
824,64,0,0.020469825714826584,,,,
825,64,0,0.02071964554488659,,,,
826,64,0,0.020265623927116394,,,,
827,64,0,0.016877954825758934,,,,
828,64,0,0.018943840637803078,,,,
829,64,0,0.01991892233490944,,,,
830,64,0,0.015039868652820587,,,,
831,64,0,0.015330838039517403,,,,
832,64,0,0.017187699675559998,,,,
833,64,0,0.015594287775456905,,,,
834,64,0,0.01742115616798401,,,,
835,64,0,0.017118660733103752,,,,
836,64,0,0.017362430691719055,,,,
837,64,0,0.017264284193515778,,,,
838,64,0,0.015676554292440414,,,,
839,64,0,0.01383147668093443,,,,
840,64,0,0.014737848192453384,,,,
841,64,0,0.015564905479550362,,,,
842,64,0,0.014908532612025738,,,,
843,64,0,0.019854528829455376,,,,
844,64,0,0.018683385103940964,,,,
845,64,0,0.017153233289718628,,,,
846,64,0,0.01660088263452053,,,,
847,64,0,0.015175800770521164,,,,
848,64,0,0.01599321886897087,,,,
849,64,0,0.018064038828015327,,,,
850,64,0,0.02008383348584175,,,,
851,64,0,0.016973106190562248,,,,
852,64,0,0.017943590879440308,,,,
853,64,0,0.0174579881131649,,,,
854,64,0,0.018996549770236015,,,,
855,64,0,0.019579535350203514,,,,
856,64,0,0.014083011075854301,,,,
857,64,0,0.01656092330813408,,,,
858,64,0,0.017324727028608322,,,,
859,64,0,0.018040340393781662,,,,
860,64,0,0.01858050748705864,,,,
861,64,0,0.015753034502267838,,,,
862,64,0,0.017903918400406837,,,,
863,64,0,0.01723249815404415,,,,
864,64,0,0.016582323238253593,,,,
865,64,0,0.015381459146738052,,,,
866,64,0,0.015409964136779308,,,,
867,64,0,0.016873296350240707,,,,
868,64,0,0.01859176903963089,,,,
869,64,0,0.01731078140437603,,,,
870,64,0,0.01658490113914013,,,,
871,64,0,0.02006429433822632,,,,
872,64,0,0.019909534603357315,,,,
873,64,0,0.018474537879228592,,,,
874,64,0,0.016992434859275818,,,,
875,64,0,0.01977388933300972,,,,
876,64,0,0.015788406133651733,,,,
877,64,0,0.015470854938030243,,,,
878,64,0,0.01923072338104248,,,,
879,64,0,0.01848161593079567,,,,
880,64,0,0.017433855682611465,,,,
881,64,0,0.017752856016159058,,,,
882,64,0,0.013813409022986889,,,,
883,64,0,0.018845096230506897,,,,
884,64,0,0.01660819724202156,,,,
885,64,0,0.02204122208058834,,,,
886,64,0,0.018108393996953964,,,,
887,64,0,0.017481306567788124,,,,
888,64,0,0.015082215890288353,,,,
889,64,0,0.018566500395536423,,,,
890,64,0,0.018071211874485016,,,,
891,64,0,0.016215920448303223,,,,
892,64,0,0.02021883800625801,,,,
893,64,0,0.017883598804473877,,,,
894,64,0,0.014916646294295788,,,,
895,64,0,0.017557799816131592,,,,
896,64,0,0.01884778030216694,,,,
897,64,0,0.014681195840239525,,,,
898,64,0,0.017453467473387718,,,,
899,64,0,0.016809403896331787,,,,
900,64,0,0.0163370743393898,,,,
901,64,0,0.017212634906172752,,,,
902,64,0,0.01642795093357563,,,,
903,64,0,0.01562277227640152,,,,
904,64,0,0.01943051815032959,,,,
905,64,0,0.013731740415096283,,,,
906,64,0,0.017313603311777115,,,,
907,64,0,0.01731913536787033,,,,
908,64,0,0.01585068181157112,,,,
909,64,0,0.016072845086455345,,,,
910,64,0,0.01905369758605957,,,,
911,64,0,0.016599057242274284,,,,
912,64,0,0.018731264397501945,,,,
913,64,0,0.017754122614860535,,,,
914,64,0,0.01990378461778164,,,,
915,64,0,0.018061581999063492,,,,
916,64,0,0.015881221741437912,,,,
917,64,0,0.014291155152022839,,,,
918,64,0,0.013356629759073257,,,,
919,64,0,0.01700875721871853,,,,
920,64,0,0.01603684201836586,,,,
921,64,0,0.016346056014299393,,,,
922,64,0,0.020130693912506104,,,,
923,64,0,0.015384756028652191,,,,
924,64,0,0.016953714191913605,,,,
925,64,0,0.01488435547798872,,,,
926,64,0,0.016594693064689636,,,,
927,64,0,0.016311893239617348,,,,
928,64,0,0.01761796325445175,,,,
929,64,0,0.015578186139464378,,,,
930,64,0,0.017699047923088074,,,,
931,64,0,0.020597806200385094,,,,
932,64,0,0.016482701525092125,,,,
933,64,0,0.01708964630961418,,,,
934,64,0,0.019586777314543724,,,,
935,64,0,0.01447626855224371,,,,
936,64,0,0.0186430886387825,,,,
937,64,0,0.01541596557945013,,,,
938,64,0,0.016476847231388092,,,,
939,64,0,0.01789076253771782,,,,
940,64,0,0.017426520586013794,,,,
941,64,0,0.01636635512113571,,,,
942,64,0,0.017959989607334137,,,,
943,64,0,0.018461458384990692,,,,
944,64,0,0.018770694732666016,,,,
945,64,0,0.018188323825597763,,,,
946,64,0,0.018511373549699783,,,,
947,64,0,0.014938178472220898,,,,
948,64,0,0.017597973346710205,,,,
949,64,0,0.01683085598051548,,,,
950,64,0,0.01738506369292736,,,,
951,64,0,0.015721864998340607,,,,
952,64,0,0.018660731613636017,,,,
953,64,0,0.01695127785205841,,,,
954,64,0,0.017250869423151016,,,,
955,64,0,0.01385062001645565,,,,
956,64,0,0.017301637679338455,,,,
957,64,0,0.014221720397472382,,,,
958,64,0,0.014463307335972786,,,,
959,64,0,0.01670907437801361,,,,
960,64,0,0.017098598182201385,,,,
961,64,0,0.01801878586411476,,,,
962,64,0,0.014346393756568432,,,,
963,64,0,0.016690991818904877,,,,
964,64,0,0.01841130666434765,,,,
965,64,0,0.015301480889320374,,,,
966,64,0,0.01696040853857994,,,,
967,64,0,0.015351819805800915,,,,
968,64,0,0.015719778835773468,,,,
969,64,0,0.01908227615058422,,,,
970,64,0,0.015536132268607616,,,,
971,64,0,0.017600221559405327,,,,
972,64,0,0.018504973500967026,,,,
973,64,0,0.01885906234383583,,,,
974,64,0,0.019031478092074394,,,,
975,64,0,0.017170775681734085,,,,
976,64,0,0.018955528736114502,,,,
977,64,0,0.01595795713365078,,,,
978,64,0,0.01687486469745636,,,,
979,64,0,0.01596992276608944,,,,
980,64,0,0.01856902241706848,,,,
981,64,0,0.015947530046105385,,,,
982,64,0,0.014269995503127575,,,,
983,64,0,0.017941396683454514,,,,
984,64,0,0.015637662261724472,,,,
985,64,0,0.018452562391757965,,,,
986,64,0,0.016909681260585785,,,,
987,64,0,0.016184169799089432,,,,
988,64,0,0.016404910013079643,,,,
989,64,0,0.016692444682121277,,,,
990,64,0,0.01502813957631588,,,,
991,64,0,0.015547709539532661,,,,
992,64,0,0.017818009480834007,,,,
993,64,0,0.015491118654608727,,,,
994,64,0,0.015759078785777092,,,,
995,64,0,0.015266522765159607,,,,
996,64,0,0.01622493378818035,,,,
997,64,0,0.017684219405055046,,,,
998,64,0,0.01575024239718914,,,,
999,64,0,0.015267135575413704,,,,
1000,64,0,0.013935173861682415,,0.01673238096322785,0.561033580497957,18.60831863155554
1001,64,0,0.01639140583574772,,,,
1002,64,0,0.01764596626162529,,,,
1003,64,0,0.016194889321923256,,,,
1004,64,0,0.015924669802188873,,,,
1005,64,0,0.01740623451769352,,,,
1006,64,0,0.015478747896850109,,,,
1007,64,0,0.016742117702960968,,,,
1008,64,0,0.016019944101572037,,,,
1009,64,0,0.015392149798572063,,,,
1010,64,0,0.016752932220697403,,,,
1011,64,0,0.01671353541314602,,,,
1012,64,0,0.015321509912610054,,,,
1013,64,0,0.01772652380168438,,,,
1014,64,0,0.014330917969346046,,,,
1015,64,0,0.017005059868097305,,,,
1016,64,0,0.017234038561582565,,,,
1017,64,0,0.015595155768096447,,,,
1018,64,0,0.0156019888818264,,,,
1019,64,0,0.017596889287233353,,,,
1020,64,0,0.01530937384814024,,,,
1021,64,0,0.01941259205341339,,,,
1022,64,0,0.018153049051761627,,,,
1023,64,0,0.017807461321353912,,,,
1024,64,0,0.018105167895555496,,,,
1025,64,0,0.017964567989110947,,,,
1026,64,0,0.018160147592425346,,,,
1027,64,0,0.012300270609557629,,,,
1028,64,0,0.014110831543803215,,,,
1029,64,0,0.017285894602537155,,,,
1030,64,0,0.017105817794799805,,,,
1031,64,0,0.019756311550736427,,,,
1032,64,0,0.016255460679531097,,,,
1033,64,0,0.014220724813640118,,,,
1034,64,0,0.0163396168500185,,,,
1035,64,0,0.017477573826909065,,,,
1036,64,0,0.015095553360879421,,,,
1037,64,0,0.02391776442527771,,,,
1038,64,0,0.01484853308647871,,,,
1039,64,0,0.014967476949095726,,,,
1040,64,0,0.013981623575091362,,,,
1041,64,0,0.019902611151337624,,,,
1042,64,0,0.017865851521492004,,,,
1043,64,0,0.015994668006896973,,,,
1044,64,0,0.020368242636322975,,,,
1045,64,0,0.01942913420498371,,,,
1046,64,0,0.015797346830368042,,,,
1047,64,0,0.015224354341626167,,,,
1048,64,0,0.02222336083650589,,,,
1049,64,0,0.01550661027431488,,,,
1050,64,0,0.015704050660133362,,,,
1051,64,0,0.016641220077872276,,,,
1052,64,0,0.01619289070367813,,,,
1053,64,0,0.01398447435349226,,,,
1054,64,0,0.018328048288822174,,,,
1055,64,0,0.01905703917145729,,,,
1056,64,0,0.016070345416665077,,,,
1057,64,0,0.016012540087103844,,,,
1058,64,0,0.01506345346570015,,,,
1059,64,0,0.01773425191640854,,,,
1060,64,0,0.016371658071875572,,,,
1061,64,0,0.0198923759162426,,,,
1062,64,0,0.013571707531809807,,,,
1063,64,0,0.016696231439709663,,,,
1064,64,0,0.01642608270049095,,,,
1065,64,0,0.014621248468756676,,,,
1066,64,0,0.017248060554265976,,,,
1067,64,0,0.014607608318328857,,,,
1068,64,0,0.016926249489188194,,,,
1069,64,0,0.01595434918999672,,,,
1070,64,0,0.014035235159099102,,,,
1071,64,0,0.014993194490671158,,,,
1072,64,0,0.017013654112815857,,,,
1073,64,0,0.015445033088326454,,,,
1074,64,0,0.015685059130191803,,,,
1075,64,0,0.017060335725545883,,,,
1076,64,0,0.014943662099540234,,,,
1077,64,0,0.016923774033784866,,,,
1078,64,0,0.017527125775814056,,,,
1079,64,0,0.015643207356333733,,,,
1080,64,0,0.017348432913422585,,,,
1081,64,0,0.01478826254606247,,,,
1082,64,0,0.016637586057186127,,,,
1083,64,0,0.01459446083754301,,,,
1084,64,0,0.016289837658405304,,,,
1085,64,0,0.017152464017271996,,,,
1086,64,0,0.0154385631904006,,,,
1087,64,0,0.01766717992722988,,,,
1088,64,0,0.019307222217321396,,,,
1089,64,0,0.0150912469252944,,,,
1090,64,0,0.018656468018889427,,,,
1091,64,0,0.017003286629915237,,,,
1092,64,0,0.014742186293005943,,,,
1093,64,0,0.014687645249068737,,,,
1094,64,0,0.016462279483675957,,,,
1095,64,0,0.01694462262094021,,,,
1096,64,0,0.01678842306137085,,,,
1097,64,0,0.014779312536120415,,,,
1098,64,0,0.015748387202620506,,,,
1099,64,0,0.014731782488524914,,,,
1100,64,0,0.01350692193955183,,,,
1101,64,0,0.0157157089561224,,,,
1102,64,0,0.01687413640320301,,,,
1103,64,0,0.01612238399684429,,,,
1104,64,0,0.015412694774568081,,,,
1105,64,0,0.01945761777460575,,,,
1106,64,0,0.015276889316737652,,,,
1107,64,0,0.01932559534907341,,,,
1108,64,0,0.013825113885104656,,,,
1109,64,0,0.018775593489408493,,,,
1110,64,0,0.016897626221179962,,,,
1111,64,0,0.01645287685096264,,,,
1112,64,0,0.01833520084619522,,,,
1113,64,0,0.01267009973526001,,,,
1114,64,0,0.01713835820555687,,,,
1115,64,0,0.018567604944109917,,,,
1116,64,0,0.01704433187842369,,,,
1117,64,0,0.018437638878822327,,,,
1118,64,0,0.015340087935328484,,,,
1119,64,0,0.01558536197990179,,,,
1120,64,0,0.015530954115092754,,,,
1121,64,0,0.01690516248345375,,,,
1122,64,0,0.01778673753142357,,,,
1123,64,0,0.01672028750181198,,,,
1124,64,0,0.01644381880760193,,,,
1125,64,0,0.015052678994834423,,,,
1126,64,0,0.015094916336238384,,,,
1127,64,0,0.01663239300251007,,,,
1128,64,0,0.016338322311639786,,,,
1129,64,0,0.015401944518089294,,,,
1130,64,0,0.015273044817149639,,,,
1131,64,0,0.01792253740131855,,,,
1132,64,0,0.01573893427848816,,,,
1133,64,0,0.016265567392110825,,,,
1134,64,0,0.013444321230053902,,,,
1135,64,0,0.014522257260978222,,,,
1136,64,0,0.015786459669470787,,,,
1137,64,0,0.01341826468706131,,,,
1138,64,0,0.01611403189599514,,,,
1139,64,0,0.014735020697116852,,,,
1140,64,0,0.013152549974620342,,,,
1141,64,0,0.014364651404321194,,,,
1142,64,0,0.014365512877702713,,,,
1143,64,0,0.012951258569955826,,,,
1144,64,0,0.01448412798345089,,,,
1145,64,0,0.014750110916793346,,,,
1146,64,0,0.013043981045484543,,,,
1147,64,0,0.015031984075903893,,,,
1148,64,0,0.01572437211871147,,,,
1149,64,0,0.013716720044612885,,,,
1150,64,0,0.02033376507461071,,,,
1151,64,0,0.016066698357462883,,,,
1152,64,0,0.016334686428308487,,,,
1153,64,0,0.013023081235587597,,,,
1154,64,0,0.013566593639552593,,,,
1155,64,0,0.015420607291162014,,,,
1156,64,0,0.015620389953255653,,,,
1157,64,0,0.014186307787895203,,,,
1158,64,0,0.013665537349879742,,,,
1159,64,0,0.015084333717823029,,,,
1160,64,0,0.014143685810267925,,,,
1161,64,0,0.016995690762996674,,,,
1162,64,0,0.020439282059669495,,,,
1163,64,0,0.015247723087668419,,,,
1164,64,0,0.014600250869989395,,,,
1165,64,0,0.014985958114266396,,,,
1166,64,0,0.019263416528701782,,,,
1167,64,0,0.01511387899518013,,,,
1168,64,0,0.016858797520399094,,,,
1169,64,0,0.01808321848511696,,,,
1170,64,0,0.014182503335177898,,,,
1171,64,0,0.016627853736281395,,,,
1172,64,0,0.016905799508094788,,,,
1173,64,0,0.014154940843582153,,,,
1174,64,0,0.015054572373628616,,,,
1175,64,0,0.01716841757297516,,,,
1176,64,0,0.015628479421138763,,,,
1177,64,0,0.014617366716265678,,,,
1178,64,0,0.016952048987150192,,,,
1179,64,0,0.013610459864139557,,,,
1180,64,0,0.016929320991039276,,,,
1181,64,0,0.014796845614910126,,,,
1182,64,0,0.013515370897948742,,,,
1183,64,0,0.01704968698322773,,,,
1184,64,0,0.016766389831900597,,,,
1185,64,0,0.013872189447283745,,,,
1186,64,0,0.012823209166526794,,,,
1187,64,0,0.01732826605439186,,,,
1188,64,0,0.01620939001441002,,,,
1189,64,0,0.014748780056834221,,,,
1190,64,0,0.01676802709698677,,,,
1191,64,0,0.015421542339026928,,,,
1192,64,0,0.018121331930160522,,,,
1193,64,0,0.01802646741271019,,,,
1194,64,0,0.015862148255109787,,,,
1195,64,0,0.013013283722102642,,,,
1196,64,0,0.015408065170049667,,,,
1197,64,0,0.0184271689504385,,,,
1198,64,0,0.017046848312020302,,,,
1199,64,0,0.017038360238075256,,,,
1200,64,0,0.014489278197288513,,,,
1201,64,0,0.015798091888427734,,,,
1202,64,0,0.01503132563084364,,,,
1203,64,0,0.014073273167014122,,,,
1204,64,0,0.015109788626432419,,,,
1205,64,0,0.014843217097222805,,,,
1206,64,0,0.01710025779902935,,,,
1207,64,0,0.012999306432902813,,,,
1208,64,0,0.015755949541926384,,,,
1209,64,0,0.015009238384664059,,,,
1210,64,0,0.013874776661396027,,,,
1211,64,0,0.016492672264575958,,,,
1212,64,0,0.015677999705076218,,,,
1213,64,0,0.015537848696112633,,,,
1214,64,0,0.015781370922923088,,,,
1215,64,0,0.016954775899648666,,,,
1216,64,0,0.013313299976289272,,,,
1217,64,0,0.013924529775977135,,,,
1218,64,0,0.016004830598831177,,,,
1219,64,0,0.01416008174419403,,,,
1220,64,0,0.015745176002383232,,,,
1221,64,0,0.01699303276836872,,,,
1222,64,0,0.014561669901013374,,,,
1223,64,0,0.012249069288372993,,,,
1224,64,0,0.014602030627429485,,,,
1225,64,0,0.016440531238913536,,,,
1226,64,0,0.015063934028148651,,,,
1227,64,0,0.01584291271865368,,,,
1228,64,0,0.016056127846240997,,,,
1229,64,0,0.020827047526836395,,,,
1230,64,0,0.015621062368154526,,,,
1231,64,0,0.012203319929540157,,,,
1232,64,0,0.015720989555120468,,,,
1233,64,0,0.018874017521739006,,,,
1234,64,0,0.015281518921256065,,,,
1235,64,0,0.017474878579378128,,,,
1236,64,0,0.01522850152105093,,,,
1237,64,0,0.015600854530930519,,,,
1238,64,0,0.01352392416447401,,,,
1239,64,0,0.01402883231639862,,,,
1240,64,0,0.01589028537273407,,,,
1241,64,0,0.013526659458875656,,,,
1242,64,0,0.01636073738336563,,,,
1243,64,0,0.01472359150648117,,,,
1244,64,0,0.01476849615573883,,,,
1245,64,0,0.016266081482172012,,,,
1246,64,0,0.014272551983594894,,,,
1247,64,0,0.018008101731538773,,,,
1248,64,0,0.015901576727628708,,,,
1249,64,0,0.014191965572535992,,,,
1250,64,0,0.013710366562008858,,,,
1251,64,0,0.014945688657462597,,,,
1252,64,0,0.016397768631577492,,,,
1253,64,0,0.015758652240037918,,,,
1254,64,0,0.01779230497777462,,,,
1255,64,0,0.01576697640120983,,,,
1256,64,0,0.015349430963397026,,,,
1257,64,0,0.01545750256627798,,,,
1258,64,0,0.0140279745683074,,,,
1259,64,0,0.016948571428656578,,,,
1260,64,0,0.016091860830783844,,,,
1261,64,0,0.01456393301486969,,,,
1262,64,0,0.016354281455278397,,,,
1263,64,0,0.016924645751714706,,,,
1264,64,0,0.017432212829589844,,,,
1265,64,0,0.016182348132133484,,,,
1266,64,0,0.016668034717440605,,,,
1267,64,0,0.012283514253795147,,,,
1268,64,0,0.013157360255718231,,,,
1269,64,0,0.015134558081626892,,,,
1270,64,0,0.014130807481706142,,,,
1271,64,0,0.013832515105605125,,,,
1272,64,0,0.013943726196885109,,,,
1273,64,0,0.01716090738773346,,,,
1274,64,0,0.015276605263352394,,,,
1275,64,0,0.017290297895669937,,,,
1276,64,0,0.016852688044309616,,,,
1277,64,0,0.014615075662732124,,,,
1278,64,0,0.014998549595475197,,,,
1279,64,0,0.012736918404698372,,,,
1280,64,0,0.018482699990272522,,,,
1281,64,0,0.01616353914141655,,,,
1282,64,0,0.014781641773879528,,,,
1283,64,0,0.016261551529169083,,,,
1284,64,0,0.01714455895125866,,,,
1285,64,0,0.015010440722107887,,,,
1286,64,0,0.018147170543670654,,,,
1287,64,0,0.014092851430177689,,,,
1288,64,0,0.01895134523510933,,,,
1289,64,0,0.013548853807151318,,,,
1290,64,0,0.01636258140206337,,,,
1291,64,0,0.013795455917716026,,,,
1292,64,0,0.01717308908700943,,,,
1293,64,0,0.016379309818148613,,,,
1294,64,0,0.01371030043810606,,,,
1295,64,0,0.01692146807909012,,,,
1296,64,0,0.017642546445131302,,,,
1297,64,0,0.011994149535894394,,,,
1298,64,0,0.0166616290807724,,,,
1299,64,0,0.01589089073240757,,,,
1300,64,0,0.01618238165974617,,,,
1301,64,0,0.015018023550510406,,,,
1302,64,0,0.013457437977194786,,,,
1303,64,0,0.014905085787177086,,,,
1304,64,0,0.013648003339767456,,,,
1305,64,0,0.01614810898900032,,,,
1306,64,0,0.014331704005599022,,,,
1307,64,0,0.014949334785342216,,,,
1308,64,0,0.015153666958212852,,,,
1309,64,0,0.01394017692655325,,,,
1310,64,0,0.01392943225800991,,,,
1311,64,0,0.013831010088324547,,,,
1312,64,0,0.016574010252952576,,,,
1313,64,0,0.0176997147500515,,,,
1314,64,0,0.011522169224917889,,,,
1315,64,0,0.01413271576166153,,,,
1316,64,0,0.01545259915292263,,,,
1317,64,0,0.016445878893136978,,,,
1318,64,0,0.014278772287070751,,,,
1319,64,0,0.01619555614888668,,,,
1320,64,0,0.015303857624530792,,,,
1321,64,0,0.017596295103430748,,,,
1322,64,0,0.013140944764018059,,,,
1323,64,0,0.014284549281001091,,,,
1324,64,0,0.01417367160320282,,,,
1325,64,0,0.014250609092414379,,,,
1326,64,0,0.011758556589484215,,,,
1327,64,0,0.015472222119569778,,,,
1328,64,0,0.012929094955325127,,,,
1329,64,0,0.01498418115079403,,,,
1330,64,0,0.013599256984889507,,,,
1331,64,0,0.0154510997235775,,,,
1332,64,0,0.01597408577799797,,,,
1333,64,0,0.014205957762897015,,,,
1334,64,0,0.014443857595324516,,,,
1335,64,0,0.014329362660646439,,,,
1336,64,0,0.013965640217065811,,,,
1337,64,0,0.016401492059230804,,,,
1338,64,0,0.011910883709788322,,,,
1339,64,0,0.017106182873249054,,,,
1340,64,0,0.01373267825692892,,,,
1341,64,0,0.015113821253180504,,,,
1342,64,0,0.015716759487986565,,,,
1343,64,0,0.015756379812955856,,,,
1344,64,0,0.014153534546494484,,,,
1345,64,0,0.011364547535777092,,,,
1346,64,0,0.012985270470380783,,,,
1347,64,0,0.014672457240521908,,,,
1348,64,0,0.012053604237735271,,,,
1349,64,0,0.012618078850209713,,,,
1350,64,0,0.015864040702581406,,,,
1351,64,0,0.01290232315659523,,,,
1352,64,0,0.014613684266805649,,,,
1353,64,0,0.014620537869632244,,,,
1354,64,0,0.016938483342528343,,,,
1355,64,0,0.01947524957358837,,,,
1356,64,0,0.01229605358093977,,,,
1357,64,0,0.01653740368783474,,,,
1358,64,0,0.013988684862852097,,,,
1359,64,0,0.01743212342262268,,,,
1360,64,0,0.01335045974701643,,,,
1361,64,0,0.0143428985029459,,,,
1362,64,0,0.017720922827720642,,,,
1363,64,0,0.014539281837642193,,,,
1364,64,0,0.013706719502806664,,,,
1365,64,0,0.013344233855605125,,,,
1366,64,0,0.016340648755431175,,,,
1367,64,0,0.01478717289865017,,,,
1368,64,0,0.014910826459527016,,,,
1369,64,0,0.013842277228832245,,,,
1370,64,0,0.019654329866170883,,,,
1371,64,0,0.015752535313367844,,,,
1372,64,0,0.016975093632936478,,,,
1373,64,0,0.014804331585764885,,,,
1374,64,0,0.013376264832913876,,,,
1375,64,0,0.015524516813457012,,,,
1376,64,0,0.01597726158797741,,,,
1377,64,0,0.01793973334133625,,,,
1378,64,0,0.017175760120153427,,,,
1379,64,0,0.014700464904308319,,,,
1380,64,0,0.014056161046028137,,,,
1381,64,0,0.012681777589023113,,,,
1382,64,0,0.01477416418492794,,,,
1383,64,0,0.014040417969226837,,,,
1384,64,0,0.015736375004053116,,,,
1385,64,0,0.014648891054093838,,,,
1386,64,0,0.014770287089049816,,,,
1387,64,0,0.012614337727427483,,,,
1388,64,0,0.015213750302791595,,,,
1389,64,0,0.014846100471913815,,,,
1390,64,0,0.016504157334566116,,,,
1391,64,0,0.01692642644047737,,,,
1392,64,0,0.015096786431968212,,,,
1393,64,0,0.013890240341424942,,,,
1394,64,0,0.018059704452753067,,,,
1395,64,0,0.016771435737609863,,,,
1396,64,0,0.016568638384342194,,,,
1397,64,0,0.015930794179439545,,,,
1398,64,0,0.017088070511817932,,,,
1399,64,0,0.01314033567905426,,,,
1400,64,0,0.013940880075097084,,,,
1401,64,0,0.01670842245221138,,,,
1402,64,0,0.014967365190386772,,,,
1403,64,0,0.012568367645144463,,,,
1404,64,0,0.012501872144639492,,,,
1405,64,0,0.016024339944124222,,,,
1406,64,0,0.012800142168998718,,,,
1407,64,0,0.015144425444304943,,,,
1408,64,0,0.014762784354388714,,,,
1409,64,0,0.01444049458950758,,,,
1410,64,0,0.019066717475652695,,,,
1411,64,0,0.015006879344582558,,,,
1412,64,0,0.016224607825279236,,,,
1413,64,0,0.015752403065562248,,,,
1414,64,0,0.01573483645915985,,,,
1415,64,0,0.013466681353747845,,,,
1416,64,0,0.018437113612890244,,,,
1417,64,0,0.01548801176249981,,,,
1418,64,0,0.013606059364974499,,,,
1419,64,0,0.017314430326223373,,,,
1420,64,0,0.013992847874760628,,,,
1421,64,0,0.014569476246833801,,,,
1422,64,0,0.017266254872083664,,,,
1423,64,0,0.01769317500293255,,,,
1424,64,0,0.015073574148118496,,,,
1425,64,0,0.013722218573093414,,,,
1426,64,0,0.01830320619046688,,,,
1427,64,0,0.014688722789287567,,,,
1428,64,0,0.015621456317603588,,,,
1429,64,0,0.017888523638248444,,,,
1430,64,0,0.013749822042882442,,,,
1431,64,0,0.011917350813746452,,,,
1432,64,0,0.01525071170181036,,,,
1433,64,0,0.018102962523698807,,,,
1434,64,0,0.013067295774817467,,,,
1435,64,0,0.01478106901049614,,,,
1436,64,0,0.015169098973274231,,,,
1437,64,0,0.014663167297840118,,,,
1438,64,0,0.015777267515659332,,,,
1439,64,0,0.01305772177875042,,,,
1440,64,0,0.01648370362818241,,,,
1441,64,0,0.013805843889713287,,,,
1442,64,0,0.012806287035346031,,,,
1443,64,0,0.015043395571410656,,,,
1444,64,0,0.013629868626594543,,,,
1445,64,0,0.01455455832183361,,,,
1446,64,0,0.014557868242263794,,,,
1447,64,0,0.01775660179555416,,,,
1448,64,0,0.01296841911971569,,,,
1449,64,0,0.015671245753765106,,,,
1450,64,0,0.01380114909261465,,,,
1451,64,0,0.01570303551852703,,,,
1452,64,0,0.014945199713110924,,,,
1453,64,0,0.015816429629921913,,,,
1454,64,0,0.0158899687230587,,,,
1455,64,0,0.014482713304460049,,,,
1456,64,0,0.013362986966967583,,,,
1457,64,0,0.012650685384869576,,,,
1458,64,0,0.014653114601969719,,,,
1459,64,0,0.015752539038658142,,,,
1460,64,0,0.016664598137140274,,,,
1461,64,0,0.017535997554659843,,,,
1462,64,0,0.012334354221820831,,,,
1463,64,0,0.014934295788407326,,,,
1464,64,0,0.014331785961985588,,,,
1465,64,0,0.012555604800581932,,,,
1466,64,0,0.015265671536326408,,,,
1467,64,0,0.01423179917037487,,,,
1468,64,0,0.015877943485975266,,,,
1469,64,0,0.018151145428419113,,,,
1470,64,0,0.012330366298556328,,,,
1471,64,0,0.014159418642520905,,,,
1472,64,0,0.01315383892506361,,,,
1473,64,0,0.013205669820308685,,,,
1474,64,0,0.013228407129645348,,,,
1475,64,0,0.014915666542947292,,,,
1476,64,0,0.013124948367476463,,,,
1477,64,0,0.014598725363612175,,,,
1478,64,0,0.013587882742285728,,,,
1479,64,0,0.015338737517595291,,,,
1480,64,0,0.019000884145498276,,,,
1481,64,0,0.011185484007000923,,,,
1482,64,0,0.014395056292414665,,,,
1483,64,0,0.015532508492469788,,,,
1484,64,0,0.012535331770777702,,,,
1485,64,0,0.016010968014597893,,,,
1486,64,0,0.015563016757369041,,,,
1487,64,0,0.017311738803982735,,,,
1488,64,0,0.015427915379405022,,,,
1489,64,0,0.0165809728205204,,,,
1490,64,0,0.01301216334104538,,,,
1491,64,0,0.013108743354678154,,,,
1492,64,0,0.016911301761865616,,,,
1493,64,0,0.014011142775416374,,,,
1494,64,0,0.01734567992389202,,,,
1495,64,0,0.014479048550128937,,,,
1496,64,0,0.01318985503166914,,,,
1497,64,0,0.01430501602590084,,,,
1498,64,0,0.01296461932361126,,,,
1499,64,0,0.012478567659854889,,,,
1500,64,0,0.012486929073929787,,,,
1501,64,0,0.013982030563056469,,,,
1502,64,0,0.014487157575786114,,,,
1503,64,0,0.016366463154554367,,,,
1504,64,0,0.012836113572120667,,,,
1505,64,0,0.015130347572267056,,,,
1506,64,0,0.01816823147237301,,,,
1507,64,0,0.014767426066100597,,,,
1508,64,0,0.013372279703617096,,,,
1509,64,0,0.015333933755755424,,,,
1510,64,0,0.015174392610788345,,,,
1511,64,0,0.015482681803405285,,,,
1512,64,0,0.013859274797141552,,,,
1513,64,0,0.014966331422328949,,,,
1514,64,0,0.01648147776722908,,,,
1515,64,0,0.013511884026229382,,,,
1516,64,0,0.013220029883086681,,,,
1517,64,0,0.014308433048427105,,,,
1518,64,0,0.013332357630133629,,,,
1519,64,0,0.01419175323098898,,,,
1520,64,0,0.01226725336164236,,,,
1521,64,0,0.014329599216580391,,,,
1522,64,0,0.016856959089636803,,,,
1523,64,0,0.015876226127147675,,,,
1524,64,0,0.014317694120109081,,,,
1525,64,0,0.012723784893751144,,,,
1526,64,0,0.017662150785326958,,,,
1527,64,0,0.012644000351428986,,,,
1528,64,0,0.012824026867747307,,,,
1529,64,0,0.012876734137535095,,,,
1530,64,0,0.013029653578996658,,,,
1531,64,0,0.013570624403655529,,,,
1532,64,0,0.01624774932861328,,,,
1533,64,0,0.01649806648492813,,,,
1534,64,0,0.01710941642522812,,,,
1535,64,0,0.020175501704216003,,,,
1536,64,0,0.01727876625955105,,,,
1537,64,0,0.013603459112346172,,,,
1538,64,0,0.016169358044862747,,,,
1539,64,0,0.01738501898944378,,,,
1540,64,0,0.01205231063067913,,,,
1541,64,0,0.015666209161281586,,,,
1542,64,0,0.013547994196414948,,,,
1543,64,0,0.01808306574821472,,,,
1544,64,0,0.013717791996896267,,,,
1545,64,0,0.015218748711049557,,,,
1546,64,0,0.01379372924566269,,,,
1547,64,0,0.014537292532622814,,,,
1548,64,0,0.014282040297985077,,,,
1549,64,0,0.015479291789233685,,,,
1550,64,0,0.01843046024441719,,,,
1551,64,0,0.016070617362856865,,,,
1552,64,0,0.01476096548140049,,,,
1553,64,0,0.015142133459448814,,,,
1554,64,0,0.01623784750699997,,,,
1555,64,0,0.015565207228064537,,,,
1556,64,0,0.013037292286753654,,,,
1557,64,0,0.015771903097629547,,,,
1558,64,0,0.014988049864768982,,,,
1559,64,0,0.011851118877530098,,,,
1560,64,0,0.014694184064865112,,,,
1561,64,0,0.012965127825737,,,,
1562,64,0,0.011823824606835842,,,,
1563,64,0,0.015578432008624077,,,,
1564,64,0,0.010765137150883675,,,,
1565,64,0,0.01224442943930626,,,,
1566,64,0,0.01636936143040657,,,,
1567,64,0,0.012962697073817253,,,,
1568,64,0,0.015524931252002716,,,,
1569,64,0,0.0175749771296978,,,,
1570,64,0,0.01533505879342556,,,,
1571,64,0,0.0163457989692688,,,,
1572,64,0,0.012908062897622585,,,,
1573,64,0,0.012793861329555511,,,,
1574,64,0,0.016284778714179993,,,,
1575,64,0,0.014715105295181274,,,,
1576,64,0,0.014658570289611816,,,,
1577,64,0,0.013657420873641968,,,,
1578,64,0,0.011046144179999828,,,,
1579,64,0,0.01355749648064375,,,,
1580,64,0,0.013346399180591106,,,,
1581,64,0,0.014338260516524315,,,,
1582,64,0,0.012401171028614044,,,,
1583,64,0,0.012883509509265423,,,,
1584,64,0,0.012081372551620007,,,,
1585,64,0,0.011940926313400269,,,,
1586,64,0,0.012247505597770214,,,,
1587,64,0,0.017330704256892204,,,,
1588,64,0,0.012983066961169243,,,,
1589,64,0,0.012888546101748943,,,,
1590,64,0,0.015170497819781303,,,,
1591,64,0,0.016980241984128952,,,,
1592,64,0,0.01269511692225933,,,,
1593,64,0,0.013804454356431961,,,,
1594,64,0,0.014527879655361176,,,,
1595,64,0,0.014717241749167442,,,,
1596,64,0,0.010025551542639732,,,,
1597,64,0,0.012775935232639313,,,,
1598,64,0,0.013478836975991726,,,,
1599,64,0,0.01196762453764677,,,,
1600,64,0,0.015913955867290497,,,,
1601,64,0,0.01223595067858696,,,,
1602,64,0,0.01442646887153387,,,,
1603,64,0,0.012496702373027802,,,,
1604,64,0,0.014979074709117413,,,,
1605,64,0,0.013724004849791527,,,,
1606,64,0,0.015092785470187664,,,,
1607,64,0,0.013964047655463219,,,,
1608,64,0,0.01293143630027771,,,,
1609,64,0,0.014365366660058498,,,,
1610,64,0,0.011796750128269196,,,,
1611,64,0,0.011997150257229805,,,,
1612,64,0,0.012895118445158005,,,,
1613,64,0,0.013721983879804611,,,,
1614,64,0,0.01355068664997816,,,,
1615,64,0,0.012213930487632751,,,,
1616,64,0,0.015147584490478039,,,,
1617,64,0,0.011872767470777035,,,,
1618,64,0,0.01322909351438284,,,,
1619,64,0,0.013565873727202415,,,,
1620,64,0,0.013115793466567993,,,,
1621,64,0,0.012669868767261505,,,,
1622,64,0,0.012911219149827957,,,,
1623,64,0,0.01492312178015709,,,,
1624,64,0,0.011753409169614315,,,,
1625,64,0,0.013038462959229946,,,,
1626,64,0,0.013498316518962383,,,,
1627,64,0,0.012530761770904064,,,,
1628,64,0,0.012547212652862072,,,,
1629,64,0,0.013185491785407066,,,,
1630,64,0,0.012238539755344391,,,,
1631,64,0,0.01416842918843031,,,,
1632,64,0,0.01264528464525938,,,,
1633,64,0,0.012548367492854595,,,,
1634,64,0,0.012633256614208221,,,,
1635,64,0,0.014056998305022717,,,,
1636,64,0,0.014475896023213863,,,,
1637,64,0,0.01199418120086193,,,,
1638,64,0,0.015637867152690887,,,,
1639,64,0,0.01238374412059784,,,,
1640,64,0,0.015591686591506004,,,,
1641,64,0,0.013241062872111797,,,,
1642,64,0,0.013236761093139648,,,,
1643,64,0,0.013049406930804253,,,,
1644,64,0,0.013286767527461052,,,,
1645,64,0,0.011550146155059338,,,,
1646,64,0,0.0116471191868186,,,,
1647,64,0,0.012236019596457481,,,,
1648,64,0,0.015119637362658978,,,,
1649,64,0,0.01222285907715559,,,,
1650,64,0,0.013558724895119667,,,,
1651,64,0,0.011910333298146725,,,,
1652,64,0,0.014034448191523552,,,,
1653,64,0,0.011473333463072777,,,,
1654,64,0,0.014408021233975887,,,,
1655,64,0,0.012929258868098259,,,,
1656,64,0,0.01265668123960495,,,,
1657,64,0,0.01257442869246006,,,,
1658,64,0,0.014155741780996323,,,,
1659,64,0,0.009939726442098618,,,,
1660,64,0,0.012328928336501122,,,,
1661,64,0,0.011045016348361969,,,,
1662,64,0,0.013917794451117516,,,,
1663,64,0,0.014340994879603386,,,,
1664,64,0,0.011592736467719078,,,,
1665,64,0,0.012639298103749752,,,,
1666,64,0,0.014223839156329632,,,,
1667,64,0,0.0155563373118639,,,,
1668,64,0,0.013978339731693268,,,,
1669,64,0,0.01241774670779705,,,,
1670,64,0,0.015157414600253105,,,,
1671,64,0,0.016554445028305054,,,,
1672,64,0,0.012999902479350567,,,,
1673,64,0,0.014583732932806015,,,,
1674,64,0,0.014337010681629181,,,,
1675,64,0,0.014271273277699947,,,,
1676,64,0,0.01687394641339779,,,,
1677,64,0,0.01580607146024704,,,,
1678,64,0,0.012792207300662994,,,,
1679,64,0,0.014453942887485027,,,,
1680,64,0,0.013413673266768456,,,,
1681,64,0,0.012159573845565319,,,,
1682,64,0,0.01325862854719162,,,,
1683,64,0,0.0128670958802104,,,,
1684,64,0,0.012557148933410645,,,,
1685,64,0,0.013906403444707394,,,,
1686,64,0,0.016086094081401825,,,,
1687,64,0,0.013012219220399857,,,,
1688,64,0,0.014181314036250114,,,,
1689,64,0,0.012511273846030235,,,,
1690,64,0,0.012617107480764389,,,,
1691,64,0,0.011965319514274597,,,,
1692,64,0,0.011463852599263191,,,,
1693,64,0,0.010919397696852684,,,,
1694,64,0,0.01490870863199234,,,,
1695,64,0,0.011397769674658775,,,,
1696,64,0,0.012895070016384125,,,,
1697,64,0,0.013334570452570915,,,,
1698,64,0,0.011306381784379482,,,,
1699,64,0,0.01355752907693386,,,,
1700,64,0,0.0124614043161273,,,,
1701,64,0,0.013950488530099392,,,,
1702,64,0,0.014971878379583359,,,,
1703,64,0,0.013544967398047447,,,,
1704,64,0,0.014377286657691002,,,,
1705,64,0,0.013382410630583763,,,,
1706,64,0,0.014726294204592705,,,,
1707,64,0,0.010684932582080364,,,,
1708,64,0,0.01359710842370987,,,,
1709,64,0,0.01113118790090084,,,,
1710,64,0,0.012804373167455196,,,,
1711,64,0,0.012088172137737274,,,,
1712,64,0,0.014201797544956207,,,,
1713,64,0,0.010717205703258514,,,,
1714,64,0,0.012147754430770874,,,,
1715,64,0,0.011314362287521362,,,,
1716,64,0,0.014120085164904594,,,,
1717,64,0,0.012102900072932243,,,,
1718,64,0,0.011699954979121685,,,,
1719,64,0,0.010992519557476044,,,,
1720,64,0,0.012466967105865479,,,,
1721,64,0,0.016093384474515915,,,,
1722,64,0,0.012307743541896343,,,,
1723,64,0,0.012993979267776012,,,,
1724,64,0,0.01385188102722168,,,,
1725,64,0,0.0131874680519104,,,,
1726,64,0,0.014481942169368267,,,,
1727,64,0,0.010797381401062012,,,,
1728,64,0,0.012138452380895615,,,,
1729,64,0,0.009507544338703156,,,,
1730,64,0,0.01316972728818655,,,,
1731,64,0,0.013257227838039398,,,,
1732,64,0,0.012457398697733879,,,,
1733,64,0,0.013379998505115509,,,,
1734,64,0,0.014935014769434929,,,,
1735,64,0,0.013631864450871944,,,,
1736,64,0,0.013864392414689064,,,,
1737,64,0,0.013085141777992249,,,,
1738,64,0,0.013303568586707115,,,,
1739,64,0,0.012560943141579628,,,,
1740,64,0,0.011925816535949707,,,,
1741,64,0,0.012072740122675896,,,,
1742,64,0,0.013594171032309532,,,,
1743,64,0,0.0145240044221282,,,,
1744,64,0,0.013110501691699028,,,,
1745,64,0,0.011953550390899181,,,,
1746,64,0,0.01425506453961134,,,,
1747,64,0,0.012494495138525963,,,,
1748,64,0,0.012892576865851879,,,,
1749,64,0,0.015504291281104088,,,,
1750,64,0,0.010987970046699047,,,,
1751,64,0,0.013850824907422066,,,,
1752,64,0,0.013800902292132378,,,,
1753,64,0,0.012164322659373283,,,,
1754,64,0,0.011338632553815842,,,,
1755,64,0,0.013267072848975658,,,,
1756,64,0,0.012537052854895592,,,,
1757,64,0,0.011251626536250114,,,,
1758,64,0,0.013309977948665619,,,,
1759,64,0,0.01243959367275238,,,,
1760,64,0,0.011124776676297188,,,,
1761,64,0,0.010173497721552849,,,,
1762,64,0,0.013143310323357582,,,,
1763,64,0,0.01072164811193943,,,,
1764,64,0,0.01241951435804367,,,,
1765,64,0,0.012283308431506157,,,,
1766,64,0,0.012945834547281265,,,,
1767,64,0,0.013476822525262833,,,,
1768,64,0,0.011943402700126171,,,,
1769,64,0,0.01237607654184103,,,,
1770,64,0,0.012128463014960289,,,,
1771,64,0,0.013845322653651237,,,,
1772,64,0,0.01251782476902008,,,,
1773,64,0,0.00881308875977993,,,,
1774,64,0,0.010817389003932476,,,,
1775,64,0,0.014561726711690426,,,,
1776,64,0,0.011155590415000916,,,,
1777,64,0,0.011374494060873985,,,,
1778,64,0,0.012325222603976727,,,,
1779,64,0,0.012318708002567291,,,,
1780,64,0,0.013386599719524384,,,,
1781,64,0,0.010783150792121887,,,,
1782,64,0,0.015068716369569302,,,,
1783,64,0,0.014073929749429226,,,,
1784,64,0,0.012975454330444336,,,,
1785,64,0,0.013951562345027924,,,,
1786,64,0,0.012958395294845104,,,,
1787,64,0,0.013025040738284588,,,,
1788,64,0,0.01613655500113964,,,,
1789,64,0,0.011014861986041069,,,,
1790,64,0,0.014760902151465416,,,,
1791,64,0,0.012617258355021477,,,,
1792,64,0,0.013342471793293953,,,,
1793,64,0,0.014163419604301453,,,,
1794,64,0,0.014617274515330791,,,,
1795,64,0,0.01563854329288006,,,,
1796,64,0,0.01573306694626808,,,,
1797,64,0,0.015443752519786358,,,,
1798,64,0,0.013282234780490398,,,,
1799,64,0,0.011684218421578407,,,,
1800,64,0,0.013236179947853088,,,,
1801,64,0,0.01242191344499588,,,,
1802,64,0,0.011667623184621334,,,,
1803,64,0,0.01260865293443203,,,,
1804,64,0,0.014537788927555084,,,,
1805,64,0,0.013058437034487724,,,,
1806,64,0,0.012361189350485802,,,,
1807,64,0,0.013319876044988632,,,,
1808,64,0,0.013545840978622437,,,,
1809,64,0,0.015019776299595833,,,,
1810,64,0,0.010401599109172821,,,,
1811,64,0,0.009740503504872322,,,,
1812,64,0,0.01320898812264204,,,,
1813,64,0,0.011819003149867058,,,,
1814,64,0,0.012617791071534157,,,,
1815,64,0,0.011717723682522774,,,,
1816,64,0,0.012971438467502594,,,,
1817,64,0,0.013862038031220436,,,,
1818,64,0,0.01446028333157301,,,,
1819,64,0,0.011992770247161388,,,,
1820,64,0,0.015756992623209953,,,,
1821,64,0,0.013188721612095833,,,,
1822,64,0,0.010891686193645,,,,
1823,64,0,0.012250397354364395,,,,
1824,64,0,0.012105189263820648,,,,
1825,64,0,0.013382820412516594,,,,
1826,64,0,0.011905534192919731,,,,
1827,64,0,0.013617970049381256,,,,
1828,64,0,0.013592077419161797,,,,
1829,64,0,0.012579672038555145,,,,
1830,64,0,0.015365537256002426,,,,
1831,64,0,0.014833150431513786,,,,
1832,64,0,0.015730006620287895,,,,
1833,64,0,0.013777680695056915,,,,
1834,64,0,0.01302263792604208,,,,
1835,64,0,0.012824160978198051,,,,
1836,64,0,0.01421075128018856,,,,
1837,64,0,0.010943105444312096,,,,
1838,64,0,0.012761823832988739,,,,
1839,64,0,0.01589057967066765,,,,
1840,64,0,0.01369230356067419,,,,
1841,64,0,0.010240606963634491,,,,
1842,64,0,0.011844642460346222,,,,
1843,64,0,0.01027957908809185,,,,
1844,64,0,0.013200098648667336,,,,
1845,64,0,0.013256287202239037,,,,
1846,64,0,0.016520287841558456,,,,
1847,64,0,0.014345204457640648,,,,
1848,64,0,0.015034927055239677,,,,
1849,64,0,0.013172904960811138,,,,
1850,64,0,0.012467822059988976,,,,
1851,64,0,0.013453053310513496,,,,
1852,64,0,0.014299724251031876,,,,
1853,64,0,0.012751348316669464,,,,
1854,64,0,0.016156546771526337,,,,
1855,64,0,0.013799752108752728,,,,
1856,64,0,0.015217825770378113,,,,
1857,64,0,0.011305811814963818,,,,
1858,64,0,0.013488901779055595,,,,
1859,64,0,0.010442882776260376,,,,
1860,64,0,0.01423255167901516,,,,
1861,64,0,0.012849455699324608,,,,
1862,64,0,0.010484244674444199,,,,
1863,64,0,0.013224741443991661,,,,
1864,64,0,0.013940836302936077,,,,
1865,64,0,0.013248874805867672,,,,
1866,64,0,0.01211392879486084,,,,
1867,64,0,0.012812359258532524,,,,
1868,64,0,0.01601165533065796,,,,
1869,64,0,0.012819713912904263,,,,
1870,64,0,0.013861235231161118,,,,
1871,64,0,0.013762308284640312,,,,
1872,64,0,0.012047330848872662,,,,
1873,64,0,0.00967985950410366,,,,
1874,64,0,0.011622278019785881,,,,
1875,64,0,0.011783692985773087,,,,
1876,64,0,0.014355409890413284,,,,
1877,64,0,0.014709917828440666,,,,
1878,64,0,0.015716951340436935,,,,
1879,64,0,0.013467240147292614,,,,
1880,64,0,0.014836551621556282,,,,
1881,64,0,0.012725289911031723,,,,
1882,64,0,0.014851237647235394,,,,
1883,64,0,0.014959149062633514,,,,
1884,64,0,0.014239033684134483,,,,
1885,64,0,0.014374780468642712,,,,
1886,64,0,0.013635526411235332,,,,
1887,64,0,0.01096414215862751,,,,
1888,64,0,0.01286318525671959,,,,
1889,64,0,0.010557680390775204,,,,
1890,64,0,0.015178459696471691,,,,
1891,64,0,0.01404343731701374,,,,
1892,64,0,0.012110556475818157,,,,
1893,64,0,0.014838158152997494,,,,
1894,64,0,0.014430212788283825,,,,
1895,64,0,0.013545806519687176,,,,
1896,64,0,0.012159815058112144,,,,
1897,64,0,0.012559108436107635,,,,
1898,64,0,0.01212743204087019,,,,
1899,64,0,0.011930088512599468,,,,
1900,64,0,0.01132351066917181,,,,
1901,64,0,0.013520823791623116,,,,
1902,64,0,0.013332466594874859,,,,
1903,64,0,0.012551603838801384,,,,
1904,64,0,0.01269080862402916,,,,
1905,64,0,0.011622819118201733,,,,
1906,64,0,0.013435031287372112,,,,
1907,64,0,0.012473214417696,,,,
1908,64,0,0.015595057979226112,,,,
1909,64,0,0.01637439988553524,,,,
1910,64,0,0.011443939059972763,,,,
1911,64,0,0.01534600555896759,,,,
1912,64,0,0.01262231171131134,,,,
1913,64,0,0.014155793003737926,,,,
1914,64,0,0.01258989330381155,,,,
1915,64,0,0.013518549501895905,,,,
1916,64,0,0.014506623148918152,,,,
1917,64,0,0.012257782742381096,,,,
1918,64,0,0.013361137360334396,,,,
1919,64,0,0.015871865674853325,,,,
1920,64,0,0.02024422585964203,,,,
1921,64,0,0.014449788257479668,,,,
1922,64,0,0.014756309799849987,,,,
1923,64,0,0.018434008583426476,,,,
1924,64,0,0.01302495226264,,,,
1925,64,0,0.014753017574548721,,,,
1926,64,0,0.012627440504729748,,,,
1927,64,0,0.012195325456559658,,,,
1928,64,0,0.01438959315419197,,,,
1929,64,0,0.013873240910470486,,,,
1930,64,0,0.010841908864676952,,,,
1931,64,0,0.013415215536952019,,,,
1932,64,0,0.015565547160804272,,,,
1933,64,0,0.010310480371117592,,,,
1934,64,0,0.013910054229199886,,,,
1935,64,0,0.014081439934670925,,,,
1936,64,0,0.012489289045333862,,,,
1937,64,0,0.013172665610909462,,,,
1938,64,0,0.012002307921648026,,,,
1939,64,0,0.015446268022060394,,,,
1940,64,0,0.011129080317914486,,,,
1941,64,0,0.012458942830562592,,,,
1942,64,0,0.013840715400874615,,,,
1943,64,0,0.013119114562869072,,,,
1944,64,0,0.011225043796002865,,,,
1945,64,0,0.013666955754160881,,,,
1946,64,0,0.013258092105388641,,,,
1947,64,0,0.013237177394330502,,,,
1948,64,0,0.012276707217097282,,,,
1949,64,0,0.012590019032359123,,,,
1950,64,0,0.01376168429851532,,,,
1951,64,0,0.01522902213037014,,,,
1952,64,0,0.01200935523957014,,,,
1953,64,0,0.014392162673175335,,,,
1954,64,0,0.011901511810719967,,,,
1955,64,0,0.01588977687060833,,,,
1956,64,0,0.009954961948096752,,,,
1957,64,0,0.01663702167570591,,,,
1958,64,0,0.011888936161994934,,,,
1959,64,0,0.010417765006422997,,,,
1960,64,0,0.012339912354946136,,,,
1961,64,0,0.010593335144221783,,,,
1962,64,0,0.016242407262325287,,,,
1963,64,0,0.017151355743408203,,,,
1964,64,0,0.011636651121079922,,,,
1965,64,0,0.013734931126236916,,,,
1966,64,0,0.01046277116984129,,,,
1967,64,0,0.011235063895583153,,,,
1968,64,0,0.01038461271673441,,,,
1969,64,0,0.012049829587340355,,,,
1970,64,0,0.013596422038972378,,,,
1971,64,0,0.010534102097153664,,,,
1972,64,0,0.00963724683970213,,,,
1973,64,0,0.010491053573787212,,,,
1974,64,0,0.01274834107607603,,,,
1975,64,0,0.01166604831814766,,,,
1976,64,0,0.011434357613325119,,,,
1977,64,0,0.011998857371509075,,,,
1978,64,0,0.011991466395556927,,,,
1979,64,0,0.012211575172841549,,,,
1980,64,0,0.012135813944041729,,,,
1981,64,0,0.01365529652684927,,,,
1982,64,0,0.014200933277606964,,,,
1983,64,0,0.012006903998553753,,,,
1984,64,0,0.012427961453795433,,,,
1985,64,0,0.013037568889558315,,,,
1986,64,0,0.012794899754226208,,,,
1987,64,0,0.011652576737105846,,,,
1988,64,0,0.014569450169801712,,,,
1989,64,0,0.014318632893264294,,,,
1990,64,0,0.01196366362273693,,,,
1991,64,0,0.01374322734773159,,,,
1992,64,0,0.010706452652812004,,,,
1993,64,0,0.01314515806734562,,,,
1994,64,0,0.01308287214487791,,,,
1995,64,0,0.013118404895067215,,,,
1996,64,0,0.013054220005869865,,,,
1997,64,0,0.011068854480981827,,,,
1998,64,0,0.013105939142405987,,,,
1999,64,0,0.01051519624888897,,,,
2000,64,0,0.012770744040608406,,0.01317806340793663,0.6440222800373848,19.759474052136557
2001,64,0,0.014782179147005081,,,,
2002,64,0,0.01069483533501625,,,,
2003,64,0,0.0146748973056674,,,,
2004,64,0,0.011565018445253372,,,,
2005,64,0,0.013222476467490196,,,,
2006,64,0,0.010484274476766586,,,,
2007,64,0,0.011859270744025707,,,,
2008,64,0,0.012653008103370667,,,,
2009,64,0,0.01128465961664915,,,,
2010,64,0,0.012751691043376923,,,,
2011,64,0,0.015316063538193703,,,,
2012,64,0,0.013196485117077827,,,,
2013,64,0,0.014627818018198013,,,,
2014,64,0,0.010753573849797249,,,,
2015,64,0,0.013558118604123592,,,,
2016,64,0,0.013754656538367271,,,,
2017,64,0,0.01216740719974041,,,,
2018,64,0,0.012812033295631409,,,,
2019,64,0,0.013552668504416943,,,,
2020,64,0,0.010401850566267967,,,,
2021,64,0,0.016586165875196457,,,,
2022,64,0,0.013666173443198204,,,,
2023,64,0,0.012915190309286118,,,,
2024,64,0,0.013828675262629986,,,,
2025,64,0,0.013987276703119278,,,,
2026,64,0,0.011687835678458214,,,,
2027,64,0,0.011612758040428162,,,,
2028,64,0,0.013066793791949749,,,,
2029,64,0,0.011787556111812592,,,,
2030,64,0,0.014008468016982079,,,,
2031,64,0,0.014532044529914856,,,,
2032,64,0,0.012156139127910137,,,,
2033,64,0,0.0131381182000041,,,,
2034,64,0,0.012437700293958187,,,,
2035,64,0,0.013234447687864304,,,,
2036,64,0,0.012937668710947037,,,,
2037,64,0,0.013003270141780376,,,,
2038,64,0,0.016979781910777092,,,,
2039,64,0,0.014068873599171638,,,,
2040,64,0,0.011926594190299511,,,,
2041,64,0,0.013416818343102932,,,,
2042,64,0,0.014402932487428188,,,,
2043,64,0,0.012004151940345764,,,,
2044,64,0,0.010453134775161743,,,,
2045,64,0,0.013480628840625286,,,,
2046,64,0,0.009656963869929314,,,,
2047,64,0,0.014254617504775524,,,,
2048,64,0,0.013989720493555069,,,,
2049,64,0,0.0131097212433815,,,,
2050,64,0,0.011882973834872246,,,,
2051,64,0,0.012229538522660732,,,,
2052,64,0,0.012443175539374352,,,,
2053,64,0,0.014927374199032784,,,,
2054,64,0,0.013037161901593208,,,,
2055,64,0,0.0104146059602499,,,,
2056,64,0,0.01526336558163166,,,,
2057,64,0,0.01482699066400528,,,,
2058,64,0,0.012137087062001228,,,,
2059,64,0,0.014953335747122765,,,,
2060,64,0,0.010810344479978085,,,,
2061,64,0,0.012955429963767529,,,,
2062,64,0,0.01448028814047575,,,,
2063,64,0,0.01333201490342617,,,,
2064,64,0,0.012486403807997704,,,,
2065,64,0,0.016082370653748512,,,,
2066,64,0,0.01588950864970684,,,,
2067,64,0,0.014496726915240288,,,,
2068,64,0,0.012227736413478851,,,,
2069,64,0,0.011218218132853508,,,,
2070,64,0,0.01219754945486784,,,,
2071,64,0,0.010898174718022346,,,,
2072,64,0,0.011146239936351776,,,,
2073,64,0,0.010518079623579979,,,,
2074,64,0,0.012006893754005432,,,,
2075,64,0,0.01409092452377081,,,,
2076,64,0,0.014572817832231522,,,,
2077,64,0,0.012058231048285961,,,,
2078,64,0,0.010938875377178192,,,,
2079,64,0,0.012467414140701294,,,,
2080,64,0,0.012404385022819042,,,,
2081,64,0,0.014954576268792152,,,,
2082,64,0,0.011872289702296257,,,,
2083,64,0,0.012737075798213482,,,,
2084,64,0,0.012668679468333721,,,,
2085,64,0,0.013281072489917278,,,,
2086,64,0,0.011427104473114014,,,,
2087,64,0,0.011954685673117638,,,,
2088,64,0,0.01198241114616394,,,,
2089,64,0,0.011491147801280022,,,,
2090,64,0,0.012691162526607513,,,,
2091,64,0,0.011212911456823349,,,,
2092,64,0,0.009998639114201069,,,,
2093,64,0,0.010063867084681988,,,,
2094,64,0,0.011238537728786469,,,,
2095,64,0,0.012882660143077374,,,,
2096,64,0,0.011200213804841042,,,,
2097,64,0,0.01244768500328064,,,,
2098,64,0,0.010383502580225468,,,,
2099,64,0,0.013201599940657616,,,,
2100,64,0,0.013323354534804821,,,,
2101,64,0,0.009549802169203758,,,,
2102,64,0,0.013160161674022675,,,,
2103,64,0,0.011989932507276535,,,,
2104,64,0,0.01288631558418274,,,,
2105,64,0,0.01278028916567564,,,,
2106,64,0,0.011293448507785797,,,,
2107,64,0,0.013720217160880566,,,,
2108,64,0,0.01122723426669836,,,,
2109,64,0,0.012905379757285118,,,,
2110,64,0,0.01594497263431549,,,,
2111,64,0,0.012695416808128357,,,,
2112,64,0,0.011721460148692131,,,,
2113,64,0,0.00920960959047079,,,,
2114,64,0,0.014857364818453789,,,,
2115,64,0,0.010451252572238445,,,,
2116,64,0,0.012542234733700752,,,,
2117,64,0,0.011554716154932976,,,,
2118,64,0,0.010248497128486633,,,,
2119,64,0,0.013081132434308529,,,,
2120,64,0,0.009993144311010838,,,,
2121,64,0,0.01391938142478466,,,,
2122,64,0,0.012185487896203995,,,,
2123,64,0,0.008724412880837917,,,,
2124,64,0,0.013908319175243378,,,,
2125,64,0,0.012566125951707363,,,,
2126,64,0,0.01368266623467207,,,,
2127,64,0,0.0116832060739398,,,,
2128,64,0,0.011126141995191574,,,,
2129,64,0,0.012699822895228863,,,,
2130,64,0,0.012857149355113506,,,,
2131,64,0,0.012475989758968353,,,,
2132,64,0,0.014088067226111889,,,,
2133,64,0,0.01319117657840252,,,,
2134,64,0,0.01280201505869627,,,,
2135,64,0,0.013110808096826077,,,,
2136,64,0,0.01513359509408474,,,,
2137,64,0,0.011492036283016205,,,,
2138,64,0,0.01572047732770443,,,,
2139,64,0,0.013914976269006729,,,,
2140,64,0,0.012625252828001976,,,,
2141,64,0,0.013987131416797638,,,,
2142,64,0,0.012866850011050701,,,,
2143,64,0,0.01202661357820034,,,,
2144,64,0,0.013141781091690063,,,,
2145,64,0,0.015316275879740715,,,,
2146,64,0,0.010249460116028786,,,,
2147,64,0,0.014388291165232658,,,,
2148,64,0,0.01220035832375288,,,,
2149,64,0,0.012753305956721306,,,,
2150,64,0,0.012660784646868706,,,,
2151,64,0,0.013568058609962463,,,,
2152,64,0,0.010075883008539677,,,,
2153,64,0,0.012990016490221024,,,,
2154,64,0,0.013001112267374992,,,,
2155,64,0,0.011466729454696178,,,,
2156,64,0,0.01199243776500225,,,,
2157,64,0,0.01304536871612072,,,,
2158,64,0,0.012592422775924206,,,,
2159,64,0,0.010164644569158554,,,,
2160,64,0,0.012697657570242882,,,,
2161,64,0,0.01052970439195633,,,,
2162,64,0,0.010239006020128727,,,,
2163,64,0,0.013979516923427582,,,,
2164,64,0,0.012384489178657532,,,,
2165,64,0,0.013451041653752327,,,,
2166,64,0,0.014711535535752773,,,,
2167,64,0,0.012648006901144981,,,,
2168,64,0,0.011969152837991714,,,,
2169,64,0,0.010213185101747513,,,,
2170,64,0,0.012931699864566326,,,,
2171,64,0,0.01424267329275608,,,,
2172,64,0,0.012158307246863842,,,,
2173,64,0,0.011793511919677258,,,,
2174,64,0,0.011459979228675365,,,,
2175,64,0,0.011369179002940655,,,,
2176,64,0,0.011934306472539902,,,,
2177,64,0,0.012434283271431923,,,,
2178,64,0,0.012367158196866512,,,,
2179,64,0,0.01083242055028677,,,,
2180,64,0,0.013262521475553513,,,,
2181,64,0,0.011708036065101624,,,,
2182,64,0,0.011327343992888927,,,,
2183,64,0,0.01196702104061842,,,,
2184,64,0,0.013933524489402771,,,,
2185,64,0,0.012360780499875546,,,,
2186,64,0,0.012457526288926601,,,,
2187,64,0,0.011123936623334885,,,,
2188,64,0,0.013965614140033722,,,,
2189,64,0,0.012286911718547344,,,,
2190,64,0,0.01283726841211319,,,,
2191,64,0,0.014881068840622902,,,,
2192,64,0,0.012930821627378464,,,,
2193,64,0,0.012232303619384766,,,,
2194,64,0,0.01515070628374815,,,,
2195,64,0,0.011096055619418621,,,,
2196,64,0,0.01150091178715229,,,,
2197,64,0,0.012078153900802135,,,,
2198,64,0,0.012162315659224987,,,,
2199,64,0,0.012067406438291073,,,,
2200,64,0,0.01215292327105999,,,,
2201,64,0,0.01387128047645092,,,,
2202,64,0,0.010501979850232601,,,,
2203,64,0,0.014424718916416168,,,,
2204,64,0,0.01359631773084402,,,,
2205,64,0,0.009815828874707222,,,,
2206,64,0,0.012510474771261215,,,,
2207,64,0,0.01264992170035839,,,,
2208,64,0,0.018791692331433296,,,,
2209,64,0,0.010474136099219322,,,,
2210,64,0,0.012362105771899223,,,,
2211,64,0,0.014817912131547928,,,,
2212,64,0,0.012785201892256737,,,,
2213,64,0,0.012473616749048233,,,,
2214,64,0,0.014691106975078583,,,,
2215,64,0,0.014227015897631645,,,,
2216,64,0,0.012248008511960506,,,,
2217,64,0,0.012568630278110504,,,,
2218,64,0,0.012059865519404411,,,,
2219,64,0,0.012868998572230339,,,,
2220,64,0,0.013343235477805138,,,,
2221,64,0,0.009884858503937721,,,,
2222,64,0,0.011370014399290085,,,,
2223,64,0,0.012552937492728233,,,,
2224,64,0,0.011940035037696362,,,,
2225,64,0,0.011986496858298779,,,,
2226,64,0,0.013067297637462616,,,,
2227,64,0,0.012815654277801514,,,,
2228,64,0,0.014577820897102356,,,,
2229,64,0,0.011846497654914856,,,,
2230,64,0,0.013044810853898525,,,,
2231,64,0,0.0104353753849864,,,,
2232,64,0,0.012343471869826317,,,,
2233,64,0,0.01365919690579176,,,,
2234,64,0,0.010851344093680382,,,,
2235,64,0,0.011720335111021996,,,,
2236,64,0,0.009542233310639858,,,,
2237,64,0,0.012514228001236916,,,,
2238,64,0,0.010109061375260353,,,,
2239,64,0,0.01181104313582182,,,,
2240,64,0,0.012710435315966606,,,,
2241,64,0,0.012819494120776653,,,,
2242,64,0,0.010621185414493084,,,,
2243,64,0,0.011132856830954552,,,,
2244,64,0,0.010911240242421627,,,,
2245,64,0,0.009803738445043564,,,,
2246,64,0,0.01448645070195198,,,,
2247,64,0,0.012250385247170925,,,,
2248,64,0,0.012347517535090446,,,,
2249,64,0,0.011288367211818695,,,,
2250,64,0,0.009645424783229828,,,,
2251,64,0,0.011427566409111023,,,,
2252,64,0,0.012833110056817532,,,,
2253,64,0,0.011321413330733776,,,,
2254,64,0,0.012063702568411827,,,,
2255,64,0,0.010336588136851788,,,,
2256,64,0,0.014306677505373955,,,,
2257,64,0,0.011070743203163147,,,,
2258,64,0,0.012270985171198845,,,,
2259,64,0,0.01134942751377821,,,,
2260,64,0,0.010971746407449245,,,,
2261,64,0,0.010485507547855377,,,,
2262,64,0,0.012185394763946533,,,,
2263,64,0,0.013484346680343151,,,,
2264,64,0,0.01031467318534851,,,,
2265,64,0,0.01096579059958458,,,,
2266,64,0,0.01176505908370018,,,,
2267,64,0,0.011772583238780499,,,,
2268,64,0,0.012269548140466213,,,,
2269,64,0,0.011780550703406334,,,,
2270,64,0,0.009437723085284233,,,,
2271,64,0,0.010700622573494911,,,,
2272,64,0,0.010580066591501236,,,,
2273,64,0,0.011706757359206676,,,,
2274,64,0,0.011539905332028866,,,,
2275,64,0,0.013582127168774605,,,,
2276,64,0,0.008589798584580421,,,,
2277,64,0,0.010626821778714657,,,,
2278,64,0,0.012498529627919197,,,,
2279,64,0,0.01385833602398634,,,,
2280,64,0,0.008538752794265747,,,,
2281,64,0,0.010740002617239952,,,,
2282,64,0,0.010374104604125023,,,,
2283,64,0,0.00940302200615406,,,,
2284,64,0,0.010560015216469765,,,,
2285,64,0,0.014569723978638649,,,,
2286,64,0,0.012035027146339417,,,,
2287,64,0,0.01121965330094099,,,,
2288,64,0,0.010888487100601196,,,,
2289,64,0,0.010451918467879295,,,,
2290,64,0,0.011759283021092415,,,,
2291,64,0,0.010481494478881359,,,,
2292,64,0,0.010930454358458519,,,,
2293,64,0,0.01039883866906166,,,,
2294,64,0,0.011848638765513897,,,,
2295,64,0,0.014695141464471817,,,,
2296,64,0,0.011003735475242138,,,,
2297,64,0,0.01033603586256504,,,,
2298,64,0,0.009955190122127533,,,,
2299,64,0,0.010323680937290192,,,,
2300,64,0,0.014409139752388,,,,
2301,64,0,0.011281195096671581,,,,
2302,64,0,0.011861692182719707,,,,
2303,64,0,0.011998077854514122,,,,
2304,64,0,0.014710310846567154,,,,
2305,64,0,0.009601232595741749,,,,
2306,64,0,0.010547919198870659,,,,
2307,64,0,0.012692652642726898,,,,
2308,64,0,0.01110730692744255,,,,
2309,64,0,0.015484090894460678,,,,
2310,64,0,0.0114496611058712,,,,
2311,64,0,0.013222619891166687,,,,
2312,64,0,0.01322838943451643,,,,
2313,64,0,0.009922947734594345,,,,
2314,64,0,0.013836251571774483,,,,
2315,64,0,0.01232261024415493,,,,
2316,64,0,0.013660121709108353,,,,
2317,64,0,0.011460468173027039,,,,
2318,64,0,0.012026198208332062,,,,
2319,64,0,0.015175079926848412,,,,
2320,64,0,0.012096093967556953,,,,
2321,64,0,0.011363896541297436,,,,
2322,64,0,0.013417336158454418,,,,
2323,64,0,0.01138705387711525,,,,
2324,64,0,0.01235940121114254,,,,
2325,64,0,0.01258031278848648,,,,
2326,64,0,0.012400969862937927,,,,
2327,64,0,0.013162951916456223,,,,
2328,64,0,0.010174877941608429,,,,
2329,64,0,0.010844393633306026,,,,
2330,64,0,0.011884196661412716,,,,
2331,64,0,0.010800426825881004,,,,
2332,64,0,0.011344554834067822,,,,
2333,64,0,0.012343163602054119,,,,
2334,64,0,0.011754197999835014,,,,
2335,64,0,0.00897687952965498,,,,
2336,64,0,0.009815911762416363,,,,
2337,64,0,0.010576343163847923,,,,
2338,64,0,0.012413417920470238,,,,
2339,64,0,0.00954019371420145,,,,
2340,64,0,0.012109920382499695,,,,
2341,64,0,0.013300608843564987,,,,
2342,64,0,0.012764960527420044,,,,
2343,64,0,0.012496208772063255,,,,
2344,64,0,0.011810715310275555,,,,
2345,64,0,0.012603474780917168,,,,
2346,64,0,0.011160935275256634,,,,
2347,64,0,0.013309476897120476,,,,
2348,64,0,0.012843756005167961,,,,
2349,64,0,0.012026812881231308,,,,
2350,64,0,0.011720534414052963,,,,
2351,64,0,0.013509437441825867,,,,
2352,64,0,0.00990007258951664,,,,
2353,64,0,0.01018587127327919,,,,
2354,64,0,0.009587876498699188,,,,
2355,64,0,0.014473693445324898,,,,
2356,64,0,0.011305904015898705,,,,
2357,64,0,0.015504448674619198,,,,
2358,64,0,0.010837562382221222,,,,
2359,64,0,0.010554327629506588,,,,
2360,64,0,0.01195483934134245,,,,
2361,64,0,0.011631964705884457,,,,
2362,64,0,0.010893506929278374,,,,
2363,64,0,0.011226844042539597,,,,
2364,64,0,0.011540999636054039,,,,
2365,64,0,0.010153649374842644,,,,
2366,64,0,0.00968574732542038,,,,
2367,64,0,0.011656406335532665,,,,
2368,64,0,0.01192396692931652,,,,
2369,64,0,0.010376710444688797,,,,
2370,64,0,0.010474941693246365,,,,
2371,64,0,0.009753180667757988,,,,
2372,64,0,0.011852860450744629,,,,
2373,64,0,0.01068217121064663,,,,
2374,64,0,0.010033412836492062,,,,
2375,64,0,0.011113142594695091,,,,
2376,64,0,0.010407241061329842,,,,
2377,64,0,0.013888286426663399,,,,
2378,64,0,0.011118259280920029,,,,
2379,64,0,0.011538727208971977,,,,
2380,64,0,0.015098433010280132,,,,
2381,64,0,0.012861376628279686,,,,
2382,64,0,0.013768883422017097,,,,
2383,64,0,0.012478221207857132,,,,
2384,64,0,0.013186227530241013,,,,
2385,64,0,0.012438759207725525,,,,
2386,64,0,0.011024112813174725,,,,
2387,64,0,0.011088723316788673,,,,
2388,64,0,0.011634398251771927,,,,
2389,64,0,0.009161261841654778,,,,
2390,64,0,0.01111362874507904,,,,
2391,64,0,0.01486194133758545,,,,
2392,64,0,0.011325586587190628,,,,
2393,64,0,0.009537025354802608,,,,
2394,64,0,0.01184860896319151,,,,
2395,64,0,0.011562472209334373,,,,
2396,64,0,0.014322442933917046,,,,
2397,64,0,0.012037145905196667,,,,
2398,64,0,0.011587243527173996,,,,
2399,64,0,0.010607781819999218,,,,
2400,64,0,0.011269218288362026,,,,
2401,64,0,0.011210518889129162,,,,
2402,64,0,0.008920608088374138,,,,
2403,64,0,0.009028056636452675,,,,
2404,64,0,0.009125107899308205,,,,
2405,64,0,0.013071204535663128,,,,
2406,64,0,0.010969024151563644,,,,
2407,64,0,0.010541373863816261,,,,
2408,64,0,0.011843141168355942,,,,
2409,64,0,0.013101732358336449,,,,
2410,64,0,0.010780233889818192,,,,
2411,64,0,0.012302279472351074,,,,
2412,64,0,0.013410559855401516,,,,
2413,64,0,0.0113225057721138,,,,
2414,64,0,0.010975396260619164,,,,
2415,64,0,0.012488978914916515,,,,
2416,64,0,0.013606950640678406,,,,
2417,64,0,0.010817117057740688,,,,
2418,64,0,0.01134757325053215,,,,
2419,64,0,0.009247364476323128,,,,
2420,64,0,0.01239428948611021,,,,
2421,64,0,0.012128891423344612,,,,
2422,64,0,0.011415151879191399,,,,
2423,64,0,0.010106099769473076,,,,
2424,64,0,0.010999910533428192,,,,
2425,64,0,0.012742869555950165,,,,
2426,64,0,0.00946291908621788,,,,
2427,64,0,0.010851731523871422,,,,
2428,64,0,0.01272832602262497,,,,
2429,64,0,0.01133767794817686,,,,
2430,64,0,0.01257651299238205,,,,
2431,64,0,0.011531561613082886,,,,
2432,64,0,0.01189952902495861,,,,
2433,64,0,0.011755051091313362,,,,
2434,64,0,0.011465932242572308,,,,
2435,64,0,0.010432107374072075,,,,
2436,64,0,0.009773774072527885,,,,
2437,64,0,0.008383100852370262,,,,
2438,64,0,0.014289461076259613,,,,
2439,64,0,0.01009429432451725,,,,
2440,64,0,0.013080867938697338,,,,
2441,64,0,0.009198153391480446,,,,
2442,64,0,0.009436339139938354,,,,
2443,64,0,0.011640755459666252,,,,
2444,64,0,0.015150165185332298,,,,
2445,64,0,0.01327388547360897,,,,
2446,64,0,0.011934369802474976,,,,
2447,64,0,0.01232959982007742,,,,
2448,64,0,0.0110687967389822,,,,
2449,64,0,0.012868404388427734,,,,
2450,64,0,0.014109342359006405,,,,
2451,64,0,0.01033240370452404,,,,
2452,64,0,0.014609845355153084,,,,
2453,64,0,0.010404601693153381,,,,
2454,64,0,0.013726642355322838,,,,
2455,64,0,0.01034157071262598,,,,
2456,64,0,0.011777330189943314,,,,
2457,64,0,0.011490273289382458,,,,
2458,64,0,0.011790560558438301,,,,
2459,64,0,0.01196560263633728,,,,
2460,64,0,0.009322230704128742,,,,
2461,64,0,0.013036306016147137,,,,
2462,64,0,0.011088773608207703,,,,
2463,64,0,0.015595803037285805,,,,
2464,64,0,0.013427137397229671,,,,
2465,64,0,0.008746402338147163,,,,
2466,64,0,0.01061976607888937,,,,
2467,64,0,0.01044386625289917,,,,
2468,64,0,0.0104959886521101,,,,
2469,64,0,0.01237071305513382,,,,
2470,64,0,0.012177063152194023,,,,
2471,64,0,0.0129427220672369,,,,
2472,64,0,0.011307433247566223,,,,
2473,64,0,0.011824352666735649,,,,
2474,64,0,0.011132202111184597,,,,
2475,64,0,0.010281982831656933,,,,
2476,64,0,0.012358571402728558,,,,
2477,64,0,0.013244214467704296,,,,
2478,64,0,0.009537918493151665,,,,
2479,64,0,0.013653814792633057,,,,
2480,64,0,0.010680895298719406,,,,
2481,64,0,0.012546874582767487,,,,
2482,64,0,0.013860398903489113,,,,
2483,64,0,0.013019701465964317,,,,
2484,64,0,0.012035946361720562,,,,
2485,64,0,0.01107855886220932,,,,
2486,64,0,0.010435490868985653,,,,
2487,64,0,0.011493775993585587,,,,
2488,64,0,0.009775863960385323,,,,
2489,64,0,0.009701579809188843,,,,
2490,64,0,0.012105602771043777,,,,
2491,64,0,0.01083060260862112,,,,
2492,64,0,0.012911051511764526,,,,
2493,64,0,0.012605778872966766,,,,
2494,64,0,0.012693023309111595,,,,
2495,64,0,0.015761641785502434,,,,
2496,64,0,0.0124297384172678,,,,
2497,64,0,0.0132011529058218,,,,
2498,64,0,0.011293692514300346,,,,
2499,64,0,0.010900251567363739,,,,
2500,64,0,0.011509224772453308,,,,
2501,64,0,0.009687209501862526,,,,
2502,64,0,0.011850116774439812,,,,
2503,64,0,0.012086674571037292,,,,
2504,64,0,0.010927615687251091,,,,
2505,64,0,0.009512597694993019,,,,
2506,64,0,0.012442685663700104,,,,
2507,64,0,0.011998887173831463,,,,
2508,64,0,0.011785699985921383,,,,
2509,64,0,0.009282203391194344,,,,
2510,64,0,0.012066682800650597,,,,
2511,64,0,0.011475453153252602,,,,
2512,64,0,0.01008671522140503,,,,
2513,64,0,0.012586535885930061,,,,
2514,64,0,0.011852741241455078,,,,
2515,64,0,0.011472348123788834,,,,
2516,64,0,0.011011652648448944,,,,
2517,64,0,0.00979290809482336,,,,
2518,64,0,0.011095074936747551,,,,
2519,64,0,0.011611297726631165,,,,
2520,64,0,0.010397196747362614,,,,
2521,64,0,0.013037018477916718,,,,
2522,64,0,0.011554807424545288,,,,
2523,64,0,0.011434453539550304,,,,
2524,64,0,0.0128428153693676,,,,
2525,64,0,0.01087844930589199,,,,
2526,64,0,0.012032710015773773,,,,
2527,64,0,0.01142635103315115,,,,
2528,64,0,0.011052182875573635,,,,
2529,64,0,0.016338132321834564,,,,
2530,64,0,0.011262442916631699,,,,
2531,64,0,0.01330381166189909,,,,
2532,64,0,0.010627332143485546,,,,
2533,64,0,0.012044108472764492,,,,
2534,64,0,0.013031624257564545,,,,
2535,64,0,0.011444039642810822,,,,
2536,64,0,0.013095326721668243,,,,
2537,64,0,0.012156466022133827,,,,
2538,64,0,0.010228748433291912,,,,
2539,64,0,0.011561950668692589,,,,
2540,64,0,0.010859658941626549,,,,
2541,64,0,0.01067662239074707,,,,
2542,64,0,0.009921358898282051,,,,
2543,64,0,0.012951632961630821,,,,
2544,64,0,0.009812446311116219,,,,
2545,64,0,0.012671375647187233,,,,
2546,64,0,0.013192633166909218,,,,
2547,64,0,0.010230787098407745,,,,
2548,64,0,0.010452109389007092,,,,
2549,64,0,0.010352527722716331,,,,
2550,64,0,0.010964559391140938,,,,
2551,64,0,0.012043660506606102,,,,
2552,64,0,0.01125409733504057,,,,
2553,64,0,0.01009594276547432,,,,
2554,64,0,0.010929049924015999,,,,
2555,64,0,0.01202991884201765,,,,
2556,64,0,0.010779108852148056,,,,
2557,64,0,0.012600763700902462,,,,
2558,64,0,0.010922211222350597,,,,
2559,64,0,0.011631269007921219,,,,
2560,64,0,0.011931590735912323,,,,
2561,64,0,0.010173498652875423,,,,
2562,64,0,0.011153563857078552,,,,
2563,64,0,0.011346693150699139,,,,
2564,64,0,0.013159006834030151,,,,
2565,64,0,0.011246912181377411,,,,
2566,64,0,0.009913988411426544,,,,
2567,64,0,0.009952842257916927,,,,
2568,64,0,0.013400977477431297,,,,
2569,64,0,0.013605354353785515,,,,
2570,64,0,0.011429352685809135,,,,
2571,64,0,0.010031694546341896,,,,
2572,64,0,0.01060237642377615,,,,
2573,64,0,0.011440790258347988,,,,
2574,64,0,0.010934016667306423,,,,
2575,64,0,0.012478671036660671,,,,
2576,64,0,0.011816035956144333,,,,
2577,64,0,0.011811311356723309,,,,
2578,64,0,0.009917134419083595,,,,
2579,64,0,0.009111272171139717,,,,
2580,64,0,0.01020852755755186,,,,
2581,64,0,0.00953814946115017,,,,
2582,64,0,0.012864893302321434,,,,
2583,64,0,0.010844710282981396,,,,
2584,64,0,0.010248328559100628,,,,
2585,64,0,0.009926551021635532,,,,
2586,64,0,0.009200702421367168,,,,
2587,64,0,0.009409381076693535,,,,
2588,64,0,0.010249951854348183,,,,
2589,64,0,0.0099584199488163,,,,
2590,64,0,0.013380530290305614,,,,
2591,64,0,0.010950184427201748,,,,
2592,64,0,0.009305663406848907,,,,
2593,64,0,0.010156240314245224,,,,
2594,64,0,0.01164138875901699,,,,
2595,64,0,0.009367801249027252,,,,
2596,64,0,0.010592150501906872,,,,
2597,64,0,0.01131407916545868,,,,
2598,64,0,0.010752605274319649,,,,
2599,64,0,0.013065677136182785,,,,
2600,64,0,0.011165018193423748,,,,
2601,64,0,0.010270003229379654,,,,
2602,64,0,0.010346079245209694,,,,
2603,64,0,0.010568326339125633,,,,
2604,64,0,0.011130156926810741,,,,
2605,64,0,0.01037871278822422,,,,
2606,64,0,0.011810301803052425,,,,
2607,64,0,0.012508934363722801,,,,
2608,64,0,0.010648977011442184,,,,
2609,64,0,0.009920553304255009,,,,
2610,64,0,0.010238072834908962,,,,
2611,64,0,0.011281957849860191,,,,
2612,64,0,0.009678693488240242,,,,
2613,64,0,0.009721588343381882,,,,
2614,64,0,0.009027669206261635,,,,
2615,64,0,0.011536424979567528,,,,
2616,64,0,0.011343362741172314,,,,
2617,64,0,0.007945870980620384,,,,
2618,64,0,0.008712886832654476,,,,
2619,64,0,0.009451443329453468,,,,
2620,64,0,0.010556577704846859,,,,
2621,64,0,0.008514936082065105,,,,
2622,64,0,0.012617106549441814,,,,
2623,64,0,0.012695512734353542,,,,
2624,64,0,0.011224182322621346,,,,
2625,64,0,0.01159660890698433,,,,
2626,64,0,0.011913951486349106,,,,
2627,64,0,0.011212604120373726,,,,
2628,64,0,0.0099149439483881,,,,
2629,64,0,0.011873982846736908,,,,
2630,64,0,0.012702815234661102,,,,
2631,64,0,0.011190926656126976,,,,
2632,64,0,0.011202692985534668,,,,
2633,64,0,0.010313333943486214,,,,
2634,64,0,0.010087134316563606,,,,
2635,64,0,0.011116969399154186,,,,
2636,64,0,0.010873387567698956,,,,
2637,64,0,0.009386931546032429,,,,
2638,64,0,0.01129856240004301,,,,
2639,64,0,0.010216044262051582,,,,
2640,64,0,0.00852796621620655,,,,
2641,64,0,0.013216087594628334,,,,
2642,64,0,0.011493416503071785,,,,
2643,64,0,0.013583576306700706,,,,
2644,64,0,0.010903773829340935,,,,
2645,64,0,0.011810245923697948,,,,
2646,64,0,0.013684075325727463,,,,
2647,64,0,0.011885285377502441,,,,
2648,64,0,0.013697880320250988,,,,
2649,64,0,0.010378058068454266,,,,
2650,64,0,0.01198266725987196,,,,
2651,64,0,0.011489170603454113,,,,
2652,64,0,0.012648837640881538,,,,
2653,64,0,0.011830064468085766,,,,
2654,64,0,0.009006953798234463,,,,
2655,64,0,0.012161622755229473,,,,
2656,64,0,0.012791472487151623,,,,
2657,64,0,0.010787743143737316,,,,
2658,64,0,0.012150264345109463,,,,
2659,64,0,0.012620988301932812,,,,
2660,64,0,0.011296385899186134,,,,
2661,64,0,0.011537338607013226,,,,
2662,64,0,0.012477467767894268,,,,
2663,64,0,0.011684058234095573,,,,
2664,64,0,0.010688155889511108,,,,
2665,64,0,0.011363362893462181,,,,
2666,64,0,0.01003203634172678,,,,
2667,64,0,0.011921613477170467,,,,
2668,64,0,0.011150030419230461,,,,
2669,64,0,0.010778648778796196,,,,
2670,64,0,0.009764792397618294,,,,
2671,64,0,0.010186519473791122,,,,
2672,64,0,0.01116971205919981,,,,
2673,64,0,0.011792518198490143,,,,
2674,64,0,0.010869920253753662,,,,
2675,64,0,0.010918473824858665,,,,
2676,64,0,0.013474415056407452,,,,
2677,64,0,0.012989919632673264,,,,
2678,64,0,0.01338220201432705,,,,
2679,64,0,0.010490501299500465,,,,
2680,64,0,0.013243071734905243,,,,
2681,64,0,0.0121257109567523,,,,
2682,64,0,0.010921772569417953,,,,
2683,64,0,0.008518500253558159,,,,
2684,64,0,0.010101698338985443,,,,
2685,64,0,0.010905681177973747,,,,
2686,64,0,0.010111247189342976,,,,
2687,64,0,0.010133165866136551,,,,
2688,64,0,0.010313179343938828,,,,
2689,64,0,0.009675705805420876,,,,
2690,64,0,0.010384301654994488,,,,
2691,64,0,0.012347539886832237,,,,
2692,64,0,0.013740485534071922,,,,
2693,64,0,0.010251402854919434,,,,
2694,64,0,0.014027601107954979,,,,
2695,64,0,0.010333286598324776,,,,
2696,64,0,0.009589048102498055,,,,
2697,64,0,0.009824894368648529,,,,
2698,64,0,0.01027115061879158,,,,
2699,64,0,0.010070763528347015,,,,
2700,64,0,0.012163291685283184,,,,
2701,64,0,0.011095482856035233,,,,
2702,64,0,0.011133110150694847,,,,
2703,64,0,0.012430371716618538,,,,
2704,64,0,0.01148257963359356,,,,
2705,64,0,0.012181131169199944,,,,
2706,64,0,0.010087392292916775,,,,
2707,64,0,0.01206214539706707,,,,
2708,64,0,0.011005796492099762,,,,
2709,64,0,0.009552285075187683,,,,
2710,64,0,0.010748259723186493,,,,
2711,64,0,0.011017697863280773,,,,
2712,64,0,0.011168664321303368,,,,
2713,64,0,0.011889955028891563,,,,
2714,64,0,0.010998997837305069,,,,
2715,64,0,0.010328318923711777,,,,
2716,64,0,0.010131620801985264,,,,
2717,64,0,0.009902341291308403,,,,
2718,64,0,0.008676407858729362,,,,
2719,64,0,0.009240465238690376,,,,
2720,64,0,0.011755994521081448,,,,
2721,64,0,0.011529244482517242,,,,
2722,64,0,0.012276421301066875,,,,
2723,64,0,0.009848229587078094,,,,
2724,64,0,0.011778110638260841,,,,
2725,64,0,0.01171145960688591,,,,
2726,64,0,0.009936703369021416,,,,
2727,64,0,0.010221785865724087,,,,
2728,64,0,0.011584697291254997,,,,
2729,64,0,0.010573524981737137,,,,
2730,64,0,0.009999660775065422,,,,
2731,64,0,0.011068522930145264,,,,
2732,64,0,0.011424641124904156,,,,
2733,64,0,0.011667771264910698,,,,
2734,64,0,0.009467137977480888,,,,
2735,64,0,0.011592980474233627,,,,
2736,64,0,0.010964417830109596,,,,
2737,64,0,0.0116493608802557,,,,
2738,64,0,0.012155911885201931,,,,
2739,64,0,0.010996411554515362,,,,
2740,64,0,0.01081077754497528,,,,
2741,64,0,0.009309353306889534,,,,
2742,64,0,0.009056473150849342,,,,
2743,64,0,0.009352097287774086,,,,
2744,64,0,0.01178285013884306,,,,
2745,64,0,0.010479709133505821,,,,
2746,64,0,0.0106052216142416,,,,
2747,64,0,0.011964073404669762,,,,
2748,64,0,0.011533074080944061,,,,
2749,64,0,0.009699387475848198,,,,
2750,64,0,0.01223771832883358,,,,
2751,64,0,0.010899080894887447,,,,
2752,64,0,0.010195991955697536,,,,
2753,64,0,0.01368160080164671,,,,
2754,64,0,0.011050323955714703,,,,
2755,64,0,0.01214599423110485,,,,
2756,64,0,0.010850474238395691,,,,
2757,64,0,0.010325378738343716,,,,
2758,64,0,0.011371742002665997,,,,
2759,64,0,0.012923551723361015,,,,
2760,64,0,0.013474586419761181,,,,
2761,64,0,0.00893528200685978,,,,
2762,64,0,0.010129733011126518,,,,
2763,64,0,0.009837448596954346,,,,
2764,64,0,0.011463403701782227,,,,
2765,64,0,0.009585285559296608,,,,
2766,64,0,0.009121682494878769,,,,
2767,64,0,0.010843059048056602,,,,
2768,64,0,0.013529802672564983,,,,
2769,64,0,0.01113024353981018,,,,
2770,64,0,0.011899640783667564,,,,
2771,64,0,0.010284310206770897,,,,
2772,64,0,0.011269405484199524,,,,
2773,64,0,0.012604178860783577,,,,
2774,64,0,0.01084187999367714,,,,
2775,64,0,0.008897087536752224,,,,
2776,64,0,0.013114577159285545,,,,
2777,64,0,0.01207302138209343,,,,
2778,64,0,0.011774475686252117,,,,
2779,64,0,0.01168667059391737,,,,
2780,64,0,0.009492251090705395,,,,
2781,64,0,0.009106786921620369,,,,
2782,64,0,0.010770648717880249,,,,
2783,64,0,0.010286914184689522,,,,
2784,64,0,0.009734286926686764,,,,
2785,64,0,0.009870081208646297,,,,
2786,64,0,0.009464106522500515,,,,
2787,64,0,0.010794643312692642,,,,
2788,64,0,0.009533275850117207,,,,
2789,64,0,0.011203072033822536,,,,
2790,64,0,0.010548310354351997,,,,
2791,64,0,0.010830061510205269,,,,
2792,64,0,0.009816686622798443,,,,
2793,64,0,0.011744502931833267,,,,
2794,64,0,0.010583331808447838,,,,
2795,64,0,0.009438150562345982,,,,
2796,64,0,0.011422798037528992,,,,
2797,64,0,0.009277917444705963,,,,
2798,64,0,0.011102191172540188,,,,
2799,64,0,0.010569311678409576,,,,
2800,64,0,0.010655182413756847,,,,
2801,64,0,0.00862862728536129,,,,
2802,64,0,0.010450150817632675,,,,
2803,64,0,0.011943692341446877,,,,
2804,64,0,0.010353516787290573,,,,
2805,64,0,0.010272091254591942,,,,
2806,64,0,0.010446136817336082,,,,
2807,64,0,0.013251136057078838,,,,
2808,64,0,0.012362155131995678,,,,
2809,64,0,0.011460277251899242,,,,
2810,64,0,0.011385678313672543,,,,
2811,64,0,0.012412838637828827,,,,
2812,64,0,0.0103765232488513,,,,
2813,64,0,0.010084928944706917,,,,
2814,64,0,0.010820846073329449,,,,
2815,64,0,0.009314383380115032,,,,
2816,64,0,0.009923450648784637,,,,
2817,64,0,0.012333731167018414,,,,
2818,64,0,0.00919150747358799,,,,
2819,64,0,0.010843644849956036,,,,
2820,64,0,0.010841655544936657,,,,
2821,64,0,0.010075833648443222,,,,
2822,64,0,0.012022240087389946,,,,
2823,64,0,0.0105874203145504,,,,
2824,64,0,0.01060195080935955,,,,
2825,64,0,0.012645392678678036,,,,
2826,64,0,0.011382684111595154,,,,
2827,64,0,0.009581169113516808,,,,
2828,64,0,0.01511613093316555,,,,
2829,64,0,0.010103840380907059,,,,
2830,64,0,0.010121083818376064,,,,
2831,64,0,0.010377244092524052,,,,
2832,64,0,0.010764803737401962,,,,
2833,64,0,0.011686640791594982,,,,
2834,64,0,0.012870682403445244,,,,
2835,64,0,0.010418033227324486,,,,
2836,64,0,0.009788601659238338,,,,
2837,64,0,0.012117154896259308,,,,
2838,64,0,0.012077530845999718,,,,
2839,64,0,0.009057711809873581,,,,
2840,64,0,0.011255122721195221,,,,
2841,64,0,0.01089139562100172,,,,
2842,64,0,0.013020808808505535,,,,
2843,64,0,0.010453800670802593,,,,
2844,64,0,0.01193948369473219,,,,
2845,64,0,0.009698715060949326,,,,
2846,64,0,0.00922342948615551,,,,
2847,64,0,0.012159639969468117,,,,
2848,64,0,0.010688724927604198,,,,
2849,64,0,0.009980499744415283,,,,
2850,64,0,0.008945954963564873,,,,
2851,64,0,0.00993189588189125,,,,
2852,64,0,0.007991345599293709,,,,
2853,64,0,0.007474456913769245,,,,
2854,64,0,0.012238636612892151,,,,
2855,64,0,0.01105609443038702,,,,
2856,64,0,0.009977155365049839,,,,
2857,64,0,0.010676308535039425,,,,
2858,64,0,0.010185685008764267,,,,
2859,64,0,0.009446859359741211,,,,
2860,64,0,0.010847888886928558,,,,
2861,64,0,0.009169870987534523,,,,
2862,64,0,0.01281495951116085,,,,
2863,64,0,0.010879047214984894,,,,
2864,64,0,0.010212554596364498,,,,
2865,64,0,0.009718669578433037,,,,
2866,64,0,0.0080409599468112,,,,
2867,64,0,0.009088313207030296,,,,
2868,64,0,0.009730531834065914,,,,
2869,64,0,0.01297679077833891,,,,
2870,64,0,0.011174852959811687,,,,
2871,64,0,0.010175428353250027,,,,
2872,64,0,0.010310611687600613,,,,
2873,64,0,0.008593041449785233,,,,
2874,64,0,0.01208862941712141,,,,
2875,64,0,0.012734065763652325,,,,
2876,64,0,0.012315735220909119,,,,
2877,64,0,0.010231509804725647,,,,
2878,64,0,0.010300430469214916,,,,
2879,64,0,0.012090533040463924,,,,
2880,64,0,0.011402763426303864,,,,
2881,64,0,0.009344013407826424,,,,
2882,64,0,0.010281020775437355,,,,
2883,64,0,0.010244987905025482,,,,
2884,64,0,0.011028565466403961,,,,
2885,64,0,0.008632623590528965,,,,
2886,64,0,0.009071795269846916,,,,
2887,64,0,0.009293771348893642,,,,
2888,64,0,0.011069748550653458,,,,
2889,64,0,0.011191881261765957,,,,
2890,64,0,0.011310702189803123,,,,
2891,64,0,0.00941288098692894,,,,
2892,64,0,0.014228842221200466,,,,
2893,64,0,0.009105338715016842,,,,
2894,64,0,0.011224305257201195,,,,
2895,64,0,0.009602636098861694,,,,
2896,64,0,0.010057443752884865,,,,
2897,64,0,0.009269564412534237,,,,
2898,64,0,0.010964903049170971,,,,
2899,64,0,0.008656976744532585,,,,
2900,64,0,0.010014759376645088,,,,
2901,64,0,0.0110994977876544,,,,
2902,64,0,0.011139264330267906,,,,
2903,64,0,0.009718503803014755,,,,
2904,64,0,0.008937936276197433,,,,
2905,64,0,0.009554355405271053,,,,
2906,64,0,0.010033170692622662,,,,
2907,64,0,0.01069527305662632,,,,
2908,64,0,0.009309524670243263,,,,
2909,64,0,0.011206160299479961,,,,
2910,64,0,0.011394265107810497,,,,
2911,64,0,0.01071513444185257,,,,
2912,64,0,0.010175899602472782,,,,
2913,64,0,0.012530162930488586,,,,
2914,64,0,0.012578072026371956,,,,
2915,64,0,0.010972327552735806,,,,
2916,64,0,0.010487949475646019,,,,
2917,64,0,0.01190099772065878,,,,
2918,64,0,0.011425403878092766,,,,
2919,64,0,0.010587332770228386,,,,
2920,64,0,0.011952968314290047,,,,
2921,64,0,0.013785148970782757,,,,
2922,64,0,0.01306907832622528,,,,
2923,64,0,0.010617944411933422,,,,
2924,64,0,0.010661574080586433,,,,
2925,64,0,0.010772189125418663,,,,
2926,64,0,0.011401294730603695,,,,
2927,64,0,0.01156188827008009,,,,
2928,64,0,0.009232389740645885,,,,
2929,64,0,0.00834059901535511,,,,
2930,64,0,0.011424235068261623,,,,
2931,64,0,0.009604672901332378,,,,
2932,64,0,0.011076848953962326,,,,
2933,64,0,0.009453493170440197,,,,
2934,64,0,0.01091606356203556,,,,
2935,64,0,0.010201936587691307,,,,
2936,64,0,0.012377789244055748,,,,
2937,64,0,0.010781092569231987,,,,
2938,64,0,0.014431378804147243,,,,
2939,64,0,0.009493711404502392,,,,
2940,64,0,0.01399274729192257,,,,
2941,64,0,0.01335248164832592,,,,
2942,64,0,0.011519594117999077,,,,
2943,64,0,0.012680726125836372,,,,
2944,64,0,0.010901561006903648,,,,
2945,64,0,0.010081754066050053,,,,
2946,64,0,0.01178749930113554,,,,
2947,64,0,0.011596652679145336,,,,
2948,64,0,0.010124712251126766,,,,
2949,64,0,0.010175182484090328,,,,
2950,64,0,0.011459073051810265,,,,
2951,64,0,0.009859091602265835,,,,
2952,64,0,0.010318301618099213,,,,
2953,64,0,0.009466986171901226,,,,
2954,64,0,0.010252084583044052,,,,
2955,64,0,0.009625863283872604,,,,
2956,64,0,0.009880127385258675,,,,
2957,64,0,0.009473239071667194,,,,
2958,64,0,0.008484993129968643,,,,
2959,64,0,0.01091613806784153,,,,
2960,64,0,0.012690102681517601,,,,
2961,64,0,0.01024917047470808,,,,
2962,64,0,0.01124938577413559,,,,
2963,64,0,0.009998336434364319,,,,
2964,64,0,0.008879903703927994,,,,
2965,64,0,0.011356945149600506,,,,
2966,64,0,0.011913612484931946,,,,
2967,64,0,0.010850097052752972,,,,
2968,64,0,0.010603807866573334,,,,
2969,64,0,0.009419139474630356,,,,
2970,64,0,0.010622690431773663,,,,
2971,64,0,0.011407236568629742,,,,
2972,64,0,0.010863043367862701,,,,
2973,64,0,0.012179140001535416,,,,
2974,64,0,0.011602199636399746,,,,
2975,64,0,0.010564867407083511,,,,
2976,64,0,0.011040175333619118,,,,
2977,64,0,0.0113434549421072,,,,
2978,64,0,0.009053004905581474,,,,
2979,64,0,0.010203119367361069,,,,
2980,64,0,0.01134477835148573,,,,
2981,64,0,0.011400486342608929,,,,
2982,64,0,0.008957437239587307,,,,
2983,64,0,0.010272642597556114,,,,
2984,64,0,0.012548673897981644,,,,
2985,64,0,0.009131509810686111,,,,
2986,64,0,0.009049316868185997,,,,
2987,64,0,0.011643042787909508,,,,
2988,64,0,0.011025195941329002,,,,
2989,64,0,0.009880087338387966,,,,
2990,64,0,0.013231245800852776,,,,
2991,64,0,0.009109940379858017,,,,
2992,64,0,0.010178565979003906,,,,
2993,64,0,0.009193941950798035,,,,
2994,64,0,0.01063904445618391,,,,
2995,64,0,0.01113169640302658,,,,
2996,64,0,0.010237069800496101,,,,
2997,64,0,0.011366315186023712,,,,
2998,64,0,0.010240158066153526,,,,
2999,64,0,0.009980877861380577,,,,
3000,64,0,0.010232608765363693,,0.012562904744706255,0.6898862101133624,19.747210143539135
3001,64,0,0.011017913930118084,,,,
3002,64,0,0.009886003099381924,,,,
3003,64,0,0.009189728647470474,,,,
3004,64,0,0.011092504486441612,,,,
3005,64,0,0.009079201146960258,,,,
3006,64,0,0.009157160297036171,,,,
3007,64,0,0.01272375788539648,,,,
3008,64,0,0.009560743346810341,,,,
3009,64,0,0.011064020916819572,,,,
3010,64,0,0.011197867803275585,,,,
3011,64,0,0.012127747759222984,,,,
3012,64,0,0.010255101136863232,,,,
3013,64,0,0.010554405860602856,,,,
3014,64,0,0.012421023100614548,,,,
3015,64,0,0.011318220756947994,,,,
3016,64,0,0.01282506249845028,,,,
3017,64,0,0.010980695486068726,,,,
3018,64,0,0.008002973161637783,,,,
3019,64,0,0.01139291562139988,,,,
3020,64,0,0.01200125366449356,,,,
3021,64,0,0.009299620985984802,,,,
3022,64,0,0.008684311993420124,,,,
3023,64,0,0.009982547722756863,,,,
3024,64,0,0.009653083980083466,,,,
3025,64,0,0.007868261076509953,,,,
3026,64,0,0.00858093611896038,,,,
3027,64,0,0.0091260289773345,,,,
3028,64,0,0.008998459205031395,,,,
3029,64,0,0.011470897123217583,,,,
3030,64,0,0.009626632556319237,,,,
3031,64,0,0.009174048900604248,,,,
3032,64,0,0.01001323014497757,,,,
3033,64,0,0.011681007221341133,,,,
3034,64,0,0.010828006081283092,,,,
3035,64,0,0.009079140610992908,,,,
3036,64,0,0.012098228558897972,,,,
3037,64,0,0.012465469539165497,,,,
3038,64,0,0.010398841463029385,,,,
3039,64,0,0.012706918641924858,,,,
3040,64,0,0.00970425270497799,,,,
3041,64,0,0.00961722806096077,,,,
3042,64,0,0.015434123575687408,,,,
3043,64,0,0.010243154130876064,,,,
3044,64,0,0.010495476424694061,,,,
3045,64,0,0.01098010502755642,,,,
3046,64,0,0.010250892490148544,,,,
3047,64,0,0.012248503975570202,,,,
3048,64,0,0.012649282813072205,,,,
3049,64,0,0.010246500372886658,,,,
3050,64,0,0.012480733916163445,,,,
3051,64,0,0.010697337798774242,,,,
3052,64,0,0.011277414858341217,,,,
3053,64,0,0.0109624108299613,,,,
3054,64,0,0.011912960559129715,,,,
3055,64,0,0.0092358672991395,,,,
3056,64,0,0.008288955315947533,,,,
3057,64,0,0.01226121000945568,,,,
3058,64,0,0.012682301923632622,,,,
3059,64,0,0.009841461665928364,,,,
3060,64,0,0.012351850047707558,,,,
3061,64,0,0.009780649095773697,,,,
3062,64,0,0.01166180893778801,,,,
3063,64,0,0.009481524117290974,,,,
3064,64,0,0.010644475929439068,,,,
3065,64,0,0.0113772451877594,,,,
3066,64,0,0.010490997694432735,,,,
3067,64,0,0.009949002414941788,,,,
3068,64,0,0.011156762950122356,,,,
3069,64,0,0.009917989373207092,,,,
3070,64,0,0.011583028361201286,,,,
3071,64,0,0.008636090904474258,,,,
3072,64,0,0.009707106277346611,,,,
3073,64,0,0.009407959878444672,,,,
3074,64,0,0.01198684424161911,,,,
3075,64,0,0.010827010497450829,,,,
3076,64,0,0.010977648198604584,,,,
3077,64,0,0.007776375859975815,,,,
3078,64,0,0.010880514979362488,,,,
3079,64,0,0.00998825766146183,,,,
3080,64,0,0.008226974867284298,,,,
3081,64,0,0.008964850567281246,,,,
3082,64,0,0.012648331001400948,,,,
3083,64,0,0.010149018839001656,,,,
3084,64,0,0.011035855859518051,,,,
3085,64,0,0.009768839925527573,,,,
3086,64,0,0.008794278837740421,,,,
3087,64,0,0.009390919469296932,,,,
3088,64,0,0.010461057536303997,,,,
3089,64,0,0.009999196976423264,,,,
3090,64,0,0.01008581556379795,,,,
3091,64,0,0.010662845335900784,,,,
3092,64,0,0.00850844569504261,,,,
3093,64,0,0.009416546672582626,,,,
3094,64,0,0.00983964093029499,,,,
3095,64,0,0.009581321850419044,,,,
3096,64,0,0.012617114000022411,,,,
3097,64,0,0.01135579776018858,,,,
3098,64,0,0.008986707776784897,,,,
3099,64,0,0.010993724688887596,,,,
3100,64,0,0.00963224284350872,,,,
3101,64,0,0.009571893140673637,,,,
3102,64,0,0.01157593633979559,,,,
3103,64,0,0.010626448318362236,,,,
3104,64,0,0.009542080573737621,,,,
3105,64,0,0.010560846887528896,,,,
3106,64,0,0.013135954737663269,,,,
3107,64,0,0.00997164472937584,,,,
3108,64,0,0.014086122624576092,,,,
3109,64,0,0.010382896289229393,,,,
3110,64,0,0.009189220145344734,,,,
3111,64,0,0.011569860391318798,,,,
3112,64,0,0.010180648416280746,,,,
3113,64,0,0.009562226012349129,,,,
3114,64,0,0.009180998429656029,,,,
3115,64,0,0.012674098834395409,,,,
3116,64,0,0.009569644927978516,,,,
3117,64,0,0.00937772449105978,,,,
3118,64,0,0.00975420605391264,,,,
3119,64,0,0.010109403170645237,,,,
3120,64,0,0.01126765739172697,,,,
3121,64,0,0.00965116173028946,,,,
3122,64,0,0.009166459552943707,,,,
3123,64,0,0.008545393124222755,,,,
3124,64,0,0.009665034711360931,,,,
3125,64,0,0.01021258719265461,,,,
3126,64,0,0.007897550240159035,,,,
3127,64,0,0.01013326458632946,,,,
3128,64,0,0.009559138678014278,,,,
3129,64,0,0.009656475856900215,,,,
3130,64,0,0.009009100496768951,,,,
3131,64,0,0.007784134708344936,,,,
3132,64,0,0.011688770726323128,,,,
3133,64,0,0.009358617477118969,,,,
3134,64,0,0.01077919453382492,,,,
3135,64,0,0.011832314543426037,,,,
3136,64,0,0.010364135727286339,,,,
3137,64,0,0.009901599958539009,,,,
3138,64,0,0.008148475550115108,,,,
3139,64,0,0.008834229782223701,,,,
3140,64,0,0.009961770847439766,,,,
3141,64,0,0.009339505806565285,,,,
3142,64,0,0.009558577090501785,,,,
3143,64,0,0.011668222025036812,,,,
3144,64,0,0.010948706418275833,,,,
3145,64,0,0.008974551223218441,,,,
3146,64,0,0.009293640032410622,,,,
3147,64,0,0.009660439565777779,,,,
3148,64,0,0.011802907101809978,,,,
3149,64,0,0.0087394705042243,,,,
3150,64,0,0.009945674799382687,,,,
3151,64,0,0.01076982356607914,,,,
3152,64,0,0.00939997285604477,,,,
3153,64,0,0.010422572493553162,,,,
3154,64,0,0.00991141702979803,,,,
3155,64,0,0.011167820543050766,,,,
3156,64,0,0.008734512142837048,,,,
3157,64,0,0.010779576376080513,,,,
3158,64,0,0.010426303371787071,,,,
3159,64,0,0.00885641947388649,,,,
3160,64,0,0.010739093646407127,,,,
3161,64,0,0.012090298347175121,,,,
3162,64,0,0.010317758657038212,,,,
3163,64,0,0.008469595573842525,,,,
3164,64,0,0.011274255812168121,,,,
3165,64,0,0.011125552468001842,,,,
3166,64,0,0.011590167880058289,,,,
3167,64,0,0.008423969149589539,,,,
3168,64,0,0.008828822523355484,,,,
3169,64,0,0.008693180046975613,,,,
3170,64,0,0.00878073088824749,,,,
3171,64,0,0.009978529065847397,,,,
3172,64,0,0.009687544777989388,,,,
3173,64,0,0.009842051193118095,,,,
3174,64,0,0.013513277284801006,,,,
3175,64,0,0.0101444311439991,,,,
3176,64,0,0.009690952487289906,,,,
3177,64,0,0.011853039264678955,,,,
3178,64,0,0.010547969490289688,,,,
3179,64,0,0.008752970024943352,,,,
3180,64,0,0.010751347057521343,,,,
3181,64,0,0.00872725248336792,,,,
3182,64,0,0.010364293120801449,,,,
3183,64,0,0.00824668351560831,,,,
3184,64,0,0.009914075955748558,,,,
3185,64,0,0.011383745819330215,,,,
3186,64,0,0.009374173358082771,,,,
3187,64,0,0.011820469051599503,,,,
3188,64,0,0.009877178817987442,,,,
3189,64,0,0.00954318419098854,,,,
3190,64,0,0.011783263646066189,,,,
3191,64,0,0.009013522416353226,,,,
3192,64,0,0.008266712538897991,,,,
3193,64,0,0.010378489270806313,,,,
3194,64,0,0.00928458385169506,,,,
3195,64,0,0.009784203954041004,,,,
3196,64,0,0.008546402677893639,,,,
3197,64,0,0.008232522755861282,,,,
3198,64,0,0.008403207175433636,,,,
3199,64,0,0.011443251743912697,,,,
3200,64,0,0.011846492998301983,,,,
3201,64,0,0.007945403456687927,,,,
3202,64,0,0.010780496522784233,,,,
3203,64,0,0.010392158292233944,,,,
3204,64,0,0.009044693782925606,,,,
3205,64,0,0.008673245087265968,,,,
3206,64,0,0.008475491777062416,,,,
3207,64,0,0.008043332025408745,,,,
3208,64,0,0.011413674801588058,,,,
3209,64,0,0.008166108280420303,,,,
3210,64,0,0.009672713465988636,,,,
3211,64,0,0.011988462880253792,,,,
3212,64,0,0.009507797658443451,,,,
3213,64,0,0.008701610378921032,,,,
3214,64,0,0.009474074468016624,,,,
3215,64,0,0.007965901866555214,,,,
3216,64,0,0.00850048940628767,,,,
3217,64,0,0.009165933355689049,,,,
3218,64,0,0.010438703000545502,,,,
3219,64,0,0.010550256818532944,,,,
3220,64,0,0.008610702119767666,,,,
3221,64,0,0.012818715535104275,,,,
3222,64,0,0.008951216004788876,,,,
3223,64,0,0.010986517183482647,,,,
3224,64,0,0.009625595062971115,,,,
3225,64,0,0.008189337328076363,,,,
3226,64,0,0.010939515195786953,,,,
3227,64,0,0.009588337503373623,,,,
3228,64,0,0.009025613777339458,,,,
3229,64,0,0.010266466066241264,,,,
3230,64,0,0.009259004145860672,,,,
3231,64,0,0.007772198878228664,,,,
3232,64,0,0.010020786896348,,,,
3233,64,0,0.009989479556679726,,,,
3234,64,0,0.00867478922009468,,,,
3235,64,0,0.00904204323887825,,,,
3236,64,0,0.009590202942490578,,,,
3237,64,0,0.0080892164260149,,,,
3238,64,0,0.007838273420929909,,,,
3239,64,0,0.009665088728070259,,,,
3240,64,0,0.01150546781718731,,,,
3241,64,0,0.009937836788594723,,,,
3242,64,0,0.009319247677922249,,,,
3243,64,0,0.01126619428396225,,,,
3244,64,0,0.008750319480895996,,,,
3245,64,0,0.010936851613223553,,,,
3246,64,0,0.010069290176033974,,,,
3247,64,0,0.010092099197208881,,,,
3248,64,0,0.011250995099544525,,,,
3249,64,0,0.009646382182836533,,,,
3250,64,0,0.010134092532098293,,,,
3251,64,0,0.00891060195863247,,,,
3252,64,0,0.009933218359947205,,,,
3253,64,0,0.010394090786576271,,,,
3254,64,0,0.010136345401406288,,,,
3255,64,0,0.008483223617076874,,,,
3256,64,0,0.009867032058537006,,,,
3257,64,0,0.011112193576991558,,,,
3258,64,0,0.009040314704179764,,,,
3259,64,0,0.008836256340146065,,,,
3260,64,0,0.010004723444581032,,,,
3261,64,0,0.010114076547324657,,,,
3262,64,0,0.009436337277293205,,,,
3263,64,0,0.010571527294814587,,,,
3264,64,0,0.008922958746552467,,,,
3265,64,0,0.010618820786476135,,,,
3266,64,0,0.011499093845486641,,,,
3267,64,0,0.010403323918581009,,,,
3268,64,0,0.008237745612859726,,,,
3269,64,0,0.012130077928304672,,,,
3270,64,0,0.008803948760032654,,,,
3271,64,0,0.009540867060422897,,,,
3272,64,0,0.012531016021966934,,,,
3273,64,0,0.011872458271682262,,,,
3274,64,0,0.010533789172768593,,,,
3275,64,0,0.009736733511090279,,,,
3276,64,0,0.010411720722913742,,,,
3277,64,0,0.010342876426875591,,,,
3278,64,0,0.011888056993484497,,,,
3279,64,0,0.00819153618067503,,,,
3280,64,0,0.00827161967754364,,,,
3281,64,0,0.010417553596198559,,,,
3282,64,0,0.01036001555621624,,,,
3283,64,0,0.010018670000135899,,,,
3284,64,0,0.011548872105777264,,,,
3285,64,0,0.010438801720738411,,,,
3286,64,0,0.009446241892874241,,,,
3287,64,0,0.010757861658930779,,,,
3288,64,0,0.013907043263316154,,,,
3289,64,0,0.011468365788459778,,,,
3290,64,0,0.009154722094535828,,,,
3291,64,0,0.011176085099577904,,,,
3292,64,0,0.010121557861566544,,,,
3293,64,0,0.010127831250429153,,,,
3294,64,0,0.01052805781364441,,,,
3295,64,0,0.009905558079481125,,,,
3296,64,0,0.009149223566055298,,,,
3297,64,0,0.010532863438129425,,,,
3298,64,0,0.009710855782032013,,,,
3299,64,0,0.00849936343729496,,,,
3300,64,0,0.009982753545045853,,,,
3301,64,0,0.010367405600845814,,,,
3302,64,0,0.00912662222981453,,,,
3303,64,0,0.010317002423107624,,,,
3304,64,0,0.010869156569242477,,,,
3305,64,0,0.008418174460530281,,,,
3306,64,0,0.008902370929718018,,,,
3307,64,0,0.009531598538160324,,,,
3308,64,0,0.010009469464421272,,,,
3309,64,0,0.007752752862870693,,,,
3310,64,0,0.01054510660469532,,,,
3311,64,0,0.009809521958231926,,,,
3312,64,0,0.01005307026207447,,,,
3313,64,0,0.008813152089715004,,,,
3314,64,0,0.009190984070301056,,,,
3315,64,0,0.010763002559542656,,,,
3316,64,0,0.012694431468844414,,,,
3317,64,0,0.008704598993062973,,,,
3318,64,0,0.009609994478523731,,,,
3319,64,0,0.009924117475748062,,,,
3320,64,0,0.008882824331521988,,,,
3321,64,0,0.009574505500495434,,,,
3322,64,0,0.009493786841630936,,,,
3323,64,0,0.008920831605792046,,,,
3324,64,0,0.0073929294012486935,,,,
3325,64,0,0.009544089436531067,,,,
3326,64,0,0.01140582375228405,,,,
3327,64,0,0.012166876345872879,,,,
3328,64,0,0.008373452350497246,,,,
3329,64,0,0.009046629071235657,,,,
3330,64,0,0.00803676713258028,,,,
3331,64,0,0.010984718799591064,,,,
3332,64,0,0.008330561220645905,,,,
3333,64,0,0.010064274072647095,,,,
3334,64,0,0.008095883764326572,,,,
3335,64,0,0.011482184752821922,,,,
3336,64,0,0.010061195120215416,,,,
3337,64,0,0.010188426822423935,,,,
3338,64,0,0.011078211478888988,,,,
3339,64,0,0.010800871066749096,,,,
3340,64,0,0.0096736503764987,,,,
3341,64,0,0.010664854198694229,,,,
3342,64,0,0.011441248469054699,,,,
3343,64,0,0.010194254107773304,,,,
3344,64,0,0.008518477901816368,,,,
3345,64,0,0.008952105417847633,,,,
3346,64,0,0.009294369257986546,,,,
3347,64,0,0.007784224580973387,,,,
3348,64,0,0.008845942094922066,,,,
3349,64,0,0.008686909452080727,,,,
3350,64,0,0.009313174523413181,,,,
3351,64,0,0.009317204356193542,,,,
3352,64,0,0.01141677051782608,,,,
3353,64,0,0.00794527493417263,,,,
3354,64,0,0.00955247599631548,,,,
3355,64,0,0.009413264691829681,,,,
3356,64,0,0.00830624159425497,,,,
3357,64,0,0.00857837125658989,,,,
3358,64,0,0.008163336664438248,,,,
3359,64,0,0.010193407535552979,,,,
3360,64,0,0.010162385180592537,,,,
3361,64,0,0.009434167295694351,,,,
3362,64,0,0.008600866422057152,,,,
3363,64,0,0.009409128688275814,,,,
3364,64,0,0.010161157697439194,,,,
3365,64,0,0.009815199300646782,,,,
3366,64,0,0.009645400568842888,,,,
3367,64,0,0.010880419984459877,,,,
3368,64,0,0.00862760841846466,,,,
3369,64,0,0.00944770872592926,,,,
3370,64,0,0.010276222601532936,,,,
3371,64,0,0.01019964274019003,,,,
3372,64,0,0.009434958919882774,,,,
3373,64,0,0.009299544617533684,,,,
3374,64,0,0.009059454314410686,,,,
3375,64,0,0.009932740591466427,,,,
3376,64,0,0.011264021508395672,,,,
3377,64,0,0.009438554756343365,,,,
3378,64,0,0.009823594242334366,,,,
3379,64,0,0.010035418905317783,,,,
3380,64,0,0.0087854890152812,,,,
3381,64,0,0.009177513420581818,,,,
3382,64,0,0.010988081805408001,,,,
3383,64,0,0.009771402925252914,,,,
3384,64,0,0.011770598590373993,,,,
3385,64,0,0.009105749428272247,,,,
3386,64,0,0.008534408174455166,,,,
3387,64,0,0.008609930984675884,,,,
3388,64,0,0.009525900706648827,,,,
3389,64,0,0.010565857402980328,,,,
3390,64,0,0.010026965290307999,,,,
3391,64,0,0.009679306298494339,,,,
3392,64,0,0.011377244256436825,,,,
3393,64,0,0.010096393525600433,,,,
3394,64,0,0.01124773733317852,,,,
3395,64,0,0.01152859628200531,,,,
3396,64,0,0.010938175022602081,,,,
3397,64,0,0.01011362113058567,,,,
3398,64,0,0.011169328354299068,,,,
3399,64,0,0.010323552414774895,,,,
3400,64,0,0.011484230868518353,,,,
3401,64,0,0.009301744401454926,,,,
3402,64,0,0.008216380141675472,,,,
3403,64,0,0.011332863941788673,,,,
3404,64,0,0.009242130443453789,,,,
3405,64,0,0.009783763438463211,,,,
3406,64,0,0.010693516582250595,,,,
3407,64,0,0.009285892359912395,,,,
3408,64,0,0.01001906767487526,,,,
3409,64,0,0.009754359722137451,,,,
3410,64,0,0.010187439620494843,,,,
3411,64,0,0.009515858255326748,,,,
3412,64,0,0.00862776767462492,,,,
3413,64,0,0.008773389272391796,,,,
3414,64,0,0.00968516618013382,,,,
3415,64,0,0.008778348565101624,,,,
3416,64,0,0.010809101164340973,,,,
3417,64,0,0.008740668185055256,,,,
3418,64,0,0.010982031933963299,,,,
3419,64,0,0.012044085189700127,,,,
3420,64,0,0.010212630964815617,,,,
3421,64,0,0.009193776175379753,,,,
3422,64,0,0.00912553258240223,,,,
3423,64,0,0.010253136977553368,,,,
3424,64,0,0.00968620739877224,,,,
3425,64,0,0.009838342666625977,,,,
3426,64,0,0.009622583165764809,,,,
3427,64,0,0.007362206932157278,,,,
3428,64,0,0.008876163512468338,,,,
3429,64,0,0.010267872363328934,,,,
3430,64,0,0.011028657667338848,,,,
3431,64,0,0.011730900034308434,,,,
3432,64,0,0.009622162207961082,,,,
3433,64,0,0.008495884947478771,,,,
3434,64,0,0.008637032471597195,,,,
3435,64,0,0.00879749283194542,,,,
3436,64,0,0.010489965789020061,,,,
3437,64,0,0.009288307279348373,,,,
3438,64,0,0.008572418242692947,,,,
3439,64,0,0.0072613367810845375,,,,
3440,64,0,0.0108440350741148,,,,
3441,64,0,0.010431434027850628,,,,
3442,64,0,0.012275542132556438,,,,
3443,64,0,0.010849572718143463,,,,
3444,64,0,0.008186403661966324,,,,
3445,64,0,0.009215803816914558,,,,
3446,64,0,0.011818775907158852,,,,
3447,64,0,0.011720888316631317,,,,
3448,64,0,0.01029522716999054,,,,
3449,64,0,0.01069425605237484,,,,
3450,64,0,0.010961189866065979,,,,
3451,64,0,0.01065587904304266,,,,
3452,64,0,0.009690888226032257,,,,
3453,64,0,0.009958537295460701,,,,
3454,64,0,0.00818497035652399,,,,
3455,64,0,0.009085575118660927,,,,
3456,64,0,0.00913328118622303,,,,
3457,64,0,0.009570835158228874,,,,
3458,64,0,0.010199815034866333,,,,
3459,64,0,0.008226493373513222,,,,
3460,64,0,0.008718689903616905,,,,
3461,64,0,0.00975366123020649,,,,
3462,64,0,0.010047417134046555,,,,
3463,64,0,0.008436353877186775,,,,
3464,64,0,0.00930116605013609,,,,
3465,64,0,0.011271355673670769,,,,
3466,64,0,0.0100428257137537,,,,
3467,64,0,0.009013885632157326,,,,
3468,64,0,0.010010107420384884,,,,
3469,64,0,0.007940906099975109,,,,
3470,64,0,0.01126057282090187,,,,
3471,64,0,0.00833881925791502,,,,
3472,64,0,0.008621501736342907,,,,
3473,64,0,0.007914633490145206,,,,
3474,64,0,0.008391527459025383,,,,
3475,64,0,0.009792766533792019,,,,
3476,64,0,0.009045351296663284,,,,
3477,64,0,0.007713258266448975,,,,
3478,64,0,0.010521581396460533,,,,
3479,64,0,0.009871701709926128,,,,
3480,64,0,0.007779574953019619,,,,
3481,64,0,0.008539545349776745,,,,
3482,64,0,0.009122446179389954,,,,
3483,64,0,0.00920152198523283,,,,
3484,64,0,0.008814823813736439,,,,
3485,64,0,0.007819639518857002,,,,
3486,64,0,0.009362938813865185,,,,
3487,64,0,0.010396330617368221,,,,
3488,64,0,0.010201733559370041,,,,
3489,64,0,0.008714121766388416,,,,
3490,64,0,0.00999309029430151,,,,
3491,64,0,0.009980067610740662,,,,
3492,64,0,0.010727010667324066,,,,
3493,64,0,0.011042213067412376,,,,
3494,64,0,0.009280260652303696,,,,
3495,64,0,0.009415536187589169,,,,
3496,64,0,0.010817687027156353,,,,
3497,64,0,0.010300861671566963,,,,
3498,64,0,0.012315638363361359,,,,
3499,64,0,0.0105915991589427,,,,
3500,64,0,0.009770683012902737,,,,
3501,64,0,0.009123926982283592,,,,
3502,64,0,0.00870436616241932,,,,
3503,64,0,0.011127548292279243,,,,
3504,64,0,0.00861363671720028,,,,
3505,64,0,0.008128099143505096,,,,
3506,64,0,0.009414171800017357,,,,
3507,64,0,0.009787606075406075,,,,
3508,64,0,0.008443543687462807,,,,
3509,64,0,0.0085368687286973,,,,
3510,64,0,0.009360821917653084,,,,
3511,64,0,0.00803771149367094,,,,
3512,64,0,0.011448977515101433,,,,
3513,64,0,0.007505716755986214,,,,
3514,64,0,0.008149411529302597,,,,
3515,64,0,0.008999496698379517,,,,
3516,64,0,0.010349665768444538,,,,
3517,64,0,0.00834108330309391,,,,
3518,64,0,0.01058267056941986,,,,
3519,64,0,0.008554221130907536,,,,
3520,64,0,0.008044308051466942,,,,
3521,64,0,0.01021593902260065,,,,
3522,64,0,0.008952444419264793,,,,
3523,64,0,0.008689314126968384,,,,
3524,64,0,0.010243169963359833,,,,
3525,64,0,0.011273298412561417,,,,
3526,64,0,0.011202494613826275,,,,
3527,64,0,0.009375001303851604,,,,
3528,64,0,0.009849326685070992,,,,
3529,64,0,0.008843268267810345,,,,
3530,64,0,0.008994726464152336,,,,
3531,64,0,0.010846483521163464,,,,
3532,64,0,0.007457755506038666,,,,
3533,64,0,0.010378086939454079,,,,
3534,64,0,0.012505501508712769,,,,
3535,64,0,0.009369324892759323,,,,
3536,64,0,0.012268420308828354,,,,
3537,64,0,0.011055640876293182,,,,
3538,64,0,0.01012936420738697,,,,
3539,64,0,0.007991715334355831,,,,
3540,64,0,0.011339345946907997,,,,
3541,64,0,0.00954316183924675,,,,
3542,64,0,0.009289036504924297,,,,
3543,64,0,0.011998015455901623,,,,
3544,64,0,0.008316042833030224,,,,
3545,64,0,0.011495521292090416,,,,
3546,64,0,0.009388556703925133,,,,
3547,64,0,0.010171116329729557,,,,
3548,64,0,0.009799053892493248,,,,
3549,64,0,0.009999438188970089,,,,
3550,64,0,0.008952181786298752,,,,
3551,64,0,0.010274308733642101,,,,
3552,64,0,0.011145095340907574,,,,
3553,64,0,0.009331759065389633,,,,
3554,64,0,0.008171199820935726,,,,
3555,64,0,0.009787090122699738,,,,
3556,64,0,0.010334055870771408,,,,
3557,64,0,0.008062350563704967,,,,
3558,64,0,0.009252303279936314,,,,
3559,64,0,0.009249922819435596,,,,
3560,64,0,0.00967186875641346,,,,
3561,64,0,0.01055358536541462,,,,
3562,64,0,0.008322186768054962,,,,
3563,64,0,0.00862717442214489,,,,
3564,64,0,0.008867990225553513,,,,
3565,64,0,0.00859000813215971,,,,
3566,64,0,0.008309462107717991,,,,
3567,64,0,0.008939353749155998,,,,
3568,64,0,0.009331641718745232,,,,
3569,64,0,0.007974296808242798,,,,
3570,64,0,0.008741422556340694,,,,
3571,64,0,0.011379512958228588,,,,
3572,64,0,0.00863487645983696,,,,
3573,64,0,0.01045253872871399,,,,
3574,64,0,0.009967303834855556,,,,
3575,64,0,0.00827810913324356,,,,
3576,64,0,0.01073173712939024,,,,
3577,64,0,0.010190892964601517,,,,
3578,64,0,0.007787520997226238,,,,
3579,64,0,0.009026294574141502,,,,
3580,64,0,0.008045627735555172,,,,
3581,64,0,0.00876291561871767,,,,
3582,64,0,0.00863014068454504,,,,
3583,64,0,0.011197230778634548,,,,
3584,64,0,0.00821671262383461,,,,
3585,64,0,0.008875502273440361,,,,
3586,64,0,0.009444269351661205,,,,
3587,64,0,0.010409621521830559,,,,
3588,64,0,0.009947225451469421,,,,
3589,64,0,0.00885822158306837,,,,
3590,64,0,0.009300517849624157,,,,
3591,64,0,0.009227974340319633,,,,
3592,64,0,0.008574659004807472,,,,
3593,64,0,0.011546066962182522,,,,
3594,64,0,0.009653039276599884,,,,
3595,64,0,0.008915416896343231,,,,
3596,64,0,0.01095205545425415,,,,
3597,64,0,0.011445075273513794,,,,
3598,64,0,0.008111814968287945,,,,
3599,64,0,0.008040543645620346,,,,
3600,64,0,0.009644754230976105,,,,
3601,64,0,0.00984777882695198,,,,
3602,64,0,0.008960340172052383,,,,
3603,64,0,0.009922748431563377,,,,
3604,64,0,0.00907481275498867,,,,
3605,64,0,0.009157928638160229,,,,
3606,64,0,0.00840684026479721,,,,
3607,64,0,0.00884023867547512,,,,
3608,64,0,0.007865841500461102,,,,
3609,64,0,0.010030832141637802,,,,
3610,64,0,0.007961789146065712,,,,
3611,64,0,0.008488512597978115,,,,
3612,64,0,0.009574325755238533,,,,
3613,64,0,0.009401340037584305,,,,
3614,64,0,0.009068935178220272,,,,
3615,64,0,0.0098140649497509,,,,
3616,64,0,0.007761791348457336,,,,
3617,64,0,0.008295990526676178,,,,
3618,64,0,0.00989614985883236,,,,
3619,64,0,0.008361369371414185,,,,
3620,64,0,0.009721326641738415,,,,
3621,64,0,0.009447949938476086,,,,
3622,64,0,0.00832531787455082,,,,
3623,64,0,0.007940638810396194,,,,
3624,64,0,0.007570977322757244,,,,
3625,64,0,0.009989449754357338,,,,
3626,64,0,0.00785784237086773,,,,
3627,64,0,0.007847661152482033,,,,
3628,64,0,0.007350698113441467,,,,
3629,64,0,0.007781562861055136,,,,
3630,64,0,0.008970515802502632,,,,
3631,64,0,0.008092619478702545,,,,
3632,64,0,0.00800713524222374,,,,
3633,64,0,0.00804504007101059,,,,
3634,64,0,0.008864014409482479,,,,
3635,64,0,0.01032994780689478,,,,
3636,64,0,0.00845547765493393,,,,
3637,64,0,0.00907990150153637,,,,
3638,64,0,0.00871315412223339,,,,
3639,64,0,0.009798476472496986,,,,
3640,64,0,0.010240019299089909,,,,
3641,64,0,0.009503119625151157,,,,
3642,64,0,0.009627156890928745,,,,
3643,64,0,0.008366463705897331,,,,
3644,64,0,0.007521338760852814,,,,
3645,64,0,0.007447153329849243,,,,
3646,64,0,0.00988759845495224,,,,
3647,64,0,0.008257481269538403,,,,
3648,64,0,0.008515343070030212,,,,
3649,64,0,0.007774867117404938,,,,
3650,64,0,0.008959363214671612,,,,
3651,64,0,0.008753195405006409,,,,
3652,64,1,0.00948510691523552,,,,
3653,64,1,0.009969129227101803,,,,
3654,64,1,0.009097504429519176,,,,
3655,64,1,0.008079471066594124,,,,
3656,64,1,0.008953805081546307,,,,
3657,64,1,0.008290807716548443,,,,
3658,64,1,0.009784920141100883,,,,
3659,64,1,0.010165237821638584,,,,
3660,64,1,0.008257592096924782,,,,
3661,64,1,0.00930633582174778,,,,
3662,64,1,0.009757432155311108,,,,
3663,64,1,0.008585742674767971,,,,
3664,64,1,0.010764761827886105,,,,
3665,64,1,0.009304741397500038,,,,
3666,64,1,0.009814329445362091,,,,
3667,64,1,0.008491149172186852,,,,
3668,64,1,0.006976725067943335,,,,
3669,64,1,0.008661315776407719,,,,
3670,64,1,0.010159231722354889,,,,
3671,64,1,0.008869308978319168,,,,
3672,64,1,0.008609890937805176,,,,
3673,64,1,0.007275417447090149,,,,
3674,64,1,0.008144127205014229,,,,
3675,64,1,0.00777275487780571,,,,
3676,64,1,0.008489499799907207,,,,
3677,64,1,0.007304074242711067,,,,
3678,64,1,0.009566841647028923,,,,
3679,64,1,0.00758989667519927,,,,
3680,64,1,0.008343011140823364,,,,
3681,64,1,0.007673401385545731,,,,
3682,64,1,0.009244309738278389,,,,
3683,64,1,0.008672590367496014,,,,
3684,64,1,0.009932305663824081,,,,
3685,64,1,0.007774755358695984,,,,
3686,64,1,0.00819157063961029,,,,
3687,64,1,0.013007694855332375,,,,
3688,64,1,0.008437235839664936,,,,
3689,64,1,0.009249242022633553,,,,
3690,64,1,0.008448406122624874,,,,
3691,64,1,0.010174466297030449,,,,
3692,64,1,0.010486563667654991,,,,
3693,64,1,0.00887803453952074,,,,
3694,64,1,0.00787561759352684,,,,
3695,64,1,0.009134266525506973,,,,
3696,64,1,0.009660373441874981,,,,
3697,64,1,0.007509277667850256,,,,
3698,64,1,0.00961995031684637,,,,
3699,64,1,0.008266794495284557,,,,
3700,64,1,0.009738982655107975,,,,
3701,64,1,0.01064349990338087,,,,
3702,64,1,0.010535265319049358,,,,
3703,64,1,0.00872959103435278,,,,
3704,64,1,0.009756430983543396,,,,
3705,64,1,0.008280574344098568,,,,
3706,64,1,0.009587101638317108,,,,
3707,64,1,0.0104747973382473,,,,
3708,64,1,0.009280506521463394,,,,
3709,64,1,0.010443045757710934,,,,
3710,64,1,0.010575555264949799,,,,
3711,64,1,0.011467481963336468,,,,
3712,64,1,0.010446516796946526,,,,
3713,64,1,0.007892558351159096,,,,
3714,64,1,0.007975809276103973,,,,
3715,64,1,0.010459977202117443,,,,
3716,64,1,0.01054929569363594,,,,
3717,64,1,0.009176957421004772,,,,
3718,64,1,0.01145277451723814,,,,
3719,64,1,0.008853508159518242,,,,
3720,64,1,0.009663223288953304,,,,
3721,64,1,0.00859394297003746,,,,
3722,64,1,0.009609169326722622,,,,
3723,64,1,0.008636876940727234,,,,
3724,64,1,0.00821826420724392,,,,
3725,64,1,0.008506223559379578,,,,
3726,64,1,0.010348901152610779,,,,
3727,64,1,0.009338833391666412,,,,
3728,64,1,0.007231720723211765,,,,
3729,64,1,0.008932270109653473,,,,
3730,64,1,0.008569680154323578,,,,
3731,64,1,0.007672548294067383,,,,
3732,64,1,0.009069296531379223,,,,
3733,64,1,0.008430739864706993,,,,
3734,64,1,0.009379254654049873,,,,
3735,64,1,0.008633878082036972,,,,
3736,64,1,0.008069653064012527,,,,
3737,64,1,0.008122807368636131,,,,
3738,64,1,0.008873352780938148,,,,
3739,64,1,0.008267603814601898,,,,
3740,64,1,0.008193662390112877,,,,
3741,64,1,0.009618010371923447,,,,
3742,64,1,0.010287017561495304,,,,
3743,64,1,0.00858943723142147,,,,
3744,64,1,0.00993524119257927,,,,
3745,64,1,0.009473415091633797,,,,
3746,64,1,0.010367566719651222,,,,
3747,64,1,0.01019418053328991,,,,
3748,64,1,0.008418980985879898,,,,
3749,64,1,0.009368512779474258,,,,
3750,64,1,0.00757577084004879,,,,
3751,64,1,0.008289116434752941,,,,
3752,64,1,0.007413238286972046,,,,
3753,64,1,0.008774839341640472,,,,
3754,64,1,0.009959081187844276,,,,
3755,64,1,0.010238591581583023,,,,
3756,64,1,0.007414061576128006,,,,
3757,64,1,0.008421963080763817,,,,
3758,64,1,0.0109321977943182,,,,
3759,64,1,0.007717396132647991,,,,
3760,64,1,0.00932647380977869,,,,
3761,64,1,0.008125468157231808,,,,
3762,64,1,0.010514950379729271,,,,
3763,64,1,0.009281191043555737,,,,
3764,64,1,0.007096133194863796,,,,
3765,64,1,0.011117307469248772,,,,
3766,64,1,0.009637817740440369,,,,
3767,64,1,0.007921920157968998,,,,
3768,64,1,0.010188048705458641,,,,
3769,64,1,0.009784160181879997,,,,
3770,64,1,0.010199831798672676,,,,
3771,64,1,0.009128844365477562,,,,
3772,64,1,0.00804698932915926,,,,
3773,64,1,0.007210228126496077,,,,
3774,64,1,0.008352401666343212,,,,
3775,64,1,0.00861669797450304,,,,
3776,64,1,0.008488127961754799,,,,
3777,64,1,0.008410761132836342,,,,
3778,64,1,0.010435657575726509,,,,
3779,64,1,0.007990559563040733,,,,
3780,64,1,0.009249502792954445,,,,
3781,64,1,0.00926512572914362,,,,
3782,64,1,0.007459451910108328,,,,
3783,64,1,0.007973838597536087,,,,
3784,64,1,0.008695494383573532,,,,
3785,64,1,0.010174034163355827,,,,
3786,64,1,0.00902850553393364,,,,
3787,64,1,0.013308855704963207,,,,
3788,64,1,0.008497348986566067,,,,
3789,64,1,0.009390916675329208,,,,
3790,64,1,0.010774589143693447,,,,
3791,64,1,0.00942444708198309,,,,
3792,64,1,0.009868020191788673,,,,
3793,64,1,0.010006016120314598,,,,
3794,64,1,0.009086806327104568,,,,
3795,64,1,0.008469045162200928,,,,
3796,64,1,0.012581865303218365,,,,
3797,64,1,0.010100659914314747,,,,
3798,64,1,0.009013219736516476,,,,
3799,64,1,0.008325742557644844,,,,
3800,64,1,0.009150235913693905,,,,
3801,64,1,0.010440058074891567,,,,
3802,64,1,0.00863889791071415,,,,
3803,64,1,0.00965305045247078,,,,
3804,64,1,0.009207493625581264,,,,
3805,64,1,0.00976348016411066,,,,
3806,64,1,0.009069463238120079,,,,
3807,64,1,0.008201904594898224,,,,
3808,64,1,0.009962495416402817,,,,
3809,64,1,0.00931559782475233,,,,
3810,64,1,0.008630875498056412,,,,
3811,64,1,0.01043197326362133,,,,
3812,64,1,0.008552679792046547,,,,
3813,64,1,0.010246586054563522,,,,
3814,64,1,0.00958416797220707,,,,
3815,64,1,0.010211281478404999,,,,
3816,64,1,0.00911325216293335,,,,
3817,64,1,0.009781131520867348,,,,
3818,64,1,0.009059639647603035,,,,
3819,64,1,0.008071457967162132,,,,
3820,64,1,0.007848905399441719,,,,
3821,64,1,0.009307223372161388,,,,
3822,64,1,0.008399403654038906,,,,
3823,64,1,0.009983629919588566,,,,
3824,64,1,0.01122166495770216,,,,
3825,64,1,0.007198827341198921,,,,
3826,64,1,0.007333074696362019,,,,
3827,64,1,0.010948685929179192,,,,
3828,64,1,0.01019391417503357,,,,
3829,64,1,0.009182865731418133,,,,
3830,64,1,0.009222099557518959,,,,
3831,64,1,0.009773675352334976,,,,
3832,64,1,0.009498356841504574,,,,
3833,64,1,0.00805109553039074,,,,
3834,64,1,0.007416749373078346,,,,
3835,64,1,0.01020541600883007,,,,
3836,64,1,0.009481209330260754,,,,
3837,64,1,0.00988832302391529,,,,
3838,64,1,0.008390342816710472,,,,
3839,64,1,0.008519763126969337,,,,
3840,64,1,0.007939953356981277,,,,
3841,64,1,0.008510645478963852,,,,
3842,64,1,0.007736893370747566,,,,
3843,64,1,0.010125360451638699,,,,
3844,64,1,0.009695840999484062,,,,
3845,64,1,0.0076334550976753235,,,,
3846,64,1,0.008886128664016724,,,,
3847,64,1,0.007800585590302944,,,,
3848,64,1,0.007863475941121578,,,,
3849,64,1,0.0096920570358634,,,,
3850,64,1,0.007946325466036797,,,,
3851,64,1,0.007472691126167774,,,,
3852,64,1,0.008799503557384014,,,,
3853,64,1,0.008981142193078995,,,,
3854,64,1,0.008463467471301556,,,,
3855,64,1,0.008964505977928638,,,,
3856,64,1,0.010564027354121208,,,,
3857,64,1,0.008544227108359337,,,,
3858,64,1,0.008503366261720657,,,,
3859,64,1,0.00905666220933199,,,,
3860,64,1,0.007189146243035793,,,,
3861,64,1,0.007690850179642439,,,,
3862,64,1,0.009483753703534603,,,,
3863,64,1,0.009631289169192314,,,,
3864,64,1,0.009137819521129131,,,,
3865,64,1,0.007848881185054779,,,,
3866,64,1,0.009399653412401676,,,,
3867,64,1,0.008486533537507057,,,,
3868,64,1,0.010512610897421837,,,,
3869,64,1,0.007632204797118902,,,,
3870,64,1,0.006543676368892193,,,,
3871,64,1,0.00925448164343834,,,,
3872,64,1,0.008060178719460964,,,,
3873,64,1,0.00971622858196497,,,,
3874,64,1,0.006802458316087723,,,,
3875,64,1,0.010595835745334625,,,,
3876,64,1,0.00857529602944851,,,,
3877,64,1,0.009190931916236877,,,,
3878,64,1,0.007751397788524628,,,,
3879,64,1,0.008702419698238373,,,,
3880,64,1,0.00846969336271286,,,,
3881,64,1,0.010339653119444847,,,,
3882,64,1,0.012237592600286007,,,,
3883,64,1,0.008453607559204102,,,,
3884,64,1,0.008634490892291069,,,,
3885,64,1,0.00901645328849554,,,,
3886,64,1,0.009158492088317871,,,,
3887,64,1,0.008739338256418705,,,,
3888,64,1,0.007951959036290646,,,,
3889,64,1,0.009089411236345768,,,,
3890,64,1,0.007250446360558271,,,,
3891,64,1,0.0082293301820755,,,,
3892,64,1,0.009469027630984783,,,,
3893,64,1,0.00808075163513422,,,,
3894,64,1,0.007697938941419125,,,,
3895,64,1,0.009010142646729946,,,,
3896,64,1,0.008529672399163246,,,,
3897,64,1,0.008879288099706173,,,,
3898,64,1,0.007534947246313095,,,,
3899,64,1,0.009317861869931221,,,,
3900,64,1,0.007146125193685293,,,,
3901,64,1,0.009530692361295223,,,,
3902,64,1,0.009682447649538517,,,,
3903,64,1,0.00985085777938366,,,,
3904,64,1,0.007565423846244812,,,,
3905,64,1,0.009091882035136223,,,,
3906,64,1,0.006906468421220779,,,,
3907,64,1,0.007830928079783916,,,,
3908,64,1,0.008982882834970951,,,,
3909,64,1,0.00747208995744586,,,,
3910,64,1,0.008441217243671417,,,,
3911,64,1,0.007880911231040955,,,,
3912,64,1,0.009462306275963783,,,,
3913,64,1,0.006797071546316147,,,,
3914,64,1,0.008814223110675812,,,,
3915,64,1,0.009402338415384293,,,,
3916,64,1,0.009430530481040478,,,,
3917,64,1,0.009230035357177258,,,,
3918,64,1,0.008437661454081535,,,,
3919,64,1,0.00986805185675621,,,,
3920,64,1,0.00848916731774807,,,,
3921,64,1,0.009012902155518532,,,,
3922,64,1,0.00792666431516409,,,,
3923,64,1,0.00684834411367774,,,,
3924,64,1,0.010466235689818859,,,,
3925,64,1,0.007685208227485418,,,,
3926,64,1,0.008567998185753822,,,,
3927,64,1,0.008115988224744797,,,,
3928,64,1,0.008176300674676895,,,,
3929,64,1,0.008856603875756264,,,,
3930,64,1,0.0073990910314023495,,,,
3931,64,1,0.008282355032861233,,,,
3932,64,1,0.008847798220813274,,,,
3933,64,1,0.008390465751290321,,,,
3934,64,1,0.009202098473906517,,,,
3935,64,1,0.00831989198923111,,,,
3936,64,1,0.00815575197339058,,,,
3937,64,1,0.008062834851443768,,,,
3938,64,1,0.00896631833165884,,,,
3939,64,1,0.009875164367258549,,,,
3940,64,1,0.007896319963037968,,,,
3941,64,1,0.007929532788693905,,,,
3942,64,1,0.007812714204192162,,,,
3943,64,1,0.010821654461324215,,,,
3944,64,1,0.010442376136779785,,,,
3945,64,1,0.008234391920268536,,,,
3946,64,1,0.008819060400128365,,,,
3947,64,1,0.009114588610827923,,,,
3948,64,1,0.008220830000936985,,,,
3949,64,1,0.008061719126999378,,,,
3950,64,1,0.00946098193526268,,,,
3951,64,1,0.008714718744158745,,,,
3952,64,1,0.008360899053514004,,,,
3953,64,1,0.006934385746717453,,,,
3954,64,1,0.010411189869046211,,,,
3955,64,1,0.008243641816079617,,,,
3956,64,1,0.008233832195401192,,,,
3957,64,1,0.008976785466074944,,,,
3958,64,1,0.009126773104071617,,,,
3959,64,1,0.008901839144527912,,,,
3960,64,1,0.00964848231524229,,,,
3961,64,1,0.007805699482560158,,,,
3962,64,1,0.009027832187712193,,,,
3963,64,1,0.008846057578921318,,,,
3964,64,1,0.010967979207634926,,,,
3965,64,1,0.008079594001173973,,,,
3966,64,1,0.008824504911899567,,,,
3967,64,1,0.008521568030118942,,,,
3968,64,1,0.008990587666630745,,,,
3969,64,1,0.009609446860849857,,,,
3970,64,1,0.007750058081001043,,,,
3971,64,1,0.009388640522956848,,,,
3972,64,1,0.008373934775590897,,,,
3973,64,1,0.00794450007379055,,,,
3974,64,1,0.008787581697106361,,,,
3975,64,1,0.008477939292788506,,,,
3976,64,1,0.008177130483090878,,,,
3977,64,1,0.007005944848060608,,,,
3978,64,1,0.011114275082945824,,,,
3979,64,1,0.008862920105457306,,,,
3980,64,1,0.00883181020617485,,,,
3981,64,1,0.00883380975574255,,,,
3982,64,1,0.007844737730920315,,,,
3983,64,1,0.006874037440866232,,,,
3984,64,1,0.007913250476121902,,,,
3985,64,1,0.0070854537189006805,,,,
3986,64,1,0.009467916563153267,,,,
3987,64,1,0.010704079642891884,,,,
3988,64,1,0.007369284983724356,,,,
3989,64,1,0.007540611550211906,,,,
3990,64,1,0.00868567731231451,,,,
3991,64,1,0.008427933789789677,,,,
3992,64,1,0.009594305418431759,,,,
3993,64,1,0.009825093671679497,,,,
3994,64,1,0.008127998560667038,,,,
3995,64,1,0.01033066026866436,,,,
3996,64,1,0.011956481263041496,,,,
3997,64,1,0.007567852269858122,,,,
3998,64,1,0.009255241602659225,,,,
3999,64,1,0.010269049555063248,,,,
4000,64,1,0.010553499683737755,,0.011090123887233277,0.722125448852094,20.595481567608296
4001,64,1,0.00895712524652481,,,,
4002,64,1,0.008902305737137794,,,,
4003,64,1,0.006335084326565266,,,,
4004,64,1,0.008165368810296059,,,,
4005,64,1,0.009558402001857758,,,,
4006,64,1,0.007632485590875149,,,,
4007,64,1,0.009250003844499588,,,,
4008,64,1,0.008548886515200138,,,,
4009,64,1,0.008994963020086288,,,,
4010,64,1,0.007892733439803123,,,,
4011,64,1,0.008512074127793312,,,,
4012,64,1,0.007161041256040335,,,,
4013,64,1,0.007720544934272766,,,,
4014,64,1,0.008389320224523544,,,,
4015,64,1,0.010863120667636395,,,,
4016,64,1,0.007404312491416931,,,,
4017,64,1,0.008749584667384624,,,,
4018,64,1,0.007890278473496437,,,,
4019,64,1,0.009562227874994278,,,,
4020,64,1,0.008057065308094025,,,,
4021,64,1,0.00851772166788578,,,,
4022,64,1,0.0076432302594184875,,,,
4023,64,1,0.007791632786393166,,,,
4024,64,1,0.009827855043113232,,,,
4025,64,1,0.010249078273773193,,,,
4026,64,1,0.009762957692146301,,,,
4027,64,1,0.007142490707337856,,,,
4028,64,1,0.011018393561244011,,,,
4029,64,1,0.008079852908849716,,,,
4030,64,1,0.007982674986124039,,,,
4031,64,1,0.01014579925686121,,,,
4032,64,1,0.009317278861999512,,,,
4033,64,1,0.008462751284241676,,,,
4034,64,1,0.012789532542228699,,,,
4035,64,1,0.0063726408407092094,,,,
4036,64,1,0.009259006939828396,,,,
4037,64,1,0.007836109027266502,,,,
4038,64,1,0.008947493508458138,,,,
4039,64,1,0.007769176736474037,,,,
4040,64,1,0.006833887659013271,,,,
4041,64,1,0.011582581326365471,,,,
4042,64,1,0.007408282719552517,,,,
4043,64,1,0.007817540317773819,,,,
4044,64,1,0.00939242821186781,,,,
4045,64,1,0.009882842190563679,,,,
4046,64,1,0.008852105587720871,,,,
4047,64,1,0.009738583117723465,,,,
4048,64,1,0.00926742609590292,,,,
4049,64,1,0.008934221230447292,,,,
4050,64,1,0.008139485493302345,,,,
4051,64,1,0.009676309302449226,,,,
4052,64,1,0.00891190767288208,,,,
4053,64,1,0.007092262618243694,,,,
4054,64,1,0.00977120641618967,,,,
4055,64,1,0.010753731243312359,,,,
4056,64,1,0.009471079334616661,,,,
4057,64,1,0.008786632679402828,,,,
4058,64,1,0.008835682645440102,,,,
4059,64,1,0.008470368571579456,,,,
4060,64,1,0.007790255825966597,,,,
4061,64,1,0.007373742293566465,,,,
4062,64,1,0.007632266264408827,,,,
4063,64,1,0.01147148571908474,,,,
4064,64,1,0.00741999875754118,,,,
4065,64,1,0.008707541972398758,,,,
4066,64,1,0.009409544989466667,,,,
4067,64,1,0.007977365516126156,,,,
4068,64,1,0.008886974304914474,,,,
4069,64,1,0.007576026953756809,,,,
4070,64,1,0.01124213170260191,,,,
4071,64,1,0.009608211927115917,,,,
4072,64,1,0.00923229567706585,,,,
4073,64,1,0.008953901007771492,,,,
4074,64,1,0.007750384043902159,,,,
4075,64,1,0.00895692314952612,,,,
4076,64,1,0.006837507244199514,,,,
4077,64,1,0.008313042111694813,,,,
4078,64,1,0.0070375255309045315,,,,
4079,64,1,0.010175817646086216,,,,
4080,64,1,0.008212725631892681,,,,
4081,64,1,0.009729549288749695,,,,
4082,64,1,0.0074651846662163734,,,,
4083,64,1,0.008059842512011528,,,,
4084,64,1,0.00905977189540863,,,,
4085,64,1,0.010118549689650536,,,,
4086,64,1,0.00959906168282032,,,,
4087,64,1,0.011356929317116737,,,,
4088,64,1,0.0090262982994318,,,,
4089,64,1,0.009146149270236492,,,,
4090,64,1,0.011316830292344093,,,,
4091,64,1,0.008668487891554832,,,,
4092,64,1,0.008609278127551079,,,,
4093,64,1,0.009130662307143211,,,,
4094,64,1,0.01189744658768177,,,,
4095,64,1,0.010259419679641724,,,,
4096,64,1,0.006799038499593735,,,,
4097,64,1,0.009381316602230072,,,,
4098,64,1,0.014082337729632854,,,,
4099,64,1,0.007799536921083927,,,,
4100,64,1,0.015025141648948193,,,,
4101,64,1,0.008488856256008148,,,,
4102,64,1,0.010252917185425758,,,,
4103,64,1,0.008126286789774895,,,,
4104,64,1,0.008681213483214378,,,,
4105,64,1,0.010402443818747997,,,,
4106,64,1,0.009247799403965473,,,,
4107,64,1,0.009677832946181297,,,,
4108,64,1,0.010287338867783546,,,,
4109,64,1,0.009407209232449532,,,,
4110,64,1,0.007169210817664862,,,,
4111,64,1,0.009271956980228424,,,,
4112,64,1,0.006869805045425892,,,,
4113,64,1,0.01036196481436491,,,,
4114,64,1,0.008615747094154358,,,,
4115,64,1,0.008693530224263668,,,,
4116,64,1,0.011043216101825237,,,,
4117,64,1,0.008842483162879944,,,,
4118,64,1,0.008214328438043594,,,,
4119,64,1,0.008909589610993862,,,,
4120,64,1,0.008455748669803143,,,,
4121,64,1,0.008214449509978294,,,,
4122,64,1,0.01012086309492588,,,,
4123,64,1,0.009329930879175663,,,,
4124,64,1,0.008564308285713196,,,,
4125,64,1,0.008461106568574905,,,,
4126,64,1,0.008595427498221397,,,,
4127,64,1,0.010652272962033749,,,,
4128,64,1,0.00946096982806921,,,,
4129,64,1,0.011444270610809326,,,,
4130,64,1,0.009869303554296494,,,,
4131,64,1,0.009582428261637688,,,,
4132,64,1,0.012685387395322323,,,,
4133,64,1,0.00562088331207633,,,,
4134,64,1,0.0099783418700099,,,,
4135,64,1,0.008322750218212605,,,,
4136,64,1,0.009922197088599205,,,,
4137,64,1,0.010237051174044609,,,,
4138,64,1,0.008719469420611858,,,,
4139,64,1,0.009051340632140636,,,,
4140,64,1,0.010267647914588451,,,,
4141,64,1,0.009345958940684795,,,,
4142,64,1,0.009350049309432507,,,,
4143,64,1,0.009247072041034698,,,,
4144,64,1,0.009158704429864883,,,,
4145,64,1,0.010361571796238422,,,,
4146,64,1,0.011049645952880383,,,,
4147,64,1,0.01115840207785368,,,,
4148,64,1,0.00990649126470089,,,,
4149,64,1,0.008830889128148556,,,,
4150,64,1,0.00971110537648201,,,,
4151,64,1,0.009529299102723598,,,,
4152,64,1,0.011108379811048508,,,,
4153,64,1,0.00868687778711319,,,,
4154,64,1,0.006693798117339611,,,,
4155,64,1,0.010125535540282726,,,,
4156,64,1,0.007503730244934559,,,,
4157,64,1,0.009629305452108383,,,,
4158,64,1,0.009175274521112442,,,,
4159,64,1,0.009011760354042053,,,,
4160,64,1,0.008862750604748726,,,,
4161,64,1,0.007525851018726826,,,,
4162,64,1,0.008768489584326744,,,,
4163,64,1,0.008515584282577038,,,,
4164,64,1,0.008474277332425117,,,,
4165,64,1,0.008094379678368568,,,,
4166,64,1,0.007521278690546751,,,,
4167,64,1,0.008858414366841316,,,,
4168,64,1,0.00942784920334816,,,,
4169,64,1,0.008928957395255566,,,,
4170,64,1,0.008937045931816101,,,,
4171,64,1,0.007004944141954184,,,,
4172,64,1,0.008570224046707153,,,,
4173,64,1,0.007440721616148949,,,,
4174,64,1,0.009860966354608536,,,,
4175,64,1,0.009558863006532192,,,,
4176,64,1,0.009708456695079803,,,,
4177,64,1,0.00777348643168807,,,,
4178,64,1,0.0075404345989227295,,,,
4179,64,1,0.00745945330709219,,,,
4180,64,1,0.008596393279731274,,,,
4181,64,1,0.006032259203493595,,,,
4182,64,1,0.007878359407186508,,,,
4183,64,1,0.007822355255484581,,,,
4184,64,1,0.0070256562903523445,,,,
4185,64,1,0.00839728768914938,,,,
4186,64,1,0.00842308159917593,,,,
4187,64,1,0.007979502901434898,,,,
4188,64,1,0.00792139396071434,,,,
4189,64,1,0.007416588719934225,,,,
4190,64,1,0.010181943885982037,,,,
4191,64,1,0.008678672835230827,,,,
4192,64,1,0.009297720156610012,,,,
4193,64,1,0.008033016696572304,,,,
4194,64,1,0.009800152853131294,,,,
4195,64,1,0.007618285715579987,,,,
4196,64,1,0.0073679848574101925,,,,
4197,64,1,0.007036137394607067,,,,
4198,64,1,0.008469006046652794,,,,
4199,64,1,0.008185192942619324,,,,
4200,64,1,0.008216959424316883,,,,
4201,64,1,0.007573242299258709,,,,
4202,64,1,0.007686730474233627,,,,
4203,64,1,0.007993370294570923,,,,
4204,64,1,0.007890568114817142,,,,
4205,64,1,0.007202015724033117,,,,
4206,64,1,0.009653544053435326,,,,
4207,64,1,0.009514320641756058,,,,
4208,64,1,0.008019119501113892,,,,
4209,64,1,0.0076581253670156,,,,
4210,64,1,0.009437890723347664,,,,
4211,64,1,0.008542079478502274,,,,
4212,64,1,0.008171954192221165,,,,
4213,64,1,0.007544772699475288,,,,
4214,64,1,0.008139405399560928,,,,
4215,64,1,0.008893897756934166,,,,
4216,64,1,0.009422154165804386,,,,
4217,64,1,0.00910913571715355,,,,
4218,64,1,0.010379926301538944,,,,
4219,64,1,0.008311862125992775,,,,
4220,64,1,0.00893381517380476,,,,
4221,64,1,0.008413049392402172,,,,
4222,64,1,0.007963711395859718,,,,
4223,64,1,0.008057687431573868,,,,
4224,64,1,0.007498410530388355,,,,
4225,64,1,0.008583173155784607,,,,
4226,64,1,0.0085425591096282,,,,
4227,64,1,0.0068214330822229385,,,,
4228,64,1,0.007920376025140285,,,,
4229,64,1,0.00896617490798235,,,,
4230,64,1,0.007716882973909378,,,,
4231,64,1,0.007233720272779465,,,,
4232,64,1,0.008751391433179379,,,,
4233,64,1,0.007731768302619457,,,,
4234,64,1,0.00961984135210514,,,,
4235,64,1,0.010304933413863182,,,,
4236,64,1,0.007507786154747009,,,,
4237,64,1,0.0089094964787364,,,,
4238,64,1,0.008561104536056519,,,,
4239,64,1,0.009889047592878342,,,,
4240,64,1,0.00784904696047306,,,,
4241,64,1,0.009032541885972023,,,,
4242,64,1,0.011147166602313519,,,,
4243,64,1,0.009630621410906315,,,,
4244,64,1,0.008440748788416386,,,,
4245,64,1,0.010432962328195572,,,,
4246,64,1,0.010901696979999542,,,,
4247,64,1,0.009716181084513664,,,,
4248,64,1,0.00898753572255373,,,,
4249,64,1,0.01216267328709364,,,,
4250,64,1,0.007960440590977669,,,,
4251,64,1,0.00845258217304945,,,,
4252,64,1,0.013350403867661953,,,,
4253,64,1,0.0070837922394275665,,,,
4254,64,1,0.007164971437305212,,,,
4255,64,1,0.01239022146910429,,,,
4256,64,1,0.008542477153241634,,,,
4257,64,1,0.007739330641925335,,,,
4258,64,1,0.009332958608865738,,,,
4259,64,1,0.010808276943862438,,,,
4260,64,1,0.008467376232147217,,,,
4261,64,1,0.008437590673565865,,,,
4262,64,1,0.008841162547469139,,,,
4263,64,1,0.008802318945527077,,,,
4264,64,1,0.00896032527089119,,,,
4265,64,1,0.010660702362656593,,,,
4266,64,1,0.008699724450707436,,,,
4267,64,1,0.008924818597733974,,,,
4268,64,1,0.0077774180099368095,,,,
4269,64,1,0.00999232567846775,,,,
4270,64,1,0.008579867891967297,,,,
4271,64,1,0.007528956979513168,,,,
4272,64,1,0.00820220448076725,,,,
4273,64,1,0.007687568664550781,,,,
4274,64,1,0.007682463154196739,,,,
4275,64,1,0.011051158420741558,,,,
4276,64,1,0.011238601058721542,,,,
4277,64,1,0.007948036305606365,,,,
4278,64,1,0.008484423160552979,,,,
4279,64,1,0.009402777068316936,,,,
4280,64,1,0.007929578423500061,,,,
4281,64,1,0.009083758108317852,,,,
4282,64,1,0.007150692865252495,,,,
4283,64,1,0.007806902285665274,,,,
4284,64,1,0.01040075346827507,,,,
4285,64,1,0.010174887254834175,,,,
4286,64,1,0.008027306757867336,,,,
4287,64,1,0.011560607701539993,,,,
4288,64,1,0.007809012196958065,,,,
4289,64,1,0.0073624830693006516,,,,
4290,64,1,0.009499244391918182,,,,
4291,64,1,0.009384403005242348,,,,
4292,64,1,0.008836994878947735,,,,
4293,64,1,0.008294140920042992,,,,
4294,64,1,0.008362757042050362,,,,
4295,64,1,0.008373044431209564,,,,
4296,64,1,0.008990779519081116,,,,
4297,64,1,0.008510040119290352,,,,
4298,64,1,0.008755268529057503,,,,
4299,64,1,0.008119146339595318,,,,
4300,64,1,0.007590449880808592,,,,
4301,64,1,0.008835610002279282,,,,
4302,64,1,0.00796954520046711,,,,
4303,64,1,0.00820483360439539,,,,
4304,64,1,0.009309445507824421,,,,
4305,64,1,0.007846641354262829,,,,
4306,64,1,0.008257138542830944,,,,
4307,64,1,0.00829054694622755,,,,
4308,64,1,0.009231350384652615,,,,
4309,64,1,0.008783485740423203,,,,
4310,64,1,0.00787209253758192,,,,
4311,64,1,0.007404861506074667,,,,
4312,64,1,0.007518453057855368,,,,
4313,64,1,0.006780517753213644,,,,
4314,64,1,0.009736072272062302,,,,
4315,64,1,0.008884364739060402,,,,
4316,64,1,0.007465613540261984,,,,
4317,64,1,0.009270740672945976,,,,
4318,64,1,0.007918587885797024,,,,
4319,64,1,0.008668942376971245,,,,
4320,64,1,0.008395219221711159,,,,
4321,64,1,0.007265578024089336,,,,
4322,64,1,0.007120917551219463,,,,
4323,64,1,0.006990265101194382,,,,
4324,64,1,0.007887549698352814,,,,
4325,64,1,0.007890826091170311,,,,
4326,64,1,0.008494442328810692,,,,
4327,64,1,0.008877595886588097,,,,
4328,64,1,0.0067590828984975815,,,,
4329,64,1,0.00834372267127037,,,,
4330,64,1,0.008580515161156654,,,,
4331,64,1,0.007186727598309517,,,,
4332,64,1,0.006545860320329666,,,,
4333,64,1,0.008156226947903633,,,,
4334,64,1,0.008213239721953869,,,,
4335,64,1,0.007859144359827042,,,,
4336,64,1,0.00929299183189869,,,,
4337,64,1,0.00909859873354435,,,,
4338,64,1,0.007511491887271404,,,,
4339,64,1,0.01023019663989544,,,,
4340,64,1,0.007006986998021603,,,,
4341,64,1,0.006686764769256115,,,,
4342,64,1,0.007749427109956741,,,,
4343,64,1,0.008454612456262112,,,,
4344,64,1,0.008400600403547287,,,,
4345,64,1,0.008463878184556961,,,,
4346,64,1,0.00888814963400364,,,,
4347,64,1,0.008098054677248001,,,,
4348,64,1,0.007987452670931816,,,,
4349,64,1,0.006662026047706604,,,,
4350,64,1,0.0077416542917490005,,,,
4351,64,1,0.006225328426808119,,,,
4352,64,1,0.009472480975091457,,,,
4353,64,1,0.007592516019940376,,,,
4354,64,1,0.007792334072291851,,,,
4355,64,1,0.00751534104347229,,,,
4356,64,1,0.009305322542786598,,,,
4357,64,1,0.007017303258180618,,,,
4358,64,1,0.007430489175021648,,,,
4359,64,1,0.009012624621391296,,,,
4360,64,1,0.008990953676402569,,,,
4361,64,1,0.007315832655876875,,,,
4362,64,1,0.006631671451032162,,,,
4363,64,1,0.007586396764963865,,,,
4364,64,1,0.010179135948419571,,,,
4365,64,1,0.007890649139881134,,,,
4366,64,1,0.008057665079832077,,,,
4367,64,1,0.01055885385721922,,,,
4368,64,1,0.010672247968614101,,,,
4369,64,1,0.009265374392271042,,,,
4370,64,1,0.009987933561205864,,,,
4371,64,1,0.010296839289367199,,,,
4372,64,1,0.007982928305864334,,,,
4373,64,1,0.00842190533876419,,,,
4374,64,1,0.008181358687579632,,,,
4375,64,1,0.007220800034701824,,,,
4376,64,1,0.007753284182399511,,,,
4377,64,1,0.007937779650092125,,,,
4378,64,1,0.007392180152237415,,,,
4379,64,1,0.007431401871144772,,,,
4380,64,1,0.007617551367729902,,,,
4381,64,1,0.008387832902371883,,,,
4382,64,1,0.00873805396258831,,,,
4383,64,1,0.00796528346836567,,,,
4384,64,1,0.007817717269062996,,,,
4385,64,1,0.00917220488190651,,,,
4386,64,1,0.008103830739855766,,,,
4387,64,1,0.007744570262730122,,,,
4388,64,1,0.006924826186150312,,,,
4389,64,1,0.008606966584920883,,,,
4390,64,1,0.008584677241742611,,,,
4391,64,1,0.007743199821561575,,,,
4392,64,1,0.00860552303493023,,,,
4393,64,1,0.009225679561495781,,,,
4394,64,1,0.009339913725852966,,,,
4395,64,1,0.008236459456384182,,,,
4396,64,1,0.007181651424616575,,,,
4397,64,1,0.008576402440667152,,,,
4398,64,1,0.006740448530763388,,,,
4399,64,1,0.011247276328504086,,,,
4400,64,1,0.010581471025943756,,,,
4401,64,1,0.00604287488386035,,,,
4402,64,1,0.006455543451011181,,,,
4403,64,1,0.008567008189857006,,,,
4404,64,1,0.00833576824516058,,,,
4405,64,1,0.00828062929213047,,,,
4406,64,1,0.008555288426578045,,,,
4407,64,1,0.007373305968940258,,,,
4408,64,1,0.007362019270658493,,,,
4409,64,1,0.0068129077553749084,,,,
4410,64,1,0.007602333091199398,,,,
4411,64,1,0.008381453342735767,,,,
4412,64,1,0.008464510552585125,,,,
4413,64,1,0.0077521903440356255,,,,
4414,64,1,0.008756267838180065,,,,
4415,64,1,0.0073503716848790646,,,,
4416,64,1,0.009356438182294369,,,,
4417,64,1,0.007841660641133785,,,,
4418,64,1,0.00856998935341835,,,,
4419,64,1,0.00803329050540924,,,,
4420,64,1,0.008812889456748962,,,,
4421,64,1,0.010568717494606972,,,,
4422,64,1,0.008994808420538902,,,,
4423,64,1,0.00937991589307785,,,,
4424,64,1,0.007196550723165274,,,,
4425,64,1,0.007714397273957729,,,,
4426,64,1,0.007657948415726423,,,,
4427,64,1,0.008298070169985294,,,,
4428,64,1,0.007747802883386612,,,,
4429,64,1,0.0059736440889537334,,,,
4430,64,1,0.008907055482268333,,,,
4431,64,1,0.008070777170360088,,,,
4432,64,1,0.006811791565269232,,,,
4433,64,1,0.00840088538825512,,,,
4434,64,1,0.00740823894739151,,,,
4435,64,1,0.008160113357007504,,,,
4436,64,1,0.009107103571295738,,,,
4437,64,1,0.009183063171803951,,,,
4438,64,1,0.007289404049515724,,,,
4439,64,1,0.006274714134633541,,,,
4440,64,1,0.008972026407718658,,,,
4441,64,1,0.0072862314991652966,,,,
4442,64,1,0.007423910312354565,,,,
4443,64,1,0.007422262337058783,,,,
4444,64,1,0.007941564545035362,,,,
4445,64,1,0.007776711136102676,,,,
4446,64,1,0.007689230144023895,,,,
4447,64,1,0.008603906258940697,,,,
4448,64,1,0.008032395504415035,,,,
4449,64,1,0.007634368725121021,,,,
4450,64,1,0.009056886658072472,,,,
4451,64,1,0.010266064666211605,,,,
4452,64,1,0.00952210184186697,,,,
4453,64,1,0.005771242082118988,,,,
4454,64,1,0.00730704702436924,,,,
4455,64,1,0.007198949810117483,,,,
4456,64,1,0.009001227095723152,,,,
4457,64,1,0.008061804808676243,,,,
4458,64,1,0.008198058232665062,,,,
4459,64,1,0.00924227200448513,,,,
4460,64,1,0.0069080232642591,,,,
4461,64,1,0.00847809761762619,,,,
4462,64,1,0.009952770546078682,,,,
4463,64,1,0.008581509813666344,,,,
4464,64,1,0.00872026290744543,,,,
4465,64,1,0.00641496991738677,,,,
4466,64,1,0.007083386182785034,,,,
4467,64,1,0.006512573920190334,,,,
4468,64,1,0.007498515769839287,,,,
4469,64,1,0.005698827560991049,,,,
4470,64,1,0.0071954019367694855,,,,
4471,64,1,0.007395004853606224,,,,
4472,64,1,0.007771088741719723,,,,
4473,64,1,0.006838643923401833,,,,
4474,64,1,0.008721763268113136,,,,
4475,64,1,0.007005979772657156,,,,
4476,64,1,0.007114018313586712,,,,
4477,64,1,0.00747577054426074,,,,
4478,64,1,0.00878985971212387,,,,
4479,64,1,0.00952187366783619,,,,
4480,64,1,0.00993710570037365,,,,
4481,64,1,0.008167259395122528,,,,
4482,64,1,0.008419785648584366,,,,
4483,64,1,0.008927352726459503,,,,
4484,64,1,0.00701097771525383,,,,
4485,64,1,0.0073134442791342735,,,,
4486,64,1,0.006942052394151688,,,,
4487,64,1,0.008053275756537914,,,,
4488,64,1,0.007443203590810299,,,,
4489,64,1,0.0070013804361224174,,,,
4490,64,1,0.008604603819549084,,,,
4491,64,1,0.006763756275177002,,,,
4492,64,1,0.008107364177703857,,,,
4493,64,1,0.007007903419435024,,,,
4494,64,1,0.008086743764579296,,,,
4495,64,1,0.0076106758788228035,,,,
4496,64,1,0.00746867386624217,,,,
4497,64,1,0.008884215727448463,,,,
4498,64,1,0.006354813929647207,,,,
4499,64,1,0.008702840656042099,,,,
4500,64,1,0.008166378363966942,,,,
4501,64,1,0.007467185612767935,,,,
4502,64,1,0.007734829559922218,,,,
4503,64,1,0.00757403252646327,,,,
4504,64,1,0.0065804412588477135,,,,
4505,64,1,0.008970982395112514,,,,
4506,64,1,0.006914009805768728,,,,
4507,64,1,0.007467539049685001,,,,
4508,64,1,0.007187565788626671,,,,
4509,64,1,0.00924530066549778,,,,
4510,64,1,0.007517834194004536,,,,
4511,64,1,0.008069566451013088,,,,
4512,64,1,0.009405713528394699,,,,
4513,64,1,0.009860571473836899,,,,
4514,64,1,0.0071781836450099945,,,,
4515,64,1,0.007966309785842896,,,,
4516,64,1,0.007980634458363056,,,,
4517,64,1,0.007364457473158836,,,,
4518,64,1,0.006389702670276165,,,,
4519,64,1,0.010075303725898266,,,,
4520,64,1,0.0066603198647499084,,,,
4521,64,1,0.007561527192592621,,,,
4522,64,1,0.007080814801156521,,,,
4523,64,1,0.009647736325860023,,,,
4524,64,1,0.007714917883276939,,,,
4525,64,1,0.007484494708478451,,,,
4526,64,1,0.00813442375510931,,,,
4527,64,1,0.007029812783002853,,,,
4528,64,1,0.007740114815533161,,,,
4529,64,1,0.00807488989084959,,,,
4530,64,1,0.006887054070830345,,,,
4531,64,1,0.00788426585495472,,,,
4532,64,1,0.008317497558891773,,,,
4533,64,1,0.007196599151939154,,,,
4534,64,1,0.007014610804617405,,,,
4535,64,1,0.009155575186014175,,,,
4536,64,1,0.007728652562946081,,,,
4537,64,1,0.007401379756629467,,,,
4538,64,1,0.008561322465538979,,,,
4539,64,1,0.007258331403136253,,,,
4540,64,1,0.007951810956001282,,,,
4541,64,1,0.0076370565220713615,,,,
4542,64,1,0.008619774132966995,,,,
4543,64,1,0.007664099335670471,,,,
4544,64,1,0.007380757015198469,,,,
4545,64,1,0.008105309680104256,,,,
4546,64,1,0.007015889044851065,,,,
4547,64,1,0.007691637612879276,,,,
4548,64,1,0.007554864045232534,,,,
4549,64,1,0.008444453589618206,,,,
4550,64,1,0.008004231378436089,,,,
4551,64,1,0.007468444295227528,,,,
4552,64,1,0.007142197340726852,,,,
4553,64,1,0.006694618612527847,,,,
4554,64,1,0.008518747985363007,,,,
4555,64,1,0.007388804107904434,,,,
4556,64,1,0.00853127520531416,,,,
4557,64,1,0.006851398851722479,,,,
4558,64,1,0.008281911723315716,,,,
4559,64,1,0.00806824304163456,,,,
4560,64,1,0.009050421416759491,,,,
4561,64,1,0.005891996435821056,,,,
4562,64,1,0.007865206338465214,,,,
4563,64,1,0.0059405057691037655,,,,
4564,64,1,0.009076820686459541,,,,
4565,64,1,0.006445552688091993,,,,
4566,64,1,0.009327857755124569,,,,
4567,64,1,0.007458183914422989,,,,
4568,64,1,0.007555677555501461,,,,
4569,64,1,0.006930442061275244,,,,
4570,64,1,0.00719099584966898,,,,
4571,64,1,0.00900333747267723,,,,
4572,64,1,0.007177300751209259,,,,
4573,64,1,0.007040069904178381,,,,
4574,64,1,0.009780162945389748,,,,
4575,64,1,0.008820700459182262,,,,
4576,64,1,0.006378964986652136,,,,
4577,64,1,0.006728166248649359,,,,
4578,64,1,0.007012153975665569,,,,
4579,64,1,0.008455641567707062,,,,
4580,64,1,0.007573245093226433,,,,
4581,64,1,0.007838030345737934,,,,
4582,64,1,0.009458772838115692,,,,
4583,64,1,0.00719440495595336,,,,
4584,64,1,0.007753321435302496,,,,
4585,64,1,0.00933418981730938,,,,
4586,64,1,0.008218863047659397,,,,
4587,64,1,0.007956773042678833,,,,
4588,64,1,0.007191689219325781,,,,
4589,64,1,0.00800350308418274,,,,
4590,64,1,0.006730921566486359,,,,
4591,64,1,0.006414266303181648,,,,
4592,64,1,0.009736528620123863,,,,
4593,64,1,0.006282406859099865,,,,
4594,64,1,0.007433011662214994,,,,
4595,64,1,0.006260963156819344,,,,
4596,64,1,0.007803943939507008,,,,
4597,64,1,0.008775865659117699,,,,
4598,64,1,0.00583721324801445,,,,
4599,64,1,0.0073052882216870785,,,,
4600,64,1,0.007736671715974808,,,,
4601,64,1,0.00875365175306797,,,,
4602,64,1,0.007684351410716772,,,,
4603,64,1,0.006068064831197262,,,,
4604,64,1,0.007369540631771088,,,,
4605,64,1,0.008416201919317245,,,,
4606,64,1,0.008156901225447655,,,,
4607,64,1,0.00735641922801733,,,,
4608,64,1,0.007048127241432667,,,,
4609,64,1,0.006406951695680618,,,,
4610,64,1,0.006743717007339001,,,,
4611,64,1,0.0071244011633098125,,,,
4612,64,1,0.008002578280866146,,,,
4613,64,1,0.009382538497447968,,,,
4614,64,1,0.006359916180372238,,,,
4615,64,1,0.0057509648613631725,,,,
4616,64,1,0.007948136888444424,,,,
4617,64,1,0.006233471445739269,,,,
4618,64,1,0.008330456912517548,,,,
4619,64,1,0.007183297537267208,,,,
4620,64,1,0.007233870681375265,,,,
4621,64,1,0.008037283085286617,,,,
4622,64,1,0.00823628157377243,,,,
4623,64,1,0.009693872183561325,,,,
4624,64,1,0.006784611847251654,,,,
4625,64,1,0.0072334627620875835,,,,
4626,64,1,0.008755202405154705,,,,
4627,64,1,0.0063906479626894,,,,
4628,64,1,0.008321810513734818,,,,
4629,64,1,0.0074772946536540985,,,,
4630,64,1,0.007620695978403091,,,,
4631,64,1,0.00738415215164423,,,,
4632,64,1,0.006778891663998365,,,,
4633,64,1,0.007392174564301968,,,,
4634,64,1,0.007760360836982727,,,,
4635,64,1,0.005972959101200104,,,,
4636,64,1,0.007364591117948294,,,,
4637,64,1,0.008903438225388527,,,,
4638,64,1,0.006075961049646139,,,,
4639,64,1,0.011712377890944481,,,,
4640,64,1,0.008481070399284363,,,,
4641,64,1,0.006755165755748749,,,,
4642,64,1,0.007646353915333748,,,,
4643,64,1,0.007519090548157692,,,,
4644,64,1,0.006289331242442131,,,,
4645,64,1,0.007430070545524359,,,,
4646,64,1,0.007559139281511307,,,,
4647,64,1,0.006714885588735342,,,,
4648,64,1,0.007127092685550451,,,,
4649,64,1,0.007808535359799862,,,,
4650,64,1,0.006811344064772129,,,,
4651,64,1,0.007283207029104233,,,,
4652,64,1,0.0070660910569131374,,,,
4653,64,1,0.008609086275100708,,,,
4654,64,1,0.007825300097465515,,,,
4655,64,1,0.009657680056989193,,,,
4656,64,1,0.007823679596185684,,,,
4657,64,1,0.008104333654046059,,,,
4658,64,1,0.0062978374771773815,,,,
4659,64,1,0.007936114445328712,,,,
4660,64,1,0.008278456516563892,,,,
4661,64,1,0.007495496422052383,,,,
4662,64,1,0.007644190452992916,,,,
4663,64,1,0.0077114710584282875,,,,
4664,64,1,0.007364268414676189,,,,
4665,64,1,0.007478353567421436,,,,
4666,64,1,0.006225203163921833,,,,
4667,64,1,0.006812896579504013,,,,
4668,64,1,0.006569704972207546,,,,
4669,64,1,0.007397261913865805,,,,
4670,64,1,0.006530323065817356,,,,
4671,64,1,0.00859794020652771,,,,
4672,64,1,0.0072418441995978355,,,,
4673,64,1,0.007831872440874577,,,,
4674,64,1,0.007449919357895851,,,,
4675,64,1,0.005636296235024929,,,,
4676,64,1,0.007559510879218578,,,,
4677,64,1,0.007787816226482391,,,,
4678,64,1,0.007128546945750713,,,,
4679,64,1,0.010398976504802704,,,,
4680,64,1,0.007660355418920517,,,,
4681,64,1,0.008152643218636513,,,,
4682,64,1,0.008135425858199596,,,,
4683,64,1,0.0077018653973937035,,,,
4684,64,1,0.007715210318565369,,,,
4685,64,1,0.008148932829499245,,,,
4686,64,1,0.0077781518921256065,,,,
4687,64,1,0.008296862244606018,,,,
4688,64,1,0.007742611691355705,,,,
4689,64,1,0.0069742342457175255,,,,
4690,64,1,0.006642881780862808,,,,
4691,64,1,0.00842832401394844,,,,
4692,64,1,0.00933757796883583,,,,
4693,64,1,0.007454039063304663,,,,
4694,64,1,0.008408084511756897,,,,
4695,64,1,0.007137834094464779,,,,
4696,64,1,0.00843840092420578,,,,
4697,64,1,0.00782875157892704,,,,
4698,64,1,0.008130641654133797,,,,
4699,64,1,0.006876997649669647,,,,
4700,64,1,0.010288349352777004,,,,
4701,64,1,0.00695516262203455,,,,
4702,64,1,0.007410841062664986,,,,
4703,64,1,0.006855051964521408,,,,
4704,64,1,0.011696003377437592,,,,
4705,64,1,0.006205391138792038,,,,
4706,64,1,0.00789932906627655,,,,
4707,64,1,0.008460968732833862,,,,
4708,64,1,0.0076844049617648125,,,,
4709,64,1,0.006881514564156532,,,,
4710,64,1,0.008318007923662663,,,,
4711,64,1,0.007491583004593849,,,,
4712,64,1,0.006697335280478001,,,,
4713,64,1,0.006754597183316946,,,,
4714,64,1,0.008376842364668846,,,,
4715,64,1,0.00802162941545248,,,,
4716,64,1,0.007537885569036007,,,,
4717,64,1,0.006728739943355322,,,,
4718,64,1,0.007008037529885769,,,,
4719,64,1,0.006919862236827612,,,,
4720,64,1,0.006122225895524025,,,,
4721,64,1,0.006422799080610275,,,,
4722,64,1,0.007730983197689056,,,,
4723,64,1,0.00796509813517332,,,,
4724,64,1,0.006497301161289215,,,,
4725,64,1,0.006012938916683197,,,,
4726,64,1,0.0082057174295187,,,,
4727,64,1,0.006977773271501064,,,,
4728,64,1,0.008130042813718319,,,,
4729,64,1,0.006970352493226528,,,,
4730,64,1,0.006246530916541815,,,,
4731,64,1,0.006347441580146551,,,,
4732,64,1,0.007629608269780874,,,,
4733,64,1,0.0058335354551672935,,,,
4734,64,1,0.008067289367318153,,,,
4735,64,1,0.010628346353769302,,,,
4736,64,1,0.008522054180502892,,,,
4737,64,1,0.007502709981054068,,,,
4738,64,1,0.00903860293328762,,,,
4739,64,1,0.007805950939655304,,,,
4740,64,1,0.007689298130571842,,,,
4741,64,1,0.00824836827814579,,,,
4742,64,1,0.007431991398334503,,,,
4743,64,1,0.005663029383867979,,,,
4744,64,1,0.007230915129184723,,,,
4745,64,1,0.007542663719505072,,,,
4746,64,1,0.008930124342441559,,,,
4747,64,1,0.007161346729844809,,,,
4748,64,1,0.005825988948345184,,,,
4749,64,1,0.006496041547507048,,,,
4750,64,1,0.008101897314190865,,,,
4751,64,1,0.007481838576495647,,,,
4752,64,1,0.006988228764384985,,,,
4753,64,1,0.0076775141060352325,,,,
4754,64,1,0.006727705709636211,,,,
4755,64,1,0.009331530891358852,,,,
4756,64,1,0.005438171327114105,,,,
4757,64,1,0.0069356351159513,,,,
4758,64,1,0.008127364329993725,,,,
4759,64,1,0.009599132463335991,,,,
4760,64,1,0.007591557689011097,,,,
4761,64,1,0.007685366086661816,,,,
4762,64,1,0.006904014851897955,,,,
4763,64,1,0.00888830702751875,,,,
4764,64,1,0.007417186163365841,,,,
4765,64,1,0.006199515890330076,,,,
4766,64,1,0.0067063733004033566,,,,
4767,64,1,0.006197208538651466,,,,
4768,64,1,0.007177530787885189,,,,
4769,64,1,0.00714134331792593,,,,
4770,64,1,0.006919238716363907,,,,
4771,64,1,0.007660612463951111,,,,
4772,64,1,0.007394684012979269,,,,
4773,64,1,0.007548047229647636,,,,
4774,64,1,0.007822244428098202,,,,
4775,64,1,0.005728863179683685,,,,
4776,64,1,0.0073606958612799644,,,,
4777,64,1,0.007353245746344328,,,,
4778,64,1,0.007080204784870148,,,,
4779,64,1,0.007157851010560989,,,,
4780,64,1,0.00812624767422676,,,,
4781,64,1,0.006773107685148716,,,,
4782,64,1,0.006883343681693077,,,,
4783,64,1,0.008681245148181915,,,,
4784,64,1,0.008269279263913631,,,,
4785,64,1,0.0060765789821743965,,,,
4786,64,1,0.007456774823367596,,,,
4787,64,1,0.007773788180202246,,,,
4788,64,1,0.008567458018660545,,,,
4789,64,1,0.007974286563694477,,,,
4790,64,1,0.006869077682495117,,,,
4791,64,1,0.00756401102989912,,,,
4792,64,1,0.008042355999350548,,,,
4793,64,1,0.006490330211818218,,,,
4794,64,1,0.007367683108896017,,,,
4795,64,1,0.008709690533578396,,,,
4796,64,1,0.008751457557082176,,,,
4797,64,1,0.006637809798121452,,,,
4798,64,1,0.008854338899254799,,,,
4799,64,1,0.0070596300065517426,,,,
4800,64,1,0.00707167387008667,,,,
4801,64,1,0.007773992605507374,,,,
4802,64,1,0.007851065136492252,,,,
4803,64,1,0.0071638463996350765,,,,
4804,64,1,0.008205308578908443,,,,
4805,64,1,0.007285354193300009,,,,
4806,64,1,0.007960590533912182,,,,
4807,64,1,0.006018659099936485,,,,
4808,64,1,0.007890674285590649,,,,
4809,64,1,0.006564978510141373,,,,
4810,64,1,0.006469385232776403,,,,
4811,64,1,0.007865242660045624,,,,
4812,64,1,0.00752997025847435,,,,
4813,64,1,0.006663342472165823,,,,
4814,64,1,0.007182772736996412,,,,
4815,64,1,0.007895320653915405,,,,
4816,64,1,0.007088553160429001,,,,
4817,64,1,0.008891189470887184,,,,
4818,64,1,0.005797961261123419,,,,
4819,64,1,0.007491500582545996,,,,
4820,64,1,0.009020218625664711,,,,
4821,64,1,0.008106408640742302,,,,
4822,64,1,0.007049072068184614,,,,
4823,64,1,0.006658787839114666,,,,
4824,64,1,0.007528319023549557,,,,
4825,64,1,0.008159685879945755,,,,
4826,64,1,0.00795415323227644,,,,
4827,64,1,0.006373072974383831,,,,
4828,64,1,0.0066191209480166435,,,,
4829,64,1,0.007855105213820934,,,,
4830,64,1,0.009079597890377045,,,,
4831,64,1,0.00848065409809351,,,,
4832,64,1,0.007449053227901459,,,,
4833,64,1,0.008123032748699188,,,,
4834,64,1,0.007717975880950689,,,,
4835,64,1,0.008851651102304459,,,,
4836,64,1,0.007720086257904768,,,,
4837,64,1,0.007555745076388121,,,,
4838,64,1,0.0070251040160655975,,,,
4839,64,1,0.008631001226603985,,,,
4840,64,1,0.006361912004649639,,,,
4841,64,1,0.008086895570158958,,,,
4842,64,1,0.006235886365175247,,,,
4843,64,1,0.006676090881228447,,,,
4844,64,1,0.006830973085016012,,,,
4845,64,1,0.00889662653207779,,,,
4846,64,1,0.007470880635082722,,,,
4847,64,1,0.006283783819526434,,,,
4848,64,1,0.007814433425664902,,,,
4849,64,1,0.0074442601762712,,,,
4850,64,1,0.005756815429776907,,,,
4851,64,1,0.007212799042463303,,,,
4852,64,1,0.0067913103848695755,,,,
4853,64,1,0.006462432444095612,,,,
4854,64,1,0.007764653768390417,,,,
4855,64,1,0.00685538724064827,,,,
4856,64,1,0.00840442068874836,,,,
4857,64,1,0.008408972062170506,,,,
4858,64,1,0.007731216959655285,,,,
4859,64,1,0.008487790822982788,,,,
4860,64,1,0.007236745208501816,,,,
4861,64,1,0.00803147442638874,,,,
4862,64,1,0.00663268705829978,,,,
4863,64,1,0.008694722317159176,,,,
4864,64,1,0.008158121258020401,,,,
4865,64,1,0.007681956049054861,,,,
4866,64,1,0.007192566059529781,,,,
4867,64,1,0.008102402091026306,,,,
4868,64,1,0.009169980883598328,,,,
4869,64,1,0.0062954663299024105,,,,
4870,64,1,0.006962794344872236,,,,
4871,64,1,0.006093550473451614,,,,
4872,64,1,0.00688973069190979,,,,
4873,64,1,0.007447793148458004,,,,
4874,64,1,0.007881205528974533,,,,
4875,64,1,0.006639406085014343,,,,
4876,64,1,0.007819714024662971,,,,
4877,64,1,0.007449546363204718,,,,
4878,64,1,0.008231212384998798,,,,
4879,64,1,0.007524359971284866,,,,
4880,64,1,0.006492584012448788,,,,
4881,64,1,0.008297987282276154,,,,
4882,64,1,0.008609740063548088,,,,
4883,64,1,0.006722721736878157,,,,
4884,64,1,0.00705183669924736,,,,
4885,64,1,0.008415503427386284,,,,
4886,64,1,0.008376481011509895,,,,
4887,64,1,0.008371714502573013,,,,
4888,64,1,0.0066537559032440186,,,,
4889,64,1,0.005595428869128227,,,,
4890,64,1,0.005821638740599155,,,,
4891,64,1,0.007647371850907803,,,,
4892,64,1,0.006179834716022015,,,,
4893,64,1,0.006430599372833967,,,,
4894,64,1,0.006223318167030811,,,,
4895,64,1,0.007550506852567196,,,,
4896,64,1,0.009149229153990746,,,,
4897,64,1,0.007228254806250334,,,,
4898,64,1,0.007879063487052917,,,,
4899,64,1,0.0069668046198785305,,,,
4900,64,1,0.007486532907932997,,,,
4901,64,1,0.007185684517025948,,,,
4902,64,1,0.007320088800042868,,,,
4903,64,1,0.008639834821224213,,,,
4904,64,1,0.007433130405843258,,,,
4905,64,1,0.007832827046513557,,,,
4906,64,1,0.0068427519872784615,,,,
4907,64,1,0.007837759330868721,,,,
4908,64,1,0.006582878064364195,,,,
4909,64,1,0.007999245077371597,,,,
4910,64,1,0.007815886288881302,,,,
4911,64,1,0.007746182382106781,,,,
4912,64,1,0.00809980183839798,,,,
4913,64,1,0.008190363645553589,,,,
4914,64,1,0.006400912068784237,,,,
4915,64,1,0.00784996710717678,,,,
4916,64,1,0.007344357669353485,,,,
4917,64,1,0.00665704533457756,,,,
4918,64,1,0.007609459571540356,,,,
4919,64,1,0.008789228275418282,,,,
4920,64,1,0.005995265208184719,,,,
4921,64,1,0.006726318504661322,,,,
4922,64,1,0.00619782879948616,,,,
4923,64,1,0.007834632880985737,,,,
4924,64,1,0.007000879384577274,,,,
4925,64,1,0.008868904784321785,,,,
4926,64,1,0.008447805419564247,,,,
4927,64,1,0.0073771169409155846,,,,
4928,64,1,0.00761869503185153,,,,
4929,64,1,0.006457365117967129,,,,
4930,64,1,0.007735378574579954,,,,
4931,64,1,0.006934291683137417,,,,
4932,64,1,0.007508736103773117,,,,
4933,64,1,0.007162981666624546,,,,
4934,64,1,0.007365441881120205,,,,
4935,64,1,0.006461252458393574,,,,
4936,64,1,0.006599297747015953,,,,
4937,64,1,0.010054412297904491,,,,
4938,64,1,0.009927366860210896,,,,
4939,64,1,0.006962848361581564,,,,
4940,64,1,0.007277961820363998,,,,
4941,64,1,0.010406441986560822,,,,
4942,64,1,0.007097117602825165,,,,
4943,64,1,0.010612225160002708,,,,
4944,64,1,0.00663915928453207,,,,
4945,64,1,0.006388971582055092,,,,
4946,64,1,0.006581184454262257,,,,
4947,64,1,0.007093902677297592,,,,
4948,64,1,0.007225350476801395,,,,
4949,64,1,0.007526652421802282,,,,
4950,64,1,0.006756515242159367,,,,
4951,64,1,0.007970359176397324,,,,
4952,64,1,0.007157821208238602,,,,
4953,64,1,0.00858802255243063,,,,
4954,64,1,0.007293326314538717,,,,
4955,64,1,0.006230693310499191,,,,
4956,64,1,0.006439019925892353,,,,
4957,64,1,0.008402638137340546,,,,
4958,64,1,0.0062409150414168835,,,,
4959,64,1,0.0069124735891819,,,,
4960,64,1,0.006231763865798712,,,,
4961,64,1,0.007767355069518089,,,,
4962,64,1,0.006103988736867905,,,,
4963,64,1,0.005719676613807678,,,,
4964,64,1,0.008928442373871803,,,,
4965,64,1,0.007109169848263264,,,,
4966,64,1,0.008488483726978302,,,,
4967,64,1,0.007663528434932232,,,,
4968,64,1,0.007415042724460363,,,,
4969,64,1,0.006063384469598532,,,,
4970,64,1,0.006748069077730179,,,,
4971,64,1,0.0071390774101018906,,,,
4972,64,1,0.006693086586892605,,,,
4973,64,1,0.006718236021697521,,,,
4974,64,1,0.0077218953520059586,,,,
4975,64,1,0.007293435744941235,,,,
4976,64,1,0.008050492033362389,,,,
4977,64,1,0.007467476185411215,,,,
4978,64,1,0.008292116224765778,,,,
4979,64,1,0.006560842972248793,,,,
4980,64,1,0.007835621014237404,,,,
4981,64,1,0.006438973359763622,,,,
4982,64,1,0.006414414849132299,,,,
4983,64,1,0.007582511752843857,,,,
4984,64,1,0.007305771112442017,,,,
4985,64,1,0.008711656555533409,,,,
4986,64,1,0.007555103860795498,,,,
4987,64,1,0.009064426645636559,,,,
4988,64,1,0.006824465002864599,,,,
4989,64,1,0.00783140305429697,,,,
4990,64,1,0.005680294241756201,,,,
4991,64,1,0.006865621544420719,,,,
4992,64,1,0.006047395523637533,,,,
4993,64,1,0.006630105432122946,,,,
4994,64,1,0.0061080483719706535,,,,
4995,64,1,0.007145590148866177,,,,
4996,64,1,0.0055581084452569485,,,,
4997,64,1,0.006464100442826748,,,,
4998,64,1,0.00800540205091238,,,,
4999,64,1,0.006732289679348469,,,,
5000,64,1,0.006898352410644293,,0.009492160326385118,0.773126416201833,21.612098845504217
5001,64,1,0.007956992834806442,,,,
5002,64,1,0.006447055377066135,,,,
5003,64,1,0.006409747060388327,,,,
5004,64,1,0.006709018722176552,,,,
5005,64,1,0.006387402303516865,,,,
5006,64,1,0.008856752887368202,,,,
5007,64,1,0.008022996596992016,,,,
5008,64,1,0.006822971627116203,,,,
5009,64,1,0.009302604012191296,,,,
5010,64,1,0.007846790365874767,,,,
5011,64,1,0.0077332062646746635,,,,
5012,64,1,0.008432567119598389,,,,
5013,64,1,0.0069702318869531155,,,,
5014,64,1,0.008056025952100754,,,,
5015,64,1,0.007695426698774099,,,,
5016,64,1,0.007180511485785246,,,,
5017,64,1,0.008297588676214218,,,,
5018,64,1,0.00821872428059578,,,,
5019,64,1,0.007506863679736853,,,,
5020,64,1,0.008548570796847343,,,,
5021,64,1,0.007215350400656462,,,,
5022,64,1,0.007479322608560324,,,,
5023,64,1,0.006847299635410309,,,,
5024,64,1,0.00840231403708458,,,,
5025,64,1,0.007492678239941597,,,,
5026,64,1,0.007729332894086838,,,,
5027,64,1,0.0077872611582279205,,,,
5028,64,1,0.006877226289361715,,,,
5029,64,1,0.008036165498197079,,,,
5030,64,1,0.007209093309938908,,,,
5031,64,1,0.007090214639902115,,,,
5032,64,1,0.007117151282727718,,,,
5033,64,1,0.006733459886163473,,,,
5034,64,1,0.006763441022485495,,,,
5035,64,1,0.007674613501876593,,,,
5036,64,1,0.006959453225135803,,,,
5037,64,1,0.0074719153344631195,,,,
5038,64,1,0.010002508759498596,,,,
5039,64,1,0.007881337776780128,,,,
5040,64,1,0.007100243121385574,,,,
5041,64,1,0.007655244320631027,,,,
5042,64,1,0.008031802251935005,,,,
5043,64,1,0.007185568567365408,,,,
5044,64,1,0.007750349119305611,,,,
5045,64,1,0.009059240110218525,,,,
5046,64,1,0.010317916050553322,,,,
5047,64,1,0.006588723510503769,,,,
5048,64,1,0.007171574980020523,,,,
5049,64,1,0.00796604435890913,,,,
5050,64,1,0.008670005947351456,,,,
5051,64,1,0.007509414106607437,,,,
5052,64,1,0.007817368023097515,,,,
5053,64,1,0.0077872974798083305,,,,
5054,64,1,0.006617747247219086,,,,
5055,64,1,0.008374250493943691,,,,
5056,64,1,0.008221147581934929,,,,
5057,64,1,0.006121260579675436,,,,
5058,64,1,0.007459738757461309,,,,
5059,64,1,0.008359583094716072,,,,
5060,64,1,0.010423418134450912,,,,
5061,64,1,0.005344813223928213,,,,
5062,64,1,0.007273413240909576,,,,
5063,64,1,0.006436231546103954,,,,
5064,64,1,0.005802416708320379,,,,
5065,64,1,0.008552193641662598,,,,
5066,64,1,0.00919310748577118,,,,
5067,64,1,0.006674749776721001,,,,
5068,64,1,0.007725421339273453,,,,
5069,64,1,0.007377337198704481,,,,
5070,64,1,0.009481088258326054,,,,
5071,64,1,0.006947874557226896,,,,
5072,64,1,0.008175722323358059,,,,
5073,64,1,0.008342178538441658,,,,
5074,64,1,0.006613080855458975,,,,
5075,64,1,0.0080045061185956,,,,
5076,64,1,0.006031866185367107,,,,
5077,64,1,0.007930354215204716,,,,
5078,64,1,0.007623968180269003,,,,
5079,64,1,0.007070465944707394,,,,
5080,64,1,0.008226974867284298,,,,
5081,64,1,0.009552989155054092,,,,
5082,64,1,0.007598062511533499,,,,
5083,64,1,0.007413743995130062,,,,
5084,64,1,0.005997979547828436,,,,
5085,64,1,0.007612959947437048,,,,
5086,64,1,0.007545558735728264,,,,
5087,64,1,0.008296048268675804,,,,
5088,64,1,0.008411495946347713,,,,
5089,64,1,0.006820305250585079,,,,
5090,64,1,0.00747792748734355,,,,
5091,64,1,0.008765887469053268,,,,
5092,64,1,0.008598692715168,,,,
5093,64,1,0.008425334468483925,,,,
5094,64,1,0.0073738000355660915,,,,
5095,64,1,0.006718830671161413,,,,
5096,64,1,0.008540898561477661,,,,
5097,64,1,0.0076697166077792645,,,,
5098,64,1,0.007401301525533199,,,,
5099,64,1,0.0061988262459635735,,,,
5100,64,1,0.007235524710267782,,,,
5101,64,1,0.008089395239949226,,,,
5102,64,1,0.005746826529502869,,,,
5103,64,1,0.009339353069663048,,,,
5104,64,1,0.008146961219608784,,,,
5105,64,1,0.0062728747725486755,,,,
5106,64,1,0.007382893469184637,,,,
5107,64,1,0.007412324659526348,,,,
5108,64,1,0.008960436098277569,,,,
5109,64,1,0.005803912878036499,,,,
5110,64,1,0.005962005816400051,,,,
5111,64,1,0.00784215610474348,,,,
5112,64,1,0.007307066582143307,,,,
5113,64,1,0.007076585199683905,,,,
5114,64,1,0.008011862635612488,,,,
5115,64,1,0.00607656966894865,,,,
5116,64,1,0.007515708915889263,,,,
5117,64,1,0.007758167572319508,,,,
5118,64,1,0.006318343337625265,,,,
5119,64,1,0.008780314587056637,,,,
5120,64,1,0.006668894551694393,,,,
5121,64,1,0.008499772287905216,,,,
5122,64,1,0.005666366778314114,,,,
5123,64,1,0.0065614464692771435,,,,
5124,64,1,0.009680147282779217,,,,
5125,64,1,0.0062192752957344055,,,,
5126,64,1,0.007804931607097387,,,,
5127,64,1,0.007331520318984985,,,,
5128,64,1,0.007382390554994345,,,,
5129,64,1,0.006644872948527336,,,,
5130,64,1,0.006066696718335152,,,,
5131,64,1,0.006805387791246176,,,,
5132,64,1,0.007321260403841734,,,,
5133,64,1,0.006699099205434322,,,,
5134,64,1,0.007138629909604788,,,,
5135,64,1,0.0086616650223732,,,,
5136,64,1,0.006240553222596645,,,,
5137,64,1,0.006965362932533026,,,,
5138,64,1,0.007887161336839199,,,,
5139,64,1,0.005859228782355785,,,,
5140,64,1,0.006952454335987568,,,,
5141,64,1,0.0076790316961705685,,,,
5142,64,1,0.006052332930266857,,,,
5143,64,1,0.006870260462164879,,,,
5144,64,1,0.0069408118724823,,,,
5145,64,1,0.007130336947739124,,,,
5146,64,1,0.007758792024105787,,,,
5147,64,1,0.008040507324039936,,,,
5148,64,1,0.008330008946359158,,,,
5149,64,1,0.006063505075871944,,,,
5150,64,1,0.007375591434538364,,,,
5151,64,1,0.006272497586905956,,,,
5152,64,1,0.006428497843444347,,,,
5153,64,1,0.006948261521756649,,,,
5154,64,1,0.007106802426278591,,,,
5155,64,1,0.0070574781857430935,,,,
5156,64,1,0.008473611436784267,,,,
5157,64,1,0.00902122538536787,,,,
5158,64,1,0.007684512063860893,,,,
5159,64,1,0.008446290157735348,,,,
5160,64,1,0.00838148407638073,,,,
5161,64,1,0.008977233432233334,,,,
5162,64,1,0.008241480216383934,,,,
5163,64,1,0.008603058755397797,,,,
5164,64,1,0.00718372268602252,,,,
5165,64,1,0.00759076839312911,,,,
5166,64,1,0.0079979058355093,,,,
5167,64,1,0.008863192051649094,,,,
5168,64,1,0.007399893365800381,,,,
5169,64,1,0.008768841624259949,,,,
5170,64,1,0.007544889114797115,,,,
5171,64,1,0.007247830741107464,,,,
5172,64,1,0.0071262456476688385,,,,
5173,64,1,0.007975180633366108,,,,
5174,64,1,0.007547277025878429,,,,
5175,64,1,0.007749608717858791,,,,
5176,64,1,0.006184497382491827,,,,
5177,64,1,0.007205115631222725,,,,
5178,64,1,0.007917876355350018,,,,
5179,64,1,0.0074258181266486645,,,,
5180,64,1,0.008801664225757122,,,,
5181,64,1,0.008920524269342422,,,,
5182,64,1,0.008501008152961731,,,,
5183,64,1,0.0072867898270487785,,,,
5184,64,1,0.0068749370984733105,,,,
5185,64,1,0.006245711352676153,,,,
5186,64,1,0.007847844623029232,,,,
5187,64,1,0.007799526210874319,,,,
5188,64,1,0.009650829248130322,,,,
5189,64,1,0.007512032985687256,,,,
5190,64,1,0.007898694835603237,,,,
5191,64,1,0.007403089664876461,,,,
5192,64,1,0.007454536855220795,,,,
5193,64,1,0.008433545008301735,,,,
5194,64,1,0.008099226281046867,,,,
5195,64,1,0.0073954081162810326,,,,
5196,64,1,0.0063943504355847836,,,,
5197,64,1,0.006669485475867987,,,,
5198,64,1,0.008139641024172306,,,,
5199,64,1,0.006192909087985754,,,,
5200,64,1,0.007940186187624931,,,,
5201,64,1,0.00829283706843853,,,,
5202,64,1,0.006424644496291876,,,,
5203,64,1,0.005883153527975082,,,,
5204,64,1,0.00767973717302084,,,,
5205,64,1,0.007845450192689896,,,,
5206,64,1,0.007977166213095188,,,,
5207,64,1,0.00968095101416111,,,,
5208,64,1,0.006802582181990147,,,,
5209,64,1,0.006628604140132666,,,,
5210,64,1,0.008731894195079803,,,,
5211,64,1,0.007410970516502857,,,,
5212,64,1,0.00604294054210186,,,,
5213,64,1,0.007406522985547781,,,,
5214,64,1,0.007610826753079891,,,,
5215,64,1,0.0064197867177426815,,,,
5216,64,1,0.005915422923862934,,,,
5217,64,1,0.00881675910204649,,,,
5218,64,1,0.006758074276149273,,,,
5219,64,1,0.006860974244773388,,,,
5220,64,1,0.006280457600951195,,,,
5221,64,1,0.006636866368353367,,,,
5222,64,1,0.007024745456874371,,,,
5223,64,1,0.007239980157464743,,,,
5224,64,1,0.007734697312116623,,,,
5225,64,1,0.006405924912542105,,,,
5226,64,1,0.006664955522865057,,,,
5227,64,1,0.006510907784104347,,,,
5228,64,1,0.006336132995784283,,,,
5229,64,1,0.007287191227078438,,,,
5230,64,1,0.006268934812396765,,,,
5231,64,1,0.006145920604467392,,,,
5232,64,1,0.007511219009757042,,,,
5233,64,1,0.0071163419634103775,,,,
5234,64,1,0.0066556683741509914,,,,
5235,64,1,0.007076225709170103,,,,
5236,64,1,0.006287527736276388,,,,
5237,64,1,0.008664017543196678,,,,
5238,64,1,0.0066202799789607525,,,,
5239,64,1,0.007405951153486967,,,,
5240,64,1,0.005926348268985748,,,,
5241,64,1,0.006576327607035637,,,,
5242,64,1,0.0067914254032075405,,,,
5243,64,1,0.008432848379015923,,,,
5244,64,1,0.0065458109602332115,,,,
5245,64,1,0.007467202376574278,,,,
5246,64,1,0.006886602845042944,,,,
5247,64,1,0.007789398543536663,,,,
5248,64,1,0.007321854587644339,,,,
5249,64,1,0.00717520248144865,,,,
5250,64,1,0.008615439757704735,,,,
5251,64,1,0.0077573638409376144,,,,
5252,64,1,0.007079475559294224,,,,
5253,64,1,0.006930643226951361,,,,
5254,64,1,0.006476306356489658,,,,
5255,64,1,0.008671923540532589,,,,
5256,64,1,0.007514467462897301,,,,
5257,64,1,0.005473046563565731,,,,
5258,64,1,0.007082011550664902,,,,
5259,64,1,0.0070012398064136505,,,,
5260,64,1,0.005813134368509054,,,,
5261,64,1,0.006409789435565472,,,,
5262,64,1,0.006472188979387283,,,,
5263,64,1,0.008523857221007347,,,,
5264,64,1,0.006763385608792305,,,,
5265,64,1,0.007950741797685623,,,,
5266,64,1,0.007067336700856686,,,,
5267,64,1,0.005683289375156164,,,,
5268,64,1,0.007400771602988243,,,,
5269,64,1,0.008859973400831223,,,,
5270,64,1,0.006392722483724356,,,,
5271,64,1,0.007843030616641045,,,,
5272,64,1,0.006958113983273506,,,,
5273,64,1,0.007861435413360596,,,,
5274,64,1,0.008691131137311459,,,,
5275,64,1,0.006323627661913633,,,,
5276,64,1,0.006622175686061382,,,,
5277,64,1,0.007046914659440517,,,,
5278,64,1,0.005711433477699757,,,,
5279,64,1,0.007281457539647818,,,,
5280,64,1,0.006853490602225065,,,,
5281,64,1,0.0063532497733831406,,,,
5282,64,1,0.006513558328151703,,,,
5283,64,1,0.00677750026807189,,,,
5284,64,1,0.0069853318855166435,,,,
5285,64,1,0.005881366785615683,,,,
5286,64,1,0.008689544163644314,,,,
5287,64,1,0.005400855094194412,,,,
5288,64,1,0.006730495952069759,,,,
5289,64,1,0.005715891718864441,,,,
5290,64,1,0.00744665740057826,,,,
5291,64,1,0.006548186298459768,,,,
5292,64,1,0.007236128207296133,,,,
5293,64,1,0.006743534468114376,,,,
5294,64,1,0.007845285348594189,,,,
5295,64,1,0.007515446748584509,,,,
5296,64,1,0.010393158532679081,,,,
5297,64,1,0.006308075040578842,,,,
5298,64,1,0.007246864028275013,,,,
5299,64,1,0.007116378750652075,,,,
5300,64,1,0.006585765164345503,,,,
5301,64,1,0.0056156134232878685,,,,
5302,64,1,0.007978182286024094,,,,
5303,64,1,0.007560649421066046,,,,
5304,64,1,0.0067120823077857494,,,,
5305,64,1,0.006997986696660519,,,,
5306,64,1,0.007095781620591879,,,,
5307,64,1,0.006662622094154358,,,,
5308,64,1,0.006267099641263485,,,,
5309,64,1,0.006636003963649273,,,,
5310,64,1,0.007342921569943428,,,,
5311,64,1,0.006183657795190811,,,,
5312,64,1,0.007698951289057732,,,,
5313,64,1,0.0068972911685705185,,,,
5314,64,1,0.00658434396609664,,,,
5315,64,1,0.007165147922933102,,,,
5316,64,1,0.00750186201184988,,,,
5317,64,1,0.007298550568521023,,,,
5318,64,1,0.006954674609005451,,,,
5319,64,1,0.005589667707681656,,,,
5320,64,1,0.007300115190446377,,,,
5321,64,1,0.008137797936797142,,,,
5322,64,1,0.007381140254437923,,,,
5323,64,1,0.008218902163207531,,,,
5324,64,1,0.00851856917142868,,,,
5325,64,1,0.007575935684144497,,,,
5326,64,1,0.00930442102253437,,,,
5327,64,1,0.008022086694836617,,,,
5328,64,1,0.009131127037107944,,,,
5329,64,1,0.007212200202047825,,,,
5330,64,1,0.007279584184288979,,,,
5331,64,1,0.0074656372889876366,,,,
5332,64,1,0.005872211419045925,,,,
5333,64,1,0.007665179669857025,,,,
5334,64,1,0.007101568393409252,,,,
5335,64,1,0.0064194477163255215,,,,
5336,64,1,0.006978664547204971,,,,
5337,64,1,0.006268696393817663,,,,
5338,64,1,0.0069056302309036255,,,,
5339,64,1,0.00635415967553854,,,,
5340,64,1,0.006749799009412527,,,,
5341,64,1,0.00785737857222557,,,,
5342,64,1,0.007945353165268898,,,,
5343,64,1,0.007226043380796909,,,,
5344,64,1,0.00779867684468627,,,,
5345,64,1,0.006151646375656128,,,,
5346,64,1,0.00783025287091732,,,,
5347,64,1,0.007121755741536617,,,,
5348,64,1,0.008282624185085297,,,,
5349,64,1,0.0078096515499055386,,,,
5350,64,1,0.006744644604623318,,,,
5351,64,1,0.007819664664566517,,,,
5352,64,1,0.006357684265822172,,,,
5353,64,1,0.007837425917387009,,,,
5354,64,1,0.005985453724861145,,,,
5355,64,1,0.008237282745540142,,,,
5356,64,1,0.007039535325020552,,,,
5357,64,1,0.006577443331480026,,,,
5358,64,1,0.00768515607342124,,,,
5359,64,1,0.00679424125701189,,,,
5360,64,1,0.0069971545599401,,,,
5361,64,1,0.006631884258240461,,,,
5362,64,1,0.00739491730928421,,,,
5363,64,1,0.007067070808261633,,,,
5364,64,1,0.006798481103032827,,,,
5365,64,1,0.006775704678148031,,,,
5366,64,1,0.009442316368222237,,,,
5367,64,1,0.006259021814912558,,,,
5368,64,1,0.005953469313681126,,,,
5369,64,1,0.007862184196710587,,,,
5370,64,1,0.007053244858980179,,,,
5371,64,1,0.007193220313638449,,,,
5372,64,1,0.0053185028955340385,,,,
5373,64,1,0.006070662289857864,,,,
5374,64,1,0.007319608703255653,,,,
5375,64,1,0.00714373541995883,,,,
5376,64,1,0.006594841834157705,,,,
5377,64,1,0.007361454423516989,,,,
5378,64,1,0.007040567230433226,,,,
5379,64,1,0.005460002925246954,,,,
5380,64,1,0.007046565413475037,,,,
5381,64,1,0.007203420624136925,,,,
5382,64,1,0.007668429985642433,,,,
5383,64,1,0.007483676075935364,,,,
5384,64,1,0.007316056173294783,,,,
5385,64,1,0.007322498597204685,,,,
5386,64,1,0.00655329180881381,,,,
5387,64,1,0.006185951642692089,,,,
5388,64,1,0.006231923587620258,,,,
5389,64,1,0.007314980961382389,,,,
5390,64,1,0.006323333829641342,,,,
5391,64,1,0.007680739741772413,,,,
5392,64,1,0.00657504191622138,,,,
5393,64,1,0.006285609677433968,,,,
5394,64,1,0.007891926914453506,,,,
5395,64,1,0.007836452685296535,,,,
5396,64,1,0.006802806165069342,,,,
5397,64,1,0.0068647367879748344,,,,
5398,64,1,0.006787922233343124,,,,
5399,64,1,0.0075515927746891975,,,,
5400,64,1,0.007850364781916142,,,,
5401,64,1,0.00624447874724865,,,,
5402,64,1,0.007673449814319611,,,,
5403,64,1,0.009103488177061081,,,,
5404,64,1,0.007987333461642265,,,,
5405,64,1,0.009246249683201313,,,,
5406,64,1,0.006961641367524862,,,,
5407,64,1,0.006419137120246887,,,,
5408,64,1,0.007463493850082159,,,,
5409,64,1,0.008596610277891159,,,,
5410,64,1,0.007792785298079252,,,,
5411,64,1,0.007442539092153311,,,,
5412,64,1,0.00840155128389597,,,,
5413,64,1,0.008528740145266056,,,,
5414,64,1,0.008131243288516998,,,,
5415,64,1,0.008916113525629044,,,,
5416,64,1,0.00973318051546812,,,,
5417,64,1,0.00734945572912693,,,,
5418,64,1,0.00806448794901371,,,,
5419,64,1,0.006389014422893524,,,,
5420,64,1,0.006604367401450872,,,,
5421,64,1,0.006475802510976791,,,,
5422,64,1,0.00742537435144186,,,,
5423,64,1,0.006841349881142378,,,,
5424,64,1,0.008506400510668755,,,,
5425,64,1,0.007829450070858002,,,,
5426,64,1,0.006048113107681274,,,,
5427,64,1,0.005956596694886684,,,,
5428,64,1,0.0057953596115112305,,,,
5429,64,1,0.008784569799900055,,,,
5430,64,1,0.007756583392620087,,,,
5431,64,1,0.0063434988260269165,,,,
5432,64,1,0.007878091186285019,,,,
5433,64,1,0.006833880208432674,,,,
5434,64,1,0.007050247397273779,,,,
5435,64,1,0.006042386405169964,,,,
5436,64,1,0.00580991804599762,,,,
5437,64,1,0.00878877006471157,,,,
5438,64,1,0.007015216629952192,,,,
5439,64,1,0.008307769894599915,,,,
5440,64,1,0.005351400002837181,,,,
5441,64,1,0.005990403704345226,,,,
5442,64,1,0.006764841265976429,,,,
5443,64,1,0.0061728572472929955,,,,
5444,64,1,0.006741095334291458,,,,
5445,64,1,0.006877781357616186,,,,
5446,64,1,0.00780037697404623,,,,
5447,64,1,0.006469300016760826,,,,
5448,64,1,0.0062281107529997826,,,,
5449,64,1,0.007486038841307163,,,,
5450,64,1,0.006441664882004261,,,,
5451,64,1,0.006669851951301098,,,,
5452,64,1,0.006690504960715771,,,,
5453,64,1,0.007074994500726461,,,,
5454,64,1,0.006136755924671888,,,,
5455,64,1,0.006376603618264198,,,,
5456,64,1,0.006488877348601818,,,,
5457,64,1,0.007014188915491104,,,,
5458,64,1,0.0066275945864617825,,,,
5459,64,1,0.0060815876349806786,,,,
5460,64,1,0.006966914515942335,,,,
5461,64,1,0.007120312191545963,,,,
5462,64,1,0.007273322902619839,,,,
5463,64,1,0.007019012700766325,,,,
5464,64,1,0.006527545861899853,,,,
5465,64,1,0.006397761404514313,,,,
5466,64,1,0.006768211722373962,,,,
5467,64,1,0.007027905434370041,,,,
5468,64,1,0.0068221427500247955,,,,
5469,64,1,0.0073061250150203705,,,,
5470,64,1,0.0059000770561397076,,,,
5471,64,1,0.005850635468959808,,,,
5472,64,1,0.006897103041410446,,,,
5473,64,1,0.007939478382468224,,,,
5474,64,1,0.006761222146451473,,,,
5475,64,1,0.007056151982396841,,,,
5476,64,1,0.008758261799812317,,,,
5477,64,1,0.005638317670673132,,,,
5478,64,1,0.0077432794496417046,,,,
5479,64,1,0.008882483467459679,,,,
5480,64,1,0.006587504874914885,,,,
5481,64,1,0.006590997334569693,,,,
5482,64,1,0.0057095373049378395,,,,
5483,64,1,0.00703564053401351,,,,
5484,64,1,0.00601289002224803,,,,
5485,64,1,0.007034331560134888,,,,
5486,64,1,0.007206461392343044,,,,
5487,64,1,0.006323854438960552,,,,
5488,64,1,0.0062953634187579155,,,,
5489,64,1,0.0064010098576545715,,,,
5490,64,1,0.006860587280243635,,,,
5491,64,1,0.007003551349043846,,,,
5492,64,1,0.0061602904461324215,,,,
5493,64,1,0.00638361182063818,,,,
5494,64,1,0.004994725808501244,,,,
5495,64,1,0.006238866131752729,,,,
5496,64,1,0.007889870554208755,,,,
5497,64,1,0.00813355389982462,,,,
5498,64,1,0.007837401703000069,,,,
5499,64,1,0.004867700859904289,,,,
5500,64,1,0.007027595769613981,,,,
5501,64,1,0.0058347806334495544,,,,
5502,64,1,0.005816923454403877,,,,
5503,64,1,0.00562972342595458,,,,
5504,64,1,0.005815727636218071,,,,
5505,64,1,0.005939490161836147,,,,
5506,64,1,0.006166685372591019,,,,
5507,64,1,0.006898330058902502,,,,
5508,64,1,0.006763911806046963,,,,
5509,64,1,0.007432965561747551,,,,
5510,64,1,0.0066724009811878204,,,,
5511,64,1,0.0073873065412044525,,,,
5512,64,1,0.007037341594696045,,,,
5513,64,1,0.006857267580926418,,,,
5514,64,1,0.00678331358358264,,,,
5515,64,1,0.008064842782914639,,,,
5516,64,1,0.006563717033714056,,,,
5517,64,1,0.00669227447360754,,,,
5518,64,1,0.0065637072548270226,,,,
5519,64,1,0.005498708225786686,,,,
5520,64,1,0.007012631744146347,,,,
5521,64,1,0.0067076897248625755,,,,
5522,64,1,0.007641586475074291,,,,
5523,64,1,0.006614323705434799,,,,
5524,64,1,0.006235093809664249,,,,
5525,64,1,0.007067201193422079,,,,
5526,64,1,0.006404142361134291,,,,
5527,64,1,0.007642846554517746,,,,
5528,64,1,0.007581927813589573,,,,
5529,64,1,0.008226192556321621,,,,
5530,64,1,0.0066461339592933655,,,,
5531,64,1,0.007597487419843674,,,,
5532,64,1,0.0062996200285851955,,,,
5533,64,1,0.006262477487325668,,,,
5534,64,1,0.006828333251178265,,,,
5535,64,1,0.007064457051455975,,,,
5536,64,1,0.005926661193370819,,,,
5537,64,1,0.008977323770523071,,,,
5538,64,1,0.0054584890604019165,,,,
5539,64,1,0.006142619997262955,,,,
5540,64,1,0.006204595323652029,,,,
5541,64,1,0.006487582810223103,,,,
5542,64,1,0.0051878890953958035,,,,
5543,64,1,0.006618165411055088,,,,
5544,64,1,0.007667939178645611,,,,
5545,64,1,0.006043979432433844,,,,
5546,64,1,0.006839021574705839,,,,
5547,64,1,0.007076624780893326,,,,
5548,64,1,0.007448810618370771,,,,
5549,64,1,0.0068201180547475815,,,,
5550,64,1,0.006238620262593031,,,,
5551,64,1,0.006080952938646078,,,,
5552,64,1,0.007031242363154888,,,,
5553,64,1,0.005347239784896374,,,,
5554,64,1,0.00563836982473731,,,,
5555,64,1,0.008391293697059155,,,,
5556,64,1,0.006192476954311132,,,,
5557,64,1,0.007128803990781307,,,,
5558,64,1,0.006767526268959045,,,,
5559,64,1,0.007499542087316513,,,,
5560,64,1,0.006740437354892492,,,,
5561,64,1,0.00719006871804595,,,,
5562,64,1,0.006260035093873739,,,,
5563,64,1,0.004965275526046753,,,,
5564,64,1,0.006602163426578045,,,,
5565,64,1,0.0057321167550981045,,,,
5566,64,1,0.007061070762574673,,,,
5567,64,1,0.006930671166628599,,,,
5568,64,1,0.006649800576269627,,,,
5569,64,1,0.007934438064694405,,,,
5570,64,1,0.006289954297244549,,,,
5571,64,1,0.0064027803018689156,,,,
5572,64,1,0.007049535866826773,,,,
5573,64,1,0.008269436657428741,,,,
5574,64,1,0.006557050161063671,,,,
5575,64,1,0.006175955291837454,,,,
5576,64,1,0.006308174692094326,,,,
5577,64,1,0.008331707678735256,,,,
5578,64,1,0.007237918674945831,,,,
5579,64,1,0.007598835043609142,,,,
5580,64,1,0.007428025361150503,,,,
5581,64,1,0.006829754915088415,,,,
5582,64,1,0.0067671677097678185,,,,
5583,64,1,0.009862620383501053,,,,
5584,64,1,0.007797287777066231,,,,
5585,64,1,0.00833355076611042,,,,
5586,64,1,0.007340523414313793,,,,
5587,64,1,0.007822854444384575,,,,
5588,64,1,0.007468037307262421,,,,
5589,64,1,0.00737291295081377,,,,
5590,64,1,0.006962747313082218,,,,
5591,64,1,0.007874920032918453,,,,
5592,64,1,0.007977055385708809,,,,
5593,64,1,0.006110629998147488,,,,
5594,64,1,0.006412900984287262,,,,
5595,64,1,0.006075476296246052,,,,
5596,64,1,0.00879926048219204,,,,
5597,64,1,0.006922155153006315,,,,
5598,64,1,0.0076169464737176895,,,,
5599,64,1,0.007354337256401777,,,,
5600,64,1,0.00819565262645483,,,,
5601,64,1,0.005729321390390396,,,,
5602,64,1,0.006309359334409237,,,,
5603,64,1,0.0071008093655109406,,,,
5604,64,1,0.00750224431976676,,,,
5605,64,1,0.0063918279483914375,,,,
5606,64,1,0.006384586449712515,,,,
5607,64,1,0.006254767067730427,,,,
5608,64,1,0.007927714847028255,,,,
5609,64,1,0.006285679992288351,,,,
5610,64,1,0.006844106130301952,,,,
5611,64,1,0.006999826990067959,,,,
5612,64,1,0.008183319121599197,,,,
5613,64,1,0.0074623823165893555,,,,
5614,64,1,0.00731195043772459,,,,
5615,64,1,0.00895420927554369,,,,
5616,64,1,0.006221055518835783,,,,
5617,64,1,0.006903389003127813,,,,
5618,64,1,0.006421403493732214,,,,
5619,64,1,0.006856448948383331,,,,
5620,64,1,0.006731419824063778,,,,
5621,64,1,0.006352528929710388,,,,
5622,64,1,0.0063952296040952206,,,,
5623,64,1,0.005110184662044048,,,,
5624,64,1,0.006490006111562252,,,,
5625,64,1,0.006461523473262787,,,,
5626,64,1,0.007785473018884659,,,,
5627,64,1,0.006443934049457312,,,,
5628,64,1,0.007304258178919554,,,,
5629,64,1,0.006658957805484533,,,,
5630,64,1,0.006077305413782597,,,,
5631,64,1,0.007104338146746159,,,,
5632,64,1,0.00718335434794426,,,,
5633,64,1,0.0066517917439341545,,,,
5634,64,1,0.007599975448101759,,,,
5635,64,1,0.008321654982864857,,,,
5636,64,1,0.007482667453587055,,,,
5637,64,1,0.007149281911551952,,,,
5638,64,1,0.006732524838298559,,,,
5639,64,1,0.006628710776567459,,,,
5640,64,1,0.005985718220472336,,,,
5641,64,1,0.007874196395277977,,,,
5642,64,1,0.005858606658875942,,,,
5643,64,1,0.00629670824855566,,,,
5644,64,1,0.007014021277427673,,,,
5645,64,1,0.007163211703300476,,,,
5646,64,1,0.0065303947776556015,,,,
5647,64,1,0.006679096724838018,,,,
5648,64,1,0.006193265318870544,,,,
5649,64,1,0.005022777710109949,,,,
5650,64,1,0.006982221268117428,,,,
5651,64,1,0.007053952198475599,,,,
5652,64,1,0.006653968244791031,,,,
5653,64,1,0.004970677196979523,,,,
5654,64,1,0.0057050189934670925,,,,
5655,64,1,0.007368658669292927,,,,
5656,64,1,0.0062723057344555855,,,,
5657,64,1,0.006360927131026983,,,,
5658,64,1,0.006096720229834318,,,,
5659,64,1,0.006653602235019207,,,,
5660,64,1,0.0061066425405442715,,,,
5661,64,1,0.007415981497615576,,,,
5662,64,1,0.006356033496558666,,,,
5663,64,1,0.006365223787724972,,,,
5664,64,1,0.00669745123013854,,,,
5665,64,1,0.006968139670789242,,,,
5666,64,1,0.004217198118567467,,,,
5667,64,1,0.0066963075660169125,,,,
5668,64,1,0.006758929695934057,,,,
5669,64,1,0.006152355577796698,,,,
5670,64,1,0.00559412594884634,,,,
5671,64,1,0.008257359266281128,,,,
5672,64,1,0.006619307212531567,,,,
5673,64,1,0.006237462162971497,,,,
5674,64,1,0.007419968955218792,,,,
5675,64,1,0.00628092885017395,,,,
5676,64,1,0.006527730729430914,,,,
5677,64,1,0.006443152204155922,,,,
5678,64,1,0.007161927875131369,,,,
5679,64,1,0.006063113920390606,,,,
5680,64,1,0.006692991591989994,,,,
5681,64,1,0.006055440288037062,,,,
5682,64,1,0.005094749853014946,,,,
5683,64,1,0.005886468105018139,,,,
5684,64,1,0.00590897724032402,,,,
5685,64,1,0.007920494303107262,,,,
5686,64,1,0.005560125689953566,,,,
5687,64,1,0.00672159343957901,,,,
5688,64,1,0.005563537590205669,,,,
5689,64,1,0.007234051823616028,,,,
5690,64,1,0.007585670333355665,,,,
5691,64,1,0.006633100565522909,,,,
5692,64,1,0.006221508141607046,,,,
5693,64,1,0.007521040737628937,,,,
5694,64,1,0.007138054817914963,,,,
5695,64,1,0.008729876950383186,,,,
5696,64,1,0.005463765002787113,,,,
5697,64,1,0.005214347504079342,,,,
5698,64,1,0.006597706116735935,,,,
5699,64,1,0.0077907247468829155,,,,
5700,64,1,0.00625701155513525,,,,
5701,64,1,0.005824953317642212,,,,
5702,64,1,0.006234130822122097,,,,
5703,64,1,0.005968404468148947,,,,
5704,64,1,0.006734073162078857,,,,
5705,64,1,0.006404697895050049,,,,
5706,64,1,0.0058583952486515045,,,,
5707,64,1,0.0065185739658772945,,,,
5708,64,1,0.007595140021294355,,,,
5709,64,1,0.007260170765221119,,,,
5710,64,1,0.0053214444778859615,,,,
5711,64,1,0.00750357611104846,,,,
5712,64,1,0.006155190523713827,,,,
5713,64,1,0.006579466164112091,,,,
5714,64,1,0.007097953464835882,,,,
5715,64,1,0.006662966217845678,,,,
5716,64,1,0.005696604959666729,,,,
5717,64,1,0.00810888409614563,,,,
5718,64,1,0.005996766500174999,,,,
5719,64,1,0.007034848444163799,,,,
5720,64,1,0.005951861850917339,,,,
5721,64,1,0.00665954640135169,,,,
5722,64,1,0.007157103158533573,,,,
5723,64,1,0.007160826586186886,,,,
5724,64,1,0.005933191627264023,,,,
5725,64,1,0.006164404563605785,,,,
5726,64,1,0.005940495990216732,,,,
5727,64,1,0.007162617053836584,,,,
5728,64,1,0.006542944349348545,,,,
5729,64,1,0.005854267627000809,,,,
5730,64,1,0.006176899652928114,,,,
5731,64,1,0.005752348806709051,,,,
5732,64,1,0.006622107233852148,,,,
5733,64,1,0.006890447344630957,,,,
5734,64,1,0.009197723120450974,,,,
5735,64,1,0.006907227449119091,,,,
5736,64,1,0.00766006438061595,,,,
5737,64,1,0.006000400986522436,,,,
5738,64,1,0.005185707937926054,,,,
5739,64,1,0.009368928149342537,,,,
5740,64,1,0.007438653148710728,,,,
5741,64,1,0.006873090751469135,,,,
5742,64,1,0.006995042320340872,,,,
5743,64,1,0.00688518863171339,,,,
5744,64,1,0.005672600120306015,,,,
5745,64,1,0.007302308455109596,,,,
5746,64,1,0.00689192209392786,,,,
5747,64,1,0.0064725070260465145,,,,
5748,64,1,0.005901438649743795,,,,
5749,64,1,0.007033634930849075,,,,
5750,64,1,0.0053123123943805695,,,,
5751,64,1,0.006503187119960785,,,,
5752,64,1,0.008128723129630089,,,,
5753,64,1,0.005910937674343586,,,,
5754,64,1,0.006942878942936659,,,,
5755,64,1,0.008546562865376472,,,,
5756,64,1,0.00556536391377449,,,,
5757,64,1,0.006028648465871811,,,,
5758,64,1,0.00590682215988636,,,,
5759,64,1,0.006192211993038654,,,,
5760,64,1,0.007058165967464447,,,,
5761,64,1,0.006045709364116192,,,,
5762,64,1,0.006186421029269695,,,,
5763,64,1,0.004825853742659092,,,,
5764,64,1,0.005248986184597015,,,,
5765,64,1,0.004919014871120453,,,,
5766,64,1,0.007258695550262928,,,,
5767,64,1,0.0058379750698804855,,,,
5768,64,1,0.005816980265080929,,,,
5769,64,1,0.006118937861174345,,,,
5770,64,1,0.00691718515008688,,,,
5771,64,1,0.006593929138034582,,,,
5772,64,1,0.004891368094831705,,,,
5773,64,1,0.00806601531803608,,,,
5774,64,1,0.00587809830904007,,,,
5775,64,1,0.005705822259187698,,,,
5776,64,1,0.0062921131029725075,,,,
5777,64,1,0.006480011157691479,,,,
5778,64,1,0.005470790900290012,,,,
5779,64,1,0.006565671414136887,,,,
5780,64,1,0.006387791596353054,,,,
5781,64,1,0.0051882099360227585,,,,
5782,64,1,0.004960594233125448,,,,
5783,64,1,0.006056471727788448,,,,
5784,64,1,0.006383842788636684,,,,
5785,64,1,0.006106862332671881,,,,
5786,64,1,0.005685172043740749,,,,
5787,64,1,0.005470304749906063,,,,
5788,64,1,0.007309288717806339,,,,
5789,64,1,0.0065322029404342175,,,,
5790,64,1,0.007247371133416891,,,,
5791,64,1,0.006502680480480194,,,,
5792,64,1,0.006466099992394447,,,,
5793,64,1,0.005874999798834324,,,,
5794,64,1,0.007088402286171913,,,,
5795,64,1,0.005406810902059078,,,,
5796,64,1,0.005994269158691168,,,,
5797,64,1,0.0053633893840014935,,,,
5798,64,1,0.0063361190259456635,,,,
5799,64,1,0.005418680142611265,,,,
5800,64,1,0.005884181708097458,,,,
5801,64,1,0.007188255898654461,,,,
5802,64,1,0.00610747467726469,,,,
5803,64,1,0.00788092240691185,,,,
5804,64,1,0.007245786488056183,,,,
5805,64,1,0.00663401372730732,,,,
5806,64,1,0.007259280886501074,,,,
5807,64,1,0.007425626739859581,,,,
5808,64,1,0.008206617087125778,,,,
5809,64,1,0.00714836735278368,,,,
5810,64,1,0.0071775405667722225,,,,
5811,64,1,0.006530384533107281,,,,
5812,64,1,0.006739492993801832,,,,
5813,64,1,0.006530528422445059,,,,
5814,64,1,0.007542138919234276,,,,
5815,64,1,0.006672769784927368,,,,
5816,64,1,0.00577511265873909,,,,
5817,64,1,0.007674653083086014,,,,
5818,64,1,0.007044936530292034,,,,
5819,64,1,0.005842410959303379,,,,
5820,64,1,0.006109548732638359,,,,
5821,64,1,0.005896657705307007,,,,
5822,64,1,0.007932117208838463,,,,
5823,64,1,0.006080446299165487,,,,
5824,64,1,0.006395510397851467,,,,
5825,64,1,0.007011218927800655,,,,
5826,64,1,0.005524664185941219,,,,
5827,64,1,0.007523348089307547,,,,
5828,64,1,0.004889937583357096,,,,
5829,64,1,0.005367673467844725,,,,
5830,64,1,0.004921795800328255,,,,
5831,64,1,0.0073848748579621315,,,,
5832,64,1,0.006817790679633617,,,,
5833,64,1,0.007119451649487019,,,,
5834,64,1,0.005428176373243332,,,,
5835,64,1,0.00634870445355773,,,,
5836,64,1,0.006342531181871891,,,,
5837,64,1,0.005835182033479214,,,,
5838,64,1,0.006408073008060455,,,,
5839,64,1,0.007542212959378958,,,,
5840,64,1,0.007223071064800024,,,,
5841,64,1,0.006074532400816679,,,,
5842,64,1,0.0058589717373251915,,,,
5843,64,1,0.006445589475333691,,,,
5844,64,1,0.0068601565435528755,,,,
5845,64,1,0.006625435780733824,,,,
5846,64,1,0.006606750190258026,,,,
5847,64,1,0.006844415329396725,,,,
5848,64,1,0.00654408847913146,,,,
5849,64,1,0.008188551291823387,,,,
5850,64,1,0.008666371926665306,,,,
5851,64,1,0.006117245182394981,,,,
5852,64,1,0.006231184117496014,,,,
5853,64,1,0.006567069794982672,,,,
5854,64,1,0.005780187901109457,,,,
5855,64,1,0.006163011305034161,,,,
5856,64,1,0.006276986561715603,,,,
5857,64,1,0.006993952207267284,,,,
5858,64,1,0.005782654043287039,,,,
5859,64,1,0.0064223762601614,,,,
5860,64,1,0.006708343978971243,,,,
5861,64,1,0.0066834706813097,,,,
5862,64,1,0.006490577012300491,,,,
5863,64,1,0.007545087020844221,,,,
5864,64,1,0.006576592102646828,,,,
5865,64,1,0.00703147379681468,,,,
5866,64,1,0.007527125999331474,,,,
5867,64,1,0.007996796630322933,,,,
5868,64,1,0.0062048062682151794,,,,
5869,64,1,0.007704590912908316,,,,
5870,64,1,0.006327439099550247,,,,
5871,64,1,0.005611015483736992,,,,
5872,64,1,0.006801976822316647,,,,
5873,64,1,0.006940466817468405,,,,
5874,64,1,0.006912404205650091,,,,
5875,64,1,0.00650628749281168,,,,
5876,64,1,0.007530544884502888,,,,
5877,64,1,0.006754965987056494,,,,
5878,64,1,0.007055149879306555,,,,
5879,64,1,0.006229105405509472,,,,
5880,64,1,0.006508273538202047,,,,
5881,64,1,0.006706265266984701,,,,
5882,64,1,0.005508989095687866,,,,
5883,64,1,0.006275840103626251,,,,
5884,64,1,0.006299121305346489,,,,
5885,64,1,0.005143109709024429,,,,
5886,64,1,0.005862260237336159,,,,
5887,64,1,0.007038801908493042,,,,
5888,64,1,0.007022601552307606,,,,
5889,64,1,0.006985052488744259,,,,
5890,64,1,0.006696236319839954,,,,
5891,64,1,0.007243771106004715,,,,
5892,64,1,0.006419166456907988,,,,
5893,64,1,0.007041487842798233,,,,
5894,64,1,0.005991505458950996,,,,
5895,64,1,0.0066874041222035885,,,,
5896,64,1,0.0061986567452549934,,,,
5897,64,1,0.006375649943947792,,,,
5898,64,1,0.007573588751256466,,,,
5899,64,1,0.005977881606668234,,,,
5900,64,1,0.005629774183034897,,,,
5901,64,1,0.006584961898624897,,,,
5902,64,1,0.005773823242634535,,,,
5903,64,1,0.006509264465421438,,,,
5904,64,1,0.0068370988592505455,,,,
5905,64,1,0.005611366592347622,,,,
5906,64,1,0.0057035647332668304,,,,
5907,64,1,0.006608047988265753,,,,
5908,64,1,0.008937826380133629,,,,
5909,64,1,0.005232061259448528,,,,
5910,64,1,0.006952561438083649,,,,
5911,64,1,0.007371553685516119,,,,
5912,64,1,0.0066224439069628716,,,,
5913,64,1,0.006631538271903992,,,,
5914,64,1,0.006270372774451971,,,,
5915,64,1,0.005633100867271423,,,,
5916,64,1,0.006826866418123245,,,,
5917,64,1,0.006567570846527815,,,,
5918,64,1,0.006534694693982601,,,,
5919,64,1,0.006930137984454632,,,,
5920,64,1,0.006014020647853613,,,,
5921,64,1,0.007588661275804043,,,,
5922,64,1,0.005722145549952984,,,,
5923,64,1,0.006241650320589542,,,,
5924,64,1,0.006930392235517502,,,,
5925,64,1,0.0061316220089793205,,,,
5926,64,1,0.006724612321704626,,,,
5927,64,1,0.0071550882421433926,,,,
5928,64,1,0.006464192643761635,,,,
5929,64,1,0.00679045682772994,,,,
5930,64,1,0.006796254776418209,,,,
5931,64,1,0.00621531717479229,,,,
5932,64,1,0.005853578448295593,,,,
5933,64,1,0.006875336170196533,,,,
5934,64,1,0.006978229619562626,,,,
5935,64,1,0.005768238566815853,,,,
5936,64,1,0.006645532324910164,,,,
5937,64,1,0.006074798293411732,,,,
5938,64,1,0.006732884794473648,,,,
5939,64,1,0.0056610433384776115,,,,
5940,64,1,0.005717887543141842,,,,
5941,64,1,0.006429155357182026,,,,
5942,64,1,0.005882199387997389,,,,
5943,64,1,0.00671498104929924,,,,
5944,64,1,0.006776067428290844,,,,
5945,64,1,0.006037738174200058,,,,
5946,64,1,0.006395814474672079,,,,
5947,64,1,0.007109939120709896,,,,
5948,64,1,0.006429576314985752,,,,
5949,64,1,0.005783059634268284,,,,
5950,64,1,0.006945467554032803,,,,
5951,64,1,0.007153266109526157,,,,
5952,64,1,0.006227261386811733,,,,
5953,64,1,0.007238968275487423,,,,
5954,64,1,0.007570062763988972,,,,
5955,64,1,0.007093619555234909,,,,
5956,64,1,0.005970939062535763,,,,
5957,64,1,0.007177244871854782,,,,
5958,64,1,0.008052757941186428,,,,
5959,64,1,0.00572251295670867,,,,
5960,64,1,0.007320235949009657,,,,
5961,64,1,0.007475079037249088,,,,
5962,64,1,0.006997372023761272,,,,
5963,64,1,0.006850279867649078,,,,
5964,64,1,0.00639641098678112,,,,
5965,64,1,0.007291702087968588,,,,
5966,64,1,0.0062143332324922085,,,,
5967,64,1,0.005715247243642807,,,,
5968,64,1,0.005667772144079208,,,,
5969,64,1,0.007909595966339111,,,,
5970,64,1,0.0060476018115878105,,,,
5971,64,1,0.005461101420223713,,,,
5972,64,1,0.006080347113311291,,,,
5973,64,1,0.005698652938008308,,,,
5974,64,1,0.005445561371743679,,,,
5975,64,1,0.0067315190099179745,,,,
5976,64,1,0.0071897185407578945,,,,
5977,64,1,0.005760530941188335,,,,
5978,64,1,0.00634494936093688,,,,
5979,64,1,0.0071724653244018555,,,,
5980,64,1,0.007108944468200207,,,,
5981,64,1,0.0072135329246521,,,,
5982,64,1,0.006942674517631531,,,,
5983,64,1,0.00632068607956171,,,,
5984,64,1,0.005436920560896397,,,,
5985,64,1,0.005533942487090826,,,,
5986,64,1,0.0058973198756575584,,,,
5987,64,1,0.005116059444844723,,,,
5988,64,1,0.006062883883714676,,,,
5989,64,1,0.0063047027215361595,,,,
5990,64,1,0.006712253671139479,,,,
5991,64,1,0.006272083148360252,,,,
5992,64,1,0.0063157035037875175,,,,
5993,64,1,0.007154540624469519,,,,
5994,64,1,0.006477054208517075,,,,
5995,64,1,0.006187121383845806,,,,
5996,64,1,0.00687527097761631,,,,
5997,64,1,0.00592649495229125,,,,
5998,64,1,0.005404065363109112,,,,
5999,64,1,0.006316915154457092,,,,
6000,64,1,0.005746760871261358,,0.00888519390099781,0.7884272833875741,21.79548537752161
6001,64,1,0.006561517249792814,,,,
6002,64,1,0.005719894543290138,,,,
6003,64,1,0.007423562463372946,,,,
6004,64,1,0.005061185918748379,,,,
6005,64,1,0.006855872459709644,,,,
6006,64,1,0.005818706005811691,,,,
6007,64,1,0.0061340369284152985,,,,
6008,64,1,0.005732204765081406,,,,
6009,64,1,0.006533808074891567,,,,
6010,64,1,0.00841460283845663,,,,
6011,64,1,0.006016465835273266,,,,
6012,64,1,0.0065212612971663475,,,,
6013,64,1,0.0067828260362148285,,,,
6014,64,1,0.006941649131476879,,,,
6015,64,1,0.005677215289324522,,,,
6016,64,1,0.005337308160960674,,,,
6017,64,1,0.007092257495969534,,,,
6018,64,1,0.005996090825647116,,,,
6019,64,1,0.006495121866464615,,,,
6020,64,1,0.0064030056819319725,,,,
6021,64,1,0.00567576102912426,,,,
6022,64,1,0.006366178393363953,,,,
6023,64,1,0.0076838000677526,,,,
6024,64,1,0.006086263339966536,,,,
6025,64,1,0.00764422258362174,,,,
6026,64,1,0.0072171650826931,,,,
6027,64,1,0.0069559975527226925,,,,
6028,64,1,0.006299653090536594,,,,
6029,64,1,0.00674261711537838,,,,
6030,64,1,0.006823542527854443,,,,
6031,64,1,0.007849418558180332,,,,
6032,64,1,0.006413805298507214,,,,
6033,64,1,0.006476736627519131,,,,
6034,64,1,0.005752047058194876,,,,
6035,64,1,0.006950836628675461,,,,
6036,64,1,0.005997175350785255,,,,
6037,64,1,0.006583442445844412,,,,
6038,64,1,0.005688430275768042,,,,
6039,64,1,0.006077769212424755,,,,
6040,64,1,0.006272632163017988,,,,
6041,64,1,0.006051927339285612,,,,
6042,64,1,0.006003855727612972,,,,
6043,64,1,0.006824893411248922,,,,
6044,64,1,0.007158407475799322,,,,
6045,64,1,0.006121515762060881,,,,
6046,64,1,0.006210417952388525,,,,
6047,64,1,0.005767929833382368,,,,
6048,64,1,0.007566079031676054,,,,
6049,64,1,0.006788638886064291,,,,
6050,64,1,0.007234213873744011,,,,
6051,64,1,0.006795980967581272,,,,
6052,64,1,0.006416096817702055,,,,
6053,64,1,0.005291562061756849,,,,
6054,64,1,0.007116230204701424,,,,
6055,64,1,0.005667494144290686,,,,
6056,64,1,0.0056856777518987656,,,,
6057,64,1,0.005980475805699825,,,,
6058,64,1,0.006628887262195349,,,,
6059,64,1,0.0069068362936377525,,,,
6060,64,1,0.0057383752427995205,,,,
6061,64,1,0.005891180597245693,,,,
6062,64,1,0.005639288574457169,,,,
6063,64,1,0.005288173910230398,,,,
6064,64,1,0.005297712981700897,,,,
6065,64,1,0.00591012230142951,,,,
6066,64,1,0.006250924430787563,,,,
6067,64,1,0.005077531561255455,,,,
6068,64,1,0.007111783139407635,,,,
6069,64,1,0.007130506448447704,,,,
6070,64,1,0.005486402660608292,,,,
6071,64,1,0.007232402916997671,,,,
6072,64,1,0.005038241855800152,,,,
6073,64,1,0.007032988592982292,,,,
6074,64,1,0.005928003694862127,,,,
6075,64,1,0.005191490985453129,,,,
6076,64,1,0.005272018723189831,,,,
6077,64,1,0.00669915322214365,,,,
6078,64,1,0.006066041067242622,,,,
6079,64,1,0.0068187713623046875,,,,
6080,64,1,0.006135030649602413,,,,
6081,64,1,0.005485611967742443,,,,
6082,64,1,0.006162721198052168,,,,
6083,64,1,0.007422919385135174,,,,
6084,64,1,0.0061667244881391525,,,,
6085,64,1,0.006681290455162525,,,,
6086,64,1,0.005837207194417715,,,,
6087,64,1,0.005992168094962835,,,,
6088,64,1,0.005214267875999212,,,,
6089,64,1,0.00825861468911171,,,,
6090,64,1,0.005233317613601685,,,,
6091,64,1,0.0061541348695755005,,,,
6092,64,1,0.0057932003401219845,,,,
6093,64,1,0.0067284246906638145,,,,
6094,64,1,0.0054105548188090324,,,,
6095,64,1,0.005343228112906218,,,,
6096,64,1,0.006623565219342709,,,,
6097,64,1,0.005770227871835232,,,,
6098,64,1,0.008562149479985237,,,,
6099,64,1,0.006548074074089527,,,,
6100,64,1,0.005837653763592243,,,,
6101,64,1,0.007735088001936674,,,,
6102,64,1,0.008532753214240074,,,,
6103,64,1,0.005761259235441685,,,,
6104,64,1,0.006668395362794399,,,,
6105,64,1,0.0065199993550777435,,,,
6106,64,1,0.006511826999485493,,,,
6107,64,1,0.006053754594177008,,,,
6108,64,1,0.006892538629472256,,,,
6109,64,1,0.005890632048249245,,,,
6110,64,1,0.007132384926080704,,,,
6111,64,1,0.006263402756303549,,,,
6112,64,1,0.006352628581225872,,,,
6113,64,1,0.00631196703761816,,,,
6114,64,1,0.006937123369425535,,,,
6115,64,1,0.006769243627786636,,,,
6116,64,1,0.004678243305534124,,,,
6117,64,1,0.004967400338500738,,,,
6118,64,1,0.006397858262062073,,,,
6119,64,1,0.005429413169622421,,,,
6120,64,1,0.005991100333631039,,,,
6121,64,1,0.0069726016372442245,,,,
6122,64,1,0.0057709356769919395,,,,
6123,64,1,0.006634777411818504,,,,
6124,64,1,0.006709378212690353,,,,
6125,64,1,0.00649143336340785,,,,
6126,64,1,0.0076047214679419994,,,,
6127,64,1,0.006188023369759321,,,,
6128,64,1,0.006955060176551342,,,,
6129,64,1,0.0075540076941251755,,,,
6130,64,1,0.00718197925016284,,,,
6131,64,1,0.005980383139103651,,,,
6132,64,1,0.005817948840558529,,,,
6133,64,1,0.006680249236524105,,,,
6134,64,1,0.006046618800610304,,,,
6135,64,1,0.00657160859555006,,,,
6136,64,1,0.007241509854793549,,,,
6137,64,1,0.005831453017890453,,,,
6138,64,1,0.005837820470333099,,,,
6139,64,1,0.0057180351577699184,,,,
6140,64,1,0.006675899028778076,,,,
6141,64,1,0.006777254398912191,,,,
6142,64,1,0.005340579431504011,,,,
6143,64,1,0.006820179522037506,,,,
6144,64,1,0.005684583447873592,,,,
6145,64,1,0.005777075886726379,,,,
6146,64,1,0.006436157040297985,,,,
6147,64,1,0.006211472675204277,,,,
6148,64,1,0.006235788576304913,,,,
6149,64,1,0.005981924943625927,,,,
6150,64,1,0.006987915839999914,,,,
6151,64,1,0.005922252312302589,,,,
6152,64,1,0.007649180945008993,,,,
6153,64,1,0.007449109107255936,,,,
6154,64,1,0.006129547022283077,,,,
6155,64,1,0.006606088485568762,,,,
6156,64,1,0.005693979561328888,,,,
6157,64,1,0.005982543807476759,,,,
6158,64,1,0.006981558632105589,,,,
6159,64,1,0.006093734409660101,,,,
6160,64,1,0.0072768195532262325,,,,
6161,64,1,0.0067854756489396095,,,,
6162,64,1,0.005708697251975536,,,,
6163,64,1,0.0057494156062603,,,,
6164,64,1,0.005843860097229481,,,,
6165,64,1,0.006343896500766277,,,,
6166,64,1,0.0067736185155808926,,,,
6167,64,1,0.00893697515130043,,,,
6168,64,1,0.006530240178108215,,,,
6169,64,1,0.006464439909905195,,,,
6170,64,1,0.006382038351148367,,,,
6171,64,1,0.006588238291442394,,,,
6172,64,1,0.006760218180716038,,,,
6173,64,1,0.0052607618272304535,,,,
6174,64,1,0.006781544536352158,,,,
6175,64,1,0.006036969833076,,,,
6176,64,1,0.007823659107089043,,,,
6177,64,1,0.006742331199347973,,,,
6178,64,1,0.00497395358979702,,,,
6179,64,1,0.006251742597669363,,,,
6180,64,1,0.006238467060029507,,,,
6181,64,1,0.006719443015754223,,,,
6182,64,1,0.0058399224653840065,,,,
6183,64,1,0.005395357497036457,,,,
6184,64,1,0.007096122018992901,,,,
6185,64,1,0.006380725186318159,,,,
6186,64,1,0.0055397432297468185,,,,
6187,64,1,0.006054595112800598,,,,
6188,64,1,0.006672171875834465,,,,
6189,64,1,0.007126300595700741,,,,
6190,64,1,0.007075266446918249,,,,
6191,64,1,0.006295616738498211,,,,
6192,64,1,0.007557654287666082,,,,
6193,64,1,0.007106889970600605,,,,
6194,64,1,0.007822131738066673,,,,
6195,64,1,0.007258368190377951,,,,
6196,64,1,0.006530574522912502,,,,
6197,64,1,0.009891928173601627,,,,
6198,64,1,0.006965271662920713,,,,
6199,64,1,0.006704244296997786,,,,
6200,64,1,0.006849256809800863,,,,
6201,64,1,0.006419961806386709,,,,
6202,64,1,0.005115075036883354,,,,
6203,64,1,0.008663676679134369,,,,
6204,64,1,0.006150367669761181,,,,
6205,64,1,0.007027643732726574,,,,
6206,64,1,0.006279597990214825,,,,
6207,64,1,0.005272263195365667,,,,
6208,64,1,0.006705631967633963,,,,
6209,64,1,0.0063580661080777645,,,,
6210,64,1,0.006797465495765209,,,,
6211,64,1,0.006786174140870571,,,,
6212,64,1,0.005833975970745087,,,,
6213,64,1,0.006604108959436417,,,,
6214,64,1,0.00647924467921257,,,,
6215,64,1,0.006231270730495453,,,,
6216,64,1,0.007167371921241283,,,,
6217,64,1,0.008263111114501953,,,,
6218,64,1,0.008480394259095192,,,,
6219,64,1,0.005911513231694698,,,,
6220,64,1,0.007063783705234528,,,,
6221,64,1,0.008994191884994507,,,,
6222,64,1,0.006381741724908352,,,,
6223,64,1,0.006441442295908928,,,,
6224,64,1,0.007058034650981426,,,,
6225,64,1,0.005143299233168364,,,,
6226,64,1,0.007701651193201542,,,,
6227,64,1,0.0074819717556238174,,,,
6228,64,1,0.006295463070273399,,,,
6229,64,1,0.006523176562041044,,,,
6230,64,1,0.007070539519190788,,,,
6231,64,1,0.0055848765186965466,,,,
6232,64,1,0.006978747900575399,,,,
6233,64,1,0.006688184104859829,,,,
6234,64,1,0.00668207835406065,,,,
6235,64,1,0.005738465115427971,,,,
6236,64,1,0.006499938201159239,,,,
6237,64,1,0.005647450219839811,,,,
6238,64,1,0.006244555115699768,,,,
6239,64,1,0.0073025766760110855,,,,
6240,64,1,0.007493739482015371,,,,
6241,64,1,0.005580284632742405,,,,
6242,64,1,0.00616043945774436,,,,
6243,64,1,0.006228742655366659,,,,
6244,64,1,0.006910557858645916,,,,
6245,64,1,0.005390839651226997,,,,
6246,64,1,0.005901705473661423,,,,
6247,64,1,0.005379786249250174,,,,
6248,64,1,0.00789693184196949,,,,
6249,64,1,0.005655604414641857,,,,
6250,64,1,0.005864872597157955,,,,
6251,64,1,0.007215541787445545,,,,
6252,64,1,0.005992390215396881,,,,
6253,64,1,0.00634582107886672,,,,
6254,64,1,0.005827630870044231,,,,
6255,64,1,0.007054654415696859,,,,
6256,64,1,0.006482269614934921,,,,
6257,64,1,0.00740426778793335,,,,
6258,64,1,0.00652955612167716,,,,
6259,64,1,0.007077481132000685,,,,
6260,64,1,0.0065682269632816315,,,,
6261,64,1,0.00645082350820303,,,,
6262,64,1,0.005714503116905689,,,,
6263,64,1,0.0076503935270011425,,,,
6264,64,1,0.00519074872136116,,,,
6265,64,1,0.005228159483522177,,,,
6266,64,1,0.005635337438434362,,,,
6267,64,1,0.0055099367164075375,,,,
6268,64,1,0.006447832100093365,,,,
6269,64,1,0.005372979678213596,,,,
6270,64,1,0.005885049235075712,,,,
6271,64,1,0.005502699874341488,,,,
6272,64,1,0.006138174794614315,,,,
6273,64,1,0.00689450278878212,,,,
6274,64,1,0.0062520308420062065,,,,
6275,64,1,0.005475947167724371,,,,
6276,64,1,0.0058560981415212154,,,,
6277,64,1,0.006688268389552832,,,,
6278,64,1,0.00569777749478817,,,,
6279,64,1,0.00536780571565032,,,,
6280,64,1,0.006700252648442984,,,,
6281,64,1,0.005119324661791325,,,,
6282,64,1,0.006065784953534603,,,,
6283,64,1,0.006150081288069487,,,,
6284,64,1,0.005816378630697727,,,,
6285,64,1,0.0075140176340937614,,,,
6286,64,1,0.005258301272988319,,,,
6287,64,1,0.005308607127517462,,,,
6288,64,1,0.005487985908985138,,,,
6289,64,1,0.005654224194586277,,,,
6290,64,1,0.006432615220546722,,,,
6291,64,1,0.005233935080468655,,,,
6292,64,1,0.006157206371426582,,,,
6293,64,1,0.007838043384253979,,,,
6294,64,1,0.007943841628730297,,,,
6295,64,1,0.007769733667373657,,,,
6296,64,1,0.006416301243007183,,,,
6297,64,1,0.0069984011352062225,,,,
6298,64,1,0.005629153922200203,,,,
6299,64,1,0.0067903632298111916,,,,
6300,64,1,0.00630660355091095,,,,
6301,64,1,0.006292962469160557,,,,
6302,64,1,0.0075292689725756645,,,,
6303,64,1,0.006326702889055014,,,,
6304,64,1,0.005326159298419952,,,,
6305,64,1,0.006377700250595808,,,,
6306,64,1,0.006826728582382202,,,,
6307,64,1,0.005871295463293791,,,,
6308,64,1,0.0069170682691037655,,,,
6309,64,1,0.005645149853080511,,,,
6310,64,1,0.006809999234974384,,,,
6311,64,1,0.004973180592060089,,,,
6312,64,1,0.006024973001331091,,,,
6313,64,1,0.0068188803270459175,,,,
6314,64,1,0.006218437105417252,,,,
6315,64,1,0.006188457366079092,,,,
6316,64,1,0.006777952425181866,,,,
6317,64,1,0.006082744337618351,,,,
6318,64,1,0.004838631488382816,,,,
6319,64,1,0.005982437636703253,,,,
6320,64,1,0.006521457340568304,,,,
6321,64,1,0.0073753222823143005,,,,
6322,64,1,0.007909240201115608,,,,
6323,64,1,0.004978878889232874,,,,
6324,64,1,0.006308789364993572,,,,
6325,64,1,0.0063492897897958755,,,,
6326,64,1,0.007072418928146362,,,,
6327,64,1,0.006487344857305288,,,,
6328,64,1,0.007180193439126015,,,,
6329,64,1,0.007150742225348949,,,,
6330,64,1,0.006775181740522385,,,,
6331,64,1,0.006561838090419769,,,,
6332,64,1,0.007036733906716108,,,,
6333,64,1,0.005052498076111078,,,,
6334,64,1,0.006748906336724758,,,,
6335,64,1,0.007345323916524649,,,,
6336,64,1,0.0057390849106013775,,,,
6337,64,1,0.0067939842119812965,,,,
6338,64,1,0.00624555628746748,,,,
6339,64,1,0.006398907862603664,,,,
6340,64,1,0.005539489444345236,,,,
6341,64,1,0.006360698491334915,,,,
6342,64,1,0.006722401827573776,,,,
6343,64,1,0.005521242972463369,,,,
6344,64,1,0.006019574590027332,,,,
6345,64,1,0.005030542146414518,,,,
6346,64,1,0.005584187339991331,,,,
6347,64,1,0.005698166321963072,,,,
6348,64,1,0.00571076525375247,,,,
6349,64,1,0.007029472850263119,,,,
6350,64,1,0.007292351685464382,,,,
6351,64,1,0.007196752354502678,,,,
6352,64,1,0.006394367665052414,,,,
6353,64,1,0.005275743082165718,,,,
6354,64,1,0.006788938771933317,,,,
6355,64,1,0.006792192813009024,,,,
6356,64,1,0.007665490265935659,,,,
6357,64,1,0.007229936309158802,,,,
6358,64,1,0.00675977161154151,,,,
6359,64,1,0.005554921459406614,,,,
6360,64,1,0.006006782408803701,,,,
6361,64,1,0.007481285836547613,,,,
6362,64,1,0.005339914467185736,,,,
6363,64,1,0.007190395146608353,,,,
6364,64,1,0.005111376289278269,,,,
6365,64,1,0.00728680519387126,,,,
6366,64,1,0.0064275688491761684,,,,
6367,64,1,0.007577008567750454,,,,
6368,64,1,0.005936536937952042,,,,
6369,64,1,0.00644132774323225,,,,
6370,64,1,0.006117654033005238,,,,
6371,64,1,0.007715161424130201,,,,
6372,64,1,0.006930626928806305,,,,
6373,64,1,0.005667173769325018,,,,
6374,64,1,0.006238715723156929,,,,
6375,64,1,0.0070685697719454765,,,,
6376,64,1,0.007817737758159637,,,,
6377,64,1,0.006716429255902767,,,,
6378,64,1,0.005279112607240677,,,,
6379,64,1,0.008220325224101543,,,,
6380,64,1,0.0063020302914083,,,,
6381,64,1,0.006279576104134321,,,,
6382,64,1,0.0053919232450425625,,,,
6383,64,1,0.005590805318206549,,,,
6384,64,1,0.007055751513689756,,,,
6385,64,1,0.006480713840574026,,,,
6386,64,1,0.007475697435438633,,,,
6387,64,1,0.0054283770732581615,,,,
6388,64,1,0.006177431903779507,,,,
6389,64,1,0.00636522751301527,,,,
6390,64,1,0.006421360187232494,,,,
6391,64,1,0.005768034607172012,,,,
6392,64,1,0.005896455608308315,,,,
6393,64,1,0.005336308386176825,,,,
6394,64,1,0.0064970385283231735,,,,
6395,64,1,0.0059700049459934235,,,,
6396,64,1,0.005159932188689709,,,,
6397,64,1,0.007492590695619583,,,,
6398,64,1,0.006698585115373135,,,,
6399,64,1,0.006415463984012604,,,,
6400,64,1,0.005870356690138578,,,,
6401,64,1,0.005856681615114212,,,,
6402,64,1,0.007831951603293419,,,,
6403,64,1,0.0048981923609972,,,,
6404,64,1,0.005361303687095642,,,,
6405,64,1,0.005933074280619621,,,,
6406,64,1,0.005427930504083633,,,,
6407,64,1,0.006707444787025452,,,,
6408,64,1,0.0061986083164811134,,,,
6409,64,1,0.005146937910467386,,,,
6410,64,1,0.006337970029562712,,,,
6411,64,1,0.0062093669548630714,,,,
6412,64,1,0.00632636621594429,,,,
6413,64,1,0.005443959962576628,,,,
6414,64,1,0.005336363799870014,,,,
6415,64,1,0.006091577932238579,,,,
6416,64,1,0.005486867856234312,,,,
6417,64,1,0.00786115787923336,,,,
6418,64,1,0.005645570810884237,,,,
6419,64,1,0.006250690668821335,,,,
6420,64,1,0.006632906850427389,,,,
6421,64,1,0.008612481877207756,,,,
6422,64,1,0.006606354843825102,,,,
6423,64,1,0.007580921053886414,,,,
6424,64,1,0.006036635022610426,,,,
6425,64,1,0.006183973513543606,,,,
6426,64,1,0.005850706249475479,,,,
6427,64,1,0.0055327764712274075,,,,
6428,64,1,0.0061114514246582985,,,,
6429,64,1,0.006174748297780752,,,,
6430,64,1,0.005823767744004726,,,,
6431,64,1,0.006265453994274139,,,,
6432,64,1,0.00625128298997879,,,,
6433,64,1,0.006463275756686926,,,,
6434,64,1,0.007361023686826229,,,,
6435,64,1,0.0065888031385838985,,,,
6436,64,1,0.006368319969624281,,,,
6437,64,1,0.005570446606725454,,,,
6438,64,1,0.00608085049316287,,,,
6439,64,1,0.005755084566771984,,,,
6440,64,1,0.004978724755346775,,,,
6441,64,1,0.0068813799880445,,,,
6442,64,1,0.0061768884770572186,,,,
6443,64,1,0.005360925104469061,,,,
6444,64,1,0.005526167340576649,,,,
6445,64,1,0.006139066070318222,,,,
6446,64,1,0.007368069142103195,,,,
6447,64,1,0.005754376761615276,,,,
6448,64,1,0.006824776530265808,,,,
6449,64,1,0.006390738300979137,,,,
6450,64,1,0.005734854377806187,,,,
6451,64,1,0.006756780203431845,,,,
6452,64,1,0.00570701714605093,,,,
6453,64,1,0.006732964422553778,,,,
6454,64,1,0.005664715077728033,,,,
6455,64,1,0.005948198493570089,,,,
6456,64,1,0.006401733495295048,,,,
6457,64,1,0.006779757793992758,,,,
6458,64,1,0.0056413570418953896,,,,
6459,64,1,0.0061784712597727776,,,,
6460,64,1,0.00637583713978529,,,,
6461,64,1,0.005732334218919277,,,,
6462,64,1,0.006250591482967138,,,,
6463,64,1,0.0055632381699979305,,,,
6464,64,1,0.005817668046802282,,,,
6465,64,1,0.006696681492030621,,,,
6466,64,1,0.006381642073392868,,,,
6467,64,1,0.007314368151128292,,,,
6468,64,1,0.006728849373757839,,,,
6469,64,1,0.005934796296060085,,,,
6470,64,1,0.005868691951036453,,,,
6471,64,1,0.006980074103921652,,,,
6472,64,1,0.005744743160903454,,,,
6473,64,1,0.005455237813293934,,,,
6474,64,1,0.004739159718155861,,,,
6475,64,1,0.006107795983552933,,,,
6476,64,1,0.005528827663511038,,,,
6477,64,1,0.006289794109761715,,,,
6478,64,1,0.006461499258875847,,,,
6479,64,1,0.005364678800106049,,,,
6480,64,1,0.005795273929834366,,,,
6481,64,1,0.00635670218616724,,,,
6482,64,1,0.005763630382716656,,,,
6483,64,1,0.007302749902009964,,,,
6484,64,1,0.006766191683709621,,,,
6485,64,1,0.006360085681080818,,,,
6486,64,1,0.006172297056764364,,,,
6487,64,1,0.006118047051131725,,,,
6488,64,1,0.005013478919863701,,,,
6489,64,1,0.005453098565340042,,,,
6490,64,1,0.005966942757368088,,,,
6491,64,1,0.005762375891208649,,,,
6492,64,1,0.005542883183807135,,,,
6493,64,1,0.006267715245485306,,,,
6494,64,1,0.005599058233201504,,,,
6495,64,1,0.0074258423410356045,,,,
6496,64,1,0.00731252646073699,,,,
6497,64,1,0.006036690436303616,,,,
6498,64,1,0.006110479589551687,,,,
6499,64,1,0.005894497036933899,,,,
6500,64,1,0.00569580215960741,,,,
6501,64,1,0.005156040191650391,,,,
6502,64,1,0.005894241388887167,,,,
6503,64,1,0.006278276443481445,,,,
6504,64,1,0.005522990133613348,,,,
6505,64,1,0.005510412156581879,,,,
6506,64,1,0.006248633377254009,,,,
6507,64,1,0.0065322816371917725,,,,
6508,64,1,0.006009708158671856,,,,
6509,64,1,0.0060196733102202415,,,,
6510,64,1,0.006108344532549381,,,,
6511,64,1,0.005369575694203377,,,,
6512,64,1,0.006063088309019804,,,,
6513,64,1,0.006612956058233976,,,,
6514,64,1,0.006019573658704758,,,,
6515,64,1,0.006325910799205303,,,,
6516,64,1,0.005621039774268866,,,,
6517,64,1,0.005251551046967506,,,,
6518,64,1,0.005977604538202286,,,,
6519,64,1,0.004911795258522034,,,,
6520,64,1,0.007067014928907156,,,,
6521,64,1,0.005858737044036388,,,,
6522,64,1,0.005421019624918699,,,,
6523,64,1,0.007251701783388853,,,,
6524,64,1,0.006189802195876837,,,,
6525,64,1,0.005935698747634888,,,,
6526,64,1,0.006896481849253178,,,,
6527,64,1,0.005410750862210989,,,,
6528,64,1,0.00639018788933754,,,,
6529,64,1,0.005621946416795254,,,,
6530,64,1,0.006375615950673819,,,,
6531,64,1,0.0063352747820317745,,,,
6532,64,1,0.006928751245141029,,,,
6533,64,1,0.006623511668294668,,,,
6534,64,1,0.005846131592988968,,,,
6535,64,1,0.0061170123517513275,,,,
6536,64,1,0.004910542629659176,,,,
6537,64,1,0.005873268004506826,,,,
6538,64,1,0.0060840388759970665,,,,
6539,64,1,0.0061475178226828575,,,,
6540,64,1,0.006258931010961533,,,,
6541,64,1,0.0063119009137153625,,,,
6542,64,1,0.006421159021556377,,,,
6543,64,1,0.00598543044179678,,,,
6544,64,1,0.006106243934482336,,,,
6545,64,1,0.005062764976173639,,,,
6546,64,1,0.005572456866502762,,,,
6547,64,1,0.004955388605594635,,,,
6548,64,1,0.00571354478597641,,,,
6549,64,1,0.005674832500517368,,,,
6550,64,1,0.006105490028858185,,,,
6551,64,1,0.0069579752162098885,,,,
6552,64,1,0.005336382891982794,,,,
6553,64,1,0.005199865438044071,,,,
6554,64,1,0.006398343946784735,,,,
6555,64,1,0.005479887127876282,,,,
6556,64,1,0.00612570671364665,,,,
6557,64,1,0.006683669984340668,,,,
6558,64,1,0.005854218266904354,,,,
6559,64,1,0.006767884828150272,,,,
6560,64,1,0.006610885262489319,,,,
6561,64,1,0.005876707844436169,,,,
6562,64,1,0.005477677099406719,,,,
6563,64,1,0.005192650947719812,,,,
6564,64,1,0.005234569311141968,,,,
6565,64,1,0.005589615553617477,,,,
6566,64,1,0.005417764186859131,,,,
6567,64,1,0.006060799118131399,,,,
6568,64,1,0.005609114654362202,,,,
6569,64,1,0.006843851879239082,,,,
6570,64,1,0.0054214028641581535,,,,
6571,64,1,0.006098517216742039,,,,
6572,64,1,0.005739616230130196,,,,
6573,64,1,0.005355095025151968,,,,
6574,64,1,0.0065783727914094925,,,,
6575,64,1,0.005045763216912746,,,,
6576,64,1,0.005921620875597,,,,
6577,64,1,0.005255976226180792,,,,
6578,64,1,0.005728194024413824,,,,
6579,64,1,0.0068836696445941925,,,,
6580,64,1,0.005926049780100584,,,,
6581,64,1,0.005139036104083061,,,,
6582,64,1,0.005399249494075775,,,,
6583,64,1,0.00576599407941103,,,,
6584,64,1,0.007409705780446529,,,,
6585,64,1,0.006075877696275711,,,,
6586,64,1,0.0060266549699008465,,,,
6587,64,1,0.005537170916795731,,,,
6588,64,1,0.004447312094271183,,,,
6589,64,1,0.005256419535726309,,,,
6590,64,1,0.005613797344267368,,,,
6591,64,1,0.005817006342113018,,,,
6592,64,1,0.0055991290137171745,,,,
6593,64,1,0.0061325132846832275,,,,
6594,64,1,0.0057500675320625305,,,,
6595,64,1,0.0060174777172505856,,,,
6596,64,1,0.005224655847996473,,,,
6597,64,1,0.007019566372036934,,,,
6598,64,1,0.0066467104479670525,,,,
6599,64,1,0.006804651580750942,,,,
6600,64,1,0.00560474768280983,,,,
6601,64,1,0.00702646654099226,,,,
6602,64,1,0.004884906113147736,,,,
6603,64,1,0.006631588097661734,,,,
6604,64,1,0.005372512154281139,,,,
6605,64,1,0.006270439364016056,,,,
6606,64,1,0.006341862492263317,,,,
6607,64,1,0.006903543137013912,,,,
6608,64,1,0.005177562590688467,,,,
6609,64,1,0.00645819678902626,,,,
6610,64,1,0.004957572557032108,,,,
6611,64,1,0.00548195093870163,,,,
6612,64,1,0.006843607872724533,,,,
6613,64,1,0.006560375448316336,,,,
6614,64,1,0.0056418320164084435,,,,
6615,64,1,0.005624681711196899,,,,
6616,64,1,0.006482897326350212,,,,
6617,64,1,0.005449837073683739,,,,
6618,64,1,0.008031675592064857,,,,
6619,64,1,0.006806967314332724,,,,
6620,64,1,0.006330587901175022,,,,
6621,64,1,0.0066624297760427,,,,
6622,64,1,0.005395214073359966,,,,
6623,64,1,0.005137935746461153,,,,
6624,64,1,0.007136131636798382,,,,
6625,64,1,0.006025463342666626,,,,
6626,64,1,0.005891620181500912,,,,
6627,64,1,0.006277885288000107,,,,
6628,64,1,0.00654908362776041,,,,
6629,64,1,0.00599149614572525,,,,
6630,64,1,0.006450654473155737,,,,
6631,64,1,0.005497201811522245,,,,
6632,64,1,0.005600781179964542,,,,
6633,64,1,0.006211305968463421,,,,
6634,64,1,0.006105066742748022,,,,
6635,64,1,0.005820564925670624,,,,
6636,64,1,0.004951467737555504,,,,
6637,64,1,0.005912420805543661,,,,
6638,64,1,0.006980282720178366,,,,
6639,64,1,0.005921504460275173,,,,
6640,64,1,0.006210385821759701,,,,
6641,64,1,0.007310769520699978,,,,
6642,64,1,0.005825237836688757,,,,
6643,64,1,0.005196393933147192,,,,
6644,64,1,0.006864747032523155,,,,
6645,64,1,0.005843754857778549,,,,
6646,64,1,0.007889028638601303,,,,
6647,64,1,0.005845814943313599,,,,
6648,64,1,0.005014119204133749,,,,
6649,64,1,0.005833636038005352,,,,
6650,64,1,0.006352793425321579,,,,
6651,64,1,0.005728413816541433,,,,
6652,64,1,0.0061387186869978905,,,,
6653,64,1,0.005286811850965023,,,,
6654,64,1,0.006068604998290539,,,,
6655,64,1,0.006465516984462738,,,,
6656,64,1,0.006317096762359142,,,,
6657,64,1,0.006211580242961645,,,,
6658,64,1,0.0049139391630887985,,,,
6659,64,1,0.00721381139010191,,,,
6660,64,1,0.005640264600515366,,,,
6661,64,1,0.00480931531637907,,,,
6662,64,1,0.007001399528235197,,,,
6663,64,1,0.005986248608678579,,,,
6664,64,1,0.006621984299272299,,,,
6665,64,1,0.006009247153997421,,,,
6666,64,1,0.007145699113607407,,,,
6667,64,1,0.006168636493384838,,,,
6668,64,1,0.005876664072275162,,,,
6669,64,1,0.006525578908622265,,,,
6670,64,1,0.008374396711587906,,,,
6671,64,1,0.005674310028553009,,,,
6672,64,1,0.0056450944393873215,,,,
6673,64,1,0.007030787877738476,,,,
6674,64,1,0.005219610407948494,,,,
6675,64,1,0.005792596843093634,,,,
6676,64,1,0.007170109078288078,,,,
6677,64,1,0.008133551105856895,,,,
6678,64,1,0.00588597496971488,,,,
6679,64,1,0.005830766167491674,,,,
6680,64,1,0.005875494331121445,,,,
6681,64,1,0.0052615138702094555,,,,
6682,64,1,0.006557341665029526,,,,
6683,64,1,0.005573041271418333,,,,
6684,64,1,0.004178496543318033,,,,
6685,64,1,0.005617707502096891,,,,
6686,64,1,0.007176535204052925,,,,
6687,64,1,0.0054502724669873714,,,,
6688,64,1,0.00538209592923522,,,,
6689,64,1,0.005706103052943945,,,,
6690,64,1,0.006152579560875893,,,,
6691,64,1,0.005108308047056198,,,,
6692,64,1,0.007138639222830534,,,,
6693,64,1,0.005600461736321449,,,,
6694,64,1,0.006825424265116453,,,,
6695,64,1,0.00661803875118494,,,,
6696,64,1,0.006087633781135082,,,,
6697,64,1,0.00611122464761138,,,,
6698,64,1,0.0056372350081801414,,,,
6699,64,1,0.005696085747331381,,,,
6700,64,1,0.006118877790868282,,,,
6701,64,1,0.005641197320073843,,,,
6702,64,1,0.005568556487560272,,,,
6703,64,1,0.007012838032096624,,,,
6704,64,1,0.007058753632009029,,,,
6705,64,1,0.007305215112864971,,,,
6706,64,1,0.005860466510057449,,,,
6707,64,1,0.005992175545543432,,,,
6708,64,1,0.006433453410863876,,,,
6709,64,1,0.0054059638641774654,,,,
6710,64,1,0.005933479871600866,,,,
6711,64,1,0.005038391333073378,,,,
6712,64,1,0.007384184282273054,,,,
6713,64,1,0.006797274574637413,,,,
6714,64,1,0.005499654449522495,,,,
6715,64,1,0.006740975193679333,,,,
6716,64,1,0.006804139818996191,,,,
6717,64,1,0.005421798210591078,,,,
6718,64,1,0.00526895746588707,,,,
6719,64,1,0.006266686599701643,,,,
6720,64,1,0.005855161231011152,,,,
6721,64,1,0.006211478263139725,,,,
6722,64,1,0.004948416259139776,,,,
6723,64,1,0.006855649407953024,,,,
6724,64,1,0.005943945609033108,,,,
6725,64,1,0.0051270946860313416,,,,
6726,64,1,0.00526919960975647,,,,
6727,64,1,0.006376541219651699,,,,
6728,64,1,0.005236820317804813,,,,
6729,64,1,0.006366984453052282,,,,
6730,64,1,0.006278994958847761,,,,
6731,64,1,0.0054617407731711864,,,,
6732,64,1,0.00529080256819725,,,,
6733,64,1,0.006200230680406094,,,,
6734,64,1,0.005215971730649471,,,,
6735,64,1,0.005659488495439291,,,,
6736,64,1,0.006551756989210844,,,,
6737,64,1,0.006708137691020966,,,,
6738,64,1,0.005314520560204983,,,,
6739,64,1,0.0068277399986982346,,,,
6740,64,1,0.0071496739983558655,,,,
6741,64,1,0.005447487346827984,,,,
6742,64,1,0.005510433577001095,,,,
6743,64,1,0.005596754141151905,,,,
6744,64,1,0.006185699254274368,,,,
6745,64,1,0.0045057497918605804,,,,
6746,64,1,0.0067296153865754604,,,,
6747,64,1,0.0058823321014642715,,,,
6748,64,1,0.005520232953131199,,,,
6749,64,1,0.006759827956557274,,,,
6750,64,1,0.005854010581970215,,,,
6751,64,1,0.005462156143039465,,,,
6752,64,1,0.005948759149760008,,,,
6753,64,1,0.004254371393471956,,,,
6754,64,1,0.005598648451268673,,,,
6755,64,1,0.00571565143764019,,,,
6756,64,1,0.007240962237119675,,,,
6757,64,1,0.005585979670286179,,,,
6758,64,1,0.005897400435060263,,,,
6759,64,1,0.004991157911717892,,,,
6760,64,1,0.006365401204675436,,,,
6761,64,1,0.005326320417225361,,,,
6762,64,1,0.006125626619905233,,,,
6763,64,1,0.0060369521379470825,,,,
6764,64,1,0.005317112430930138,,,,
6765,64,1,0.005907868500798941,,,,
6766,64,1,0.0051266285590827465,,,,
6767,64,1,0.0055357664823532104,,,,
6768,64,1,0.005275942385196686,,,,
6769,64,1,0.005235140677541494,,,,
6770,64,1,0.0051592676900327206,,,,
6771,64,1,0.005413099192082882,,,,
6772,64,1,0.005334732588380575,,,,
6773,64,1,0.005831151269376278,,,,
6774,64,1,0.005530790891498327,,,,
6775,64,1,0.0051126680336892605,,,,
6776,64,1,0.006467835046350956,,,,
6777,64,1,0.005896956659853458,,,,
6778,64,1,0.006095552816987038,,,,
6779,64,1,0.0050314050167799,,,,
6780,64,1,0.006603661924600601,,,,
6781,64,1,0.005689698271453381,,,,
6782,64,1,0.007562750019133091,,,,
6783,64,1,0.005082179792225361,,,,
6784,64,1,0.006738960277289152,,,,
6785,64,1,0.00665712496265769,,,,
6786,64,1,0.006434410810470581,,,,
6787,64,1,0.004868871998041868,,,,
6788,64,1,0.005953586660325527,,,,
6789,64,1,0.004900895990431309,,,,
6790,64,1,0.0064779650419950485,,,,
6791,64,1,0.006305765360593796,,,,
6792,64,1,0.0069516003131866455,,,,
6793,64,1,0.006672504357993603,,,,
6794,64,1,0.006060543470084667,,,,
6795,64,1,0.005789599847048521,,,,
6796,64,1,0.005061103031039238,,,,
6797,64,1,0.0056854551658034325,,,,
6798,64,1,0.006231604143977165,,,,
6799,64,1,0.005501593928784132,,,,
6800,64,1,0.00636894628405571,,,,
6801,64,1,0.005201681982725859,,,,
6802,64,1,0.005784475244581699,,,,
6803,64,1,0.006171931978315115,,,,
6804,64,1,0.005979230161756277,,,,
6805,64,1,0.005801917519420385,,,,
6806,64,1,0.004867426119744778,,,,
6807,64,1,0.005353247746825218,,,,
6808,64,1,0.0052955858409404755,,,,
6809,64,1,0.007603184785693884,,,,
6810,64,1,0.00578492833301425,,,,
6811,64,1,0.0070355962961912155,,,,
6812,64,1,0.0061945607885718346,,,,
6813,64,1,0.006157685071229935,,,,
6814,64,1,0.005936089903116226,,,,
6815,64,1,0.005779910366982222,,,,
6816,64,1,0.0064954571425914764,,,,
6817,64,1,0.005699727684259415,,,,
6818,64,1,0.007036733441054821,,,,
6819,64,1,0.006145872175693512,,,,
6820,64,1,0.008227231912314892,,,,
6821,64,1,0.006247089244425297,,,,
6822,64,1,0.007477312348783016,,,,
6823,64,1,0.006503889337182045,,,,
6824,64,1,0.007686902768909931,,,,
6825,64,1,0.006003988906741142,,,,
6826,64,1,0.005650578066706657,,,,
6827,64,1,0.005769997835159302,,,,
6828,64,1,0.006116863340139389,,,,
6829,64,1,0.0070135705173015594,,,,
6830,64,1,0.006371825002133846,,,,
6831,64,1,0.006495004054158926,,,,
6832,64,1,0.005676269065588713,,,,
6833,64,1,0.005645724944770336,,,,
6834,64,1,0.00559465866535902,,,,
6835,64,1,0.007803642190992832,,,,
6836,64,1,0.006571277976036072,,,,
6837,64,1,0.005965551361441612,,,,
6838,64,1,0.006566868629306555,,,,
6839,64,1,0.0054018436931073666,,,,
6840,64,1,0.005280195735394955,,,,
6841,64,1,0.005372909363359213,,,,
6842,64,1,0.0063562048599123955,,,,
6843,64,1,0.00683634914457798,,,,
6844,64,1,0.004922778811305761,,,,
6845,64,1,0.005623463075608015,,,,
6846,64,1,0.004645184613764286,,,,
6847,64,1,0.005054672714322805,,,,
6848,64,1,0.005723834037780762,,,,
6849,64,1,0.005524043925106525,,,,
6850,64,1,0.005395862273871899,,,,
6851,64,1,0.006583001464605331,,,,
6852,64,1,0.005091632250696421,,,,
6853,64,1,0.006764094345271587,,,,
6854,64,1,0.00521500688046217,,,,
6855,64,1,0.0072526163421571255,,,,
6856,64,1,0.00664380332455039,,,,
6857,64,1,0.005910634528845549,,,,
6858,64,1,0.005922045558691025,,,,
6859,64,1,0.00540743675082922,,,,
6860,64,1,0.006069477181881666,,,,
6861,64,1,0.004049585200846195,,,,
6862,64,1,0.0063699763268232346,,,,
6863,64,1,0.0054133301600813866,,,,
6864,64,1,0.006285034120082855,,,,
6865,64,1,0.005648388992995024,,,,
6866,64,1,0.005838576704263687,,,,
6867,64,1,0.005150771699845791,,,,
6868,64,1,0.005310114473104477,,,,
6869,64,1,0.005735157057642937,,,,
6870,64,1,0.005923648830503225,,,,
6871,64,1,0.00735098123550415,,,,
6872,64,1,0.0055796075612306595,,,,
6873,64,1,0.004537382163107395,,,,
6874,64,1,0.005430539604276419,,,,
6875,64,1,0.006538643501698971,,,,
6876,64,1,0.0060441624373197556,,,,
6877,64,1,0.0066916244104504585,,,,
6878,64,1,0.0060304380021989346,,,,
6879,64,1,0.0058629801496863365,,,,
6880,64,1,0.006826579570770264,,,,
6881,64,1,0.0056066932156682014,,,,
6882,64,1,0.005145137198269367,,,,
6883,64,1,0.005530625581741333,,,,
6884,64,1,0.005855575203895569,,,,
6885,64,1,0.0067148348316550255,,,,
6886,64,1,0.00876577291637659,,,,
6887,64,1,0.0059955669566988945,,,,
6888,64,1,0.006038246676325798,,,,
6889,64,1,0.0075533268973231316,,,,
6890,64,1,0.006505664438009262,,,,
6891,64,1,0.0055668530985713005,,,,
6892,64,1,0.006667451001703739,,,,
6893,64,1,0.005608529783785343,,,,
6894,64,1,0.0062642330303788185,,,,
6895,64,1,0.005345981568098068,,,,
6896,64,1,0.004737941548228264,,,,
6897,64,1,0.006358019541949034,,,,
6898,64,1,0.00479116989299655,,,,
6899,64,1,0.006007959134876728,,,,
6900,64,1,0.005541640799492598,,,,
6901,64,1,0.006048380397260189,,,,
6902,64,1,0.006811722181737423,,,,
6903,64,1,0.005545978434383869,,,,
6904,64,1,0.005880904849618673,,,,
6905,64,1,0.005572244059294462,,,,
6906,64,1,0.005922091659158468,,,,
6907,64,1,0.006843577139079571,,,,
6908,64,1,0.007076074834913015,,,,
6909,64,1,0.006835564039647579,,,,
6910,64,1,0.006749087478965521,,,,
6911,64,1,0.007275430019944906,,,,
6912,64,1,0.007870247587561607,,,,
6913,64,1,0.004964981693774462,,,,
6914,64,1,0.006476253271102905,,,,
6915,64,1,0.006282343529164791,,,,
6916,64,1,0.00556507334113121,,,,
6917,64,1,0.00536310626193881,,,,
6918,64,1,0.005256457254290581,,,,
6919,64,1,0.006454505026340485,,,,
6920,64,1,0.0060376799665391445,,,,
6921,64,1,0.005641508847475052,,,,
6922,64,1,0.005776285659521818,,,,
6923,64,1,0.005301748402416706,,,,
6924,64,1,0.006377914920449257,,,,
6925,64,1,0.004505680408328772,,,,
6926,64,1,0.006341523490846157,,,,
6927,64,1,0.004976577591150999,,,,
6928,64,1,0.006566991563886404,,,,
6929,64,1,0.005119421519339085,,,,
6930,64,1,0.007663884200155735,,,,
6931,64,1,0.006451282184571028,,,,
6932,64,1,0.005690514110028744,,,,
6933,64,1,0.005494442768394947,,,,
6934,64,1,0.006304122507572174,,,,
6935,64,1,0.006777290254831314,,,,
6936,64,1,0.006186561658978462,,,,
6937,64,1,0.005750919692218304,,,,
6938,64,1,0.005969532765448093,,,,
6939,64,1,0.005873130634427071,,,,
6940,64,1,0.006673093885183334,,,,
6941,64,1,0.006739018019288778,,,,
6942,64,1,0.0051928358152508736,,,,
6943,64,1,0.006455718539655209,,,,
6944,64,1,0.006131940986961126,,,,
6945,64,1,0.006923106964677572,,,,
6946,64,1,0.005811603274196386,,,,
6947,64,1,0.006767855491489172,,,,
6948,64,1,0.005202637054026127,,,,
6949,64,1,0.0049579027108848095,,,,
6950,64,1,0.0054437145590782166,,,,
6951,64,1,0.004995226394385099,,,,
6952,64,1,0.0056791529059410095,,,,
6953,64,1,0.004344250075519085,,,,
6954,64,1,0.005081355571746826,,,,
6955,64,1,0.0061522116884589195,,,,
6956,64,1,0.004813022445887327,,,,
6957,64,1,0.006204335950314999,,,,
6958,64,1,0.0052789500914514065,,,,
6959,64,1,0.005128736607730389,,,,
6960,64,1,0.006435557268559933,,,,
6961,64,1,0.005374218337237835,,,,
6962,64,1,0.004805899225175381,,,,
6963,64,1,0.005480720661580563,,,,
6964,64,1,0.005316882859915495,,,,
6965,64,1,0.005093633197247982,,,,
6966,64,1,0.00662772124633193,,,,
6967,64,1,0.004915015771985054,,,,
6968,64,1,0.00662341620773077,,,,
6969,64,1,0.0058294907212257385,,,,
6970,64,1,0.00490033021196723,,,,
6971,64,1,0.0053412215784192085,,,,
6972,64,1,0.005503465421497822,,,,
6973,64,1,0.006007449235767126,,,,
6974,64,1,0.006526590790599585,,,,
6975,64,1,0.005149527918547392,,,,
6976,64,1,0.005560286343097687,,,,
6977,64,1,0.006062522530555725,,,,
6978,64,1,0.005468038376420736,,,,
6979,64,1,0.007102934177964926,,,,
6980,64,1,0.005978772416710854,,,,
6981,64,1,0.0050584254786372185,,,,
6982,64,1,0.005975112318992615,,,,
6983,64,1,0.005128929391503334,,,,
6984,64,1,0.006537105888128281,,,,
6985,64,1,0.007077295333147049,,,,
6986,64,1,0.0062778182327747345,,,,
6987,64,1,0.006187550723552704,,,,
6988,64,1,0.00611660024151206,,,,
6989,64,1,0.005570512264966965,,,,
6990,64,1,0.005477386526763439,,,,
6991,64,1,0.005728844087570906,,,,
6992,64,1,0.0050580003298819065,,,,
6993,64,1,0.006392194889485836,,,,
6994,64,1,0.005850772839039564,,,,
6995,64,1,0.006462516263127327,,,,
6996,64,1,0.005390645004808903,,,,
6997,64,1,0.005402122624218464,,,,
6998,64,1,0.0059809936210513115,,,,
6999,64,1,0.0045965383760631084,,,,
7000,64,1,0.0061528561636805534,,0.008981201976062135,0.7903431755340848,21.6691683863362
7001,64,1,0.006079553626477718,,,,
7002,64,1,0.006501056253910065,,,,
7003,64,1,0.006271124817430973,,,,
7004,64,1,0.006308066658675671,,,,
7005,64,1,0.005863211117684841,,,,
7006,64,1,0.005455526523292065,,,,
7007,64,1,0.007154034450650215,,,,
7008,64,1,0.005867674946784973,,,,
7009,64,1,0.0064673288725316525,,,,
7010,64,1,0.0059838006272912025,,,,
7011,64,1,0.005373131483793259,,,,
7012,64,1,0.0060834079049527645,,,,
7013,64,1,0.005527065601199865,,,,
7014,64,1,0.005560549907386303,,,,
7015,64,1,0.005727153271436691,,,,
7016,64,1,0.005724397487938404,,,,
7017,64,1,0.005008714273571968,,,,
7018,64,1,0.006604045629501343,,,,
7019,64,1,0.006366686429828405,,,,
7020,64,1,0.005868007428944111,,,,
7021,64,1,0.005311714019626379,,,,
7022,64,1,0.007372803054749966,,,,
7023,64,1,0.0051299333572387695,,,,
7024,64,1,0.006081500556319952,,,,
7025,64,1,0.005002532619982958,,,,
7026,64,1,0.005155701190233231,,,,
7027,64,1,0.005695768631994724,,,,
7028,64,1,0.004960732068866491,,,,
7029,64,1,0.00623173825442791,,,,
7030,64,1,0.005402965471148491,,,,
7031,64,1,0.00598094193264842,,,,
7032,64,1,0.006480058189481497,,,,
7033,64,1,0.005125747062265873,,,,
7034,64,1,0.006770364940166473,,,,
7035,64,1,0.006794762797653675,,,,
7036,64,1,0.005673912353813648,,,,
7037,64,1,0.0062025925144553185,,,,
7038,64,1,0.006866110023111105,,,,
7039,64,1,0.00541600352153182,,,,
7040,64,1,0.006014671176671982,,,,
7041,64,1,0.004650305490940809,,,,
7042,64,1,0.005412401165813208,,,,
7043,64,1,0.005842858925461769,,,,
7044,64,1,0.005766830872744322,,,,
7045,64,1,0.0077935755252838135,,,,
7046,64,1,0.006771661341190338,,,,
7047,64,1,0.005227880552411079,,,,
7048,64,1,0.005903211887925863,,,,
7049,64,1,0.005490870680660009,,,,
7050,64,1,0.00570645509287715,,,,
7051,64,1,0.005610240623354912,,,,
7052,64,1,0.005644537508487701,,,,
7053,64,1,0.00593098159879446,,,,
7054,64,1,0.006395130418241024,,,,
7055,64,1,0.006536022759974003,,,,
7056,64,1,0.005509413778781891,,,,
7057,64,1,0.0058443560265004635,,,,
7058,64,1,0.005812277551740408,,,,
7059,64,1,0.006337994243949652,,,,
7060,64,1,0.00584575068205595,,,,
7061,64,1,0.005558376666158438,,,,
7062,64,1,0.0053637525998055935,,,,
7063,64,1,0.006214415188878775,,,,
7064,64,1,0.005275769159197807,,,,
7065,64,1,0.006903891917318106,,,,
7066,64,1,0.005985859781503677,,,,
7067,64,1,0.0049011195078492165,,,,
7068,64,1,0.006417588796466589,,,,
7069,64,1,0.007086170371621847,,,,
7070,64,1,0.004518193192780018,,,,
7071,64,1,0.005200615618377924,,,,
7072,64,1,0.00612984411418438,,,,
7073,64,1,0.006488913670182228,,,,
7074,64,1,0.00541230384260416,,,,
7075,64,1,0.006919749081134796,,,,
7076,64,1,0.006984551902860403,,,,
7077,64,1,0.00487124128267169,,,,
7078,64,1,0.004439515992999077,,,,
7079,64,1,0.00523129478096962,,,,
7080,64,1,0.006663724314421415,,,,
7081,64,1,0.006981001701205969,,,,
7082,64,1,0.005213722586631775,,,,
7083,64,1,0.005185769405215979,,,,
7084,64,1,0.005958120804280043,,,,
7085,64,1,0.006965409033000469,,,,
7086,64,1,0.006007151212543249,,,,
7087,64,1,0.005810035392642021,,,,
7088,64,1,0.006067121401429176,,,,
7089,64,1,0.00538761168718338,,,,
7090,64,1,0.0065499767661094666,,,,
7091,64,1,0.004627985414117575,,,,
7092,64,1,0.0067340414971113205,,,,
7093,64,1,0.007732444908469915,,,,
7094,64,1,0.006420466583222151,,,,
7095,64,1,0.006603671237826347,,,,
7096,64,1,0.006399385165423155,,,,
7097,64,1,0.00524707417935133,,,,
7098,64,1,0.005568160675466061,,,,
7099,64,1,0.006306400056928396,,,,
7100,64,1,0.005558940581977367,,,,
7101,64,1,0.006386446766555309,,,,
7102,64,1,0.005669395439326763,,,,
7103,64,1,0.006271235644817352,,,,
7104,64,1,0.004635129123926163,,,,
7105,64,1,0.005252150818705559,,,,
7106,64,1,0.005138204898685217,,,,
7107,64,1,0.005100613459944725,,,,
7108,64,1,0.005710424855351448,,,,
7109,64,1,0.00595515314489603,,,,
7110,64,1,0.005300764925777912,,,,
7111,64,1,0.006121240556240082,,,,
7112,64,1,0.006786016747355461,,,,
7113,64,1,0.005118240602314472,,,,
7114,64,1,0.005143537651747465,,,,
7115,64,1,0.005367850419133902,,,,
7116,64,1,0.006159219890832901,,,,
7117,64,1,0.0069414544850587845,,,,
7118,64,1,0.0054103052243590355,,,,
7119,64,1,0.005667492747306824,,,,
7120,64,1,0.004896925762295723,,,,
7121,64,1,0.004593053832650185,,,,
7122,64,1,0.005881576798856258,,,,
7123,64,1,0.005012223497033119,,,,
7124,64,1,0.005929432809352875,,,,
7125,64,1,0.00529523566365242,,,,
7126,64,1,0.004529401659965515,,,,
7127,64,1,0.005490205250680447,,,,
7128,64,1,0.005530413240194321,,,,
7129,64,1,0.0052833291701972485,,,,
7130,64,1,0.006632406264543533,,,,
7131,64,1,0.005475746002048254,,,,
7132,64,1,0.005182353314012289,,,,
7133,64,1,0.0059515973553061485,,,,
7134,64,1,0.005067240446805954,,,,
7135,64,1,0.006722159683704376,,,,
7136,64,1,0.004892236553132534,,,,
7137,64,1,0.006171790417283773,,,,
7138,64,1,0.004818994086235762,,,,
7139,64,1,0.007823682390153408,,,,
7140,64,1,0.005500442814081907,,,,
7141,64,1,0.007150830235332251,,,,
7142,64,1,0.005427186843007803,,,,
7143,64,1,0.006143206264823675,,,,
7144,64,1,0.006223086267709732,,,,
7145,64,1,0.005384894087910652,,,,
7146,64,1,0.006882275454699993,,,,
7147,64,1,0.00550858024507761,,,,
7148,64,1,0.004938794299960136,,,,
7149,64,1,0.006085926666855812,,,,
7150,64,1,0.005178867373615503,,,,
7151,64,1,0.00564929423853755,,,,
7152,64,1,0.00471083726733923,,,,
7153,64,1,0.00587818305939436,,,,
7154,64,1,0.005559134297072887,,,,
7155,64,1,0.005828025750815868,,,,
7156,64,1,0.00564056821167469,,,,
7157,64,1,0.0056363968178629875,,,,
7158,64,1,0.00470368005335331,,,,
7159,64,1,0.005391222424805164,,,,
7160,64,1,0.004938804544508457,,,,
7161,64,1,0.004952967166900635,,,,
7162,64,1,0.006220213603228331,,,,
7163,64,1,0.005784658715128899,,,,
7164,64,1,0.005522768013179302,,,,
7165,64,1,0.0063646635971963406,,,,
7166,64,1,0.009937645867466927,,,,
7167,64,1,0.005563630722463131,,,,
7168,64,1,0.004909411072731018,,,,
7169,64,1,0.005215597804635763,,,,
7170,64,1,0.0064543760381639,,,,
7171,64,1,0.005139152519404888,,,,
7172,64,1,0.006191072519868612,,,,
7173,64,1,0.005255119875073433,,,,
7174,64,1,0.006119593046605587,,,,
7175,64,1,0.005196221172809601,,,,
7176,64,1,0.005186313763260841,,,,
7177,64,1,0.0058896164409816265,,,,
7178,64,1,0.007228124421089888,,,,
7179,64,1,0.005362844094634056,,,,
7180,64,1,0.006060818210244179,,,,
7181,64,1,0.007059200666844845,,,,
7182,64,1,0.006932608317583799,,,,
7183,64,1,0.006990932859480381,,,,
7184,64,1,0.0053666881285607815,,,,
7185,64,1,0.006224188953638077,,,,
7186,64,1,0.007297727279365063,,,,
7187,64,1,0.005585114471614361,,,,
7188,64,1,0.005248855333775282,,,,
7189,64,1,0.005847742315381765,,,,
7190,64,1,0.005952239036560059,,,,
7191,64,1,0.006700914353132248,,,,
7192,64,1,0.005610567983239889,,,,
7193,64,1,0.0052605969831347466,,,,
7194,64,1,0.0054548061452806,,,,
7195,64,1,0.00661639217287302,,,,
7196,64,1,0.006155337207019329,,,,
7197,64,1,0.005021845456212759,,,,
7198,64,1,0.005675043910741806,,,,
7199,64,1,0.006871025077998638,,,,
7200,64,1,0.006326396018266678,,,,
7201,64,1,0.005777557846158743,,,,
7202,64,1,0.006688544061034918,,,,
7203,64,1,0.00609224196523428,,,,
7204,64,1,0.005663217511028051,,,,
7205,64,1,0.006043523550033569,,,,
7206,64,1,0.006816590204834938,,,,
7207,64,1,0.006226058583706617,,,,
7208,64,1,0.005621187388896942,,,,
7209,64,1,0.007410887628793716,,,,
7210,64,1,0.006203746423125267,,,,
7211,64,1,0.006321861408650875,,,,
7212,64,1,0.00528717553243041,,,,
7213,64,1,0.006908401381224394,,,,
7214,64,1,0.005612791515886784,,,,
7215,64,1,0.005399429704993963,,,,
7216,64,1,0.006056589540094137,,,,
7217,64,1,0.0060129775665700436,,,,
7218,64,1,0.006192691624164581,,,,
7219,64,1,0.005368459038436413,,,,
7220,64,1,0.006567444186657667,,,,
7221,64,1,0.005362418945878744,,,,
7222,64,1,0.00571737065911293,,,,
7223,64,1,0.005781460553407669,,,,
7224,64,1,0.006031722761690617,,,,
7225,64,1,0.005206838250160217,,,,
7226,64,1,0.00709890853613615,,,,
7227,64,1,0.006657694932073355,,,,
7228,64,1,0.005528286099433899,,,,
7229,64,1,0.005491641815751791,,,,
7230,64,1,0.007577418349683285,,,,
7231,64,1,0.004882638342678547,,,,
7232,64,1,0.006732190027832985,,,,
7233,64,1,0.006533041596412659,,,,
7234,64,1,0.005255417432636023,,,,
7235,64,1,0.005684270523488522,,,,
7236,64,1,0.006722239311784506,,,,
7237,64,1,0.0049048736691474915,,,,
7238,64,1,0.004652353003621101,,,,
7239,64,1,0.0064871120266616344,,,,
7240,64,1,0.007127169519662857,,,,
7241,64,1,0.0053888000547885895,,,,
7242,64,1,0.005607667379081249,,,,
7243,64,1,0.00686991773545742,,,,
7244,64,1,0.006193115841597319,,,,
7245,64,1,0.0045105027966201305,,,,
7246,64,1,0.004734704736620188,,,,
7247,64,1,0.005380162503570318,,,,
7248,64,1,0.005706941243261099,,,,
7249,64,1,0.005699284374713898,,,,
7250,64,1,0.004913888406008482,,,,
7251,64,1,0.006652649492025375,,,,
7252,64,1,0.006454757414758205,,,,
7253,64,1,0.00596318393945694,,,,
7254,64,1,0.006655767560005188,,,,
7255,64,1,0.006009386386722326,,,,
7256,64,1,0.005613422952592373,,,,
7257,64,1,0.006224248558282852,,,,
7258,64,1,0.006983832456171513,,,,
7259,64,1,0.005238681100308895,,,,
7260,64,1,0.006052411627024412,,,,
7261,64,1,0.006710076238960028,,,,
7262,64,1,0.005704812705516815,,,,
7263,64,1,0.006540446542203426,,,,
7264,64,1,0.005048735998570919,,,,
7265,64,1,0.005147914867848158,,,,
7266,64,1,0.006506575271487236,,,,
7267,64,1,0.004446846432983875,,,,
7268,64,1,0.005841764621436596,,,,
7269,64,1,0.005781787447631359,,,,
7270,64,1,0.005785090383142233,,,,
7271,64,1,0.004865041933953762,,,,
7272,64,1,0.005527392961084843,,,,
7273,64,1,0.0066158524714410305,,,,
7274,64,1,0.005263929720968008,,,,
7275,64,1,0.00532500958070159,,,,
7276,64,1,0.005081084556877613,,,,
7277,64,1,0.005813376512378454,,,,
7278,64,1,0.005509990267455578,,,,
7279,64,1,0.0059065138921141624,,,,
7280,64,1,0.0059091318398714066,,,,
7281,64,1,0.00597151555120945,,,,
7282,64,1,0.005447337403893471,,,,
7283,64,1,0.0058132647536695,,,,
7284,64,1,0.005444969050586224,,,,
7285,64,1,0.005756413098424673,,,,
7286,64,1,0.005817658733576536,,,,
7287,64,1,0.005167505703866482,,,,
7288,64,1,0.005291385110467672,,,,
7289,64,1,0.00611648615449667,,,,
7290,64,1,0.005014930851757526,,,,
7291,64,1,0.005617236252874136,,,,
7292,64,1,0.005184435285627842,,,,
7293,64,1,0.005820523016154766,,,,
7294,64,1,0.005657356232404709,,,,
7295,64,1,0.006313476711511612,,,,
7296,64,1,0.005430445075035095,,,,
7297,64,1,0.005423194728791714,,,,
7298,64,1,0.0058851586654782295,,,,
7299,64,1,0.0051099518314003944,,,,
7300,64,1,0.004665758926421404,,,,
7301,64,1,0.006912991404533386,,,,
7302,64,1,0.006200004369020462,,,,
7303,64,1,0.004561727400869131,0.007130047183117634,,,
7304,64,2,0.0057556359097361565,,,,
7305,64,2,0.004916633479297161,,,,
7306,64,2,0.0048279594630002975,,,,
7307,64,2,0.0052132150158286095,,,,
7308,64,2,0.005531763192266226,,,,
7309,64,2,0.004312431439757347,,,,
7310,64,2,0.004502716939896345,,,,
7311,64,2,0.004062250256538391,,,,
7312,64,2,0.00595853989943862,,,,
7313,64,2,0.00457207253202796,,,,
7314,64,2,0.004833027720451355,,,,
7315,64,2,0.0042287446558475494,,,,
7316,64,2,0.005064472556114197,,,,
7317,64,2,0.005257219076156616,,,,
7318,64,2,0.005287745501846075,,,,
7319,64,2,0.0040209852159023285,,,,
7320,64,2,0.003976006060838699,,,,
7321,64,2,0.005358107388019562,,,,
7322,64,2,0.005350767634809017,,,,
7323,64,2,0.004622891545295715,,,,
7324,64,2,0.0053210267797112465,,,,
7325,64,2,0.005209942348301411,,,,
7326,64,2,0.006305405870079994,,,,
7327,64,2,0.005267024040222168,,,,
7328,64,2,0.004679176956415176,,,,
7329,64,2,0.00440389197319746,,,,
7330,64,2,0.004014201462268829,,,,
7331,64,2,0.0051041278056800365,,,,
7332,64,2,0.00529114855453372,,,,
7333,64,2,0.005509551614522934,,,,
7334,64,2,0.00630592554807663,,,,
7335,64,2,0.004516251850873232,,,,
7336,64,2,0.005089577753096819,,,,
7337,64,2,0.005303910933434963,,,,
7338,64,2,0.004821924492716789,,,,
7339,64,2,0.004808316007256508,,,,
7340,64,2,0.00448477640748024,,,,
7341,64,2,0.004968298599123955,,,,
7342,64,2,0.004304670728743076,,,,
7343,64,2,0.004711281508207321,,,,
7344,64,2,0.004980000667273998,,,,
7345,64,2,0.004496465437114239,,,,
7346,64,2,0.004873692989349365,,,,
7347,64,2,0.005050694104284048,,,,
7348,64,2,0.005980547517538071,,,,
7349,64,2,0.005219503305852413,,,,
7350,64,2,0.005361209623515606,,,,
7351,64,2,0.005699516739696264,,,,
7352,64,2,0.004980624187737703,,,,
7353,64,2,0.004749832209199667,,,,
7354,64,2,0.004317383281886578,,,,
7355,64,2,0.006856673862785101,,,,
7356,64,2,0.005109674297273159,,,,
7357,64,2,0.005275761242955923,,,,
7358,64,2,0.004442975856363773,,,,
7359,64,2,0.004603327251970768,,,,
7360,64,2,0.005769034847617149,,,,
7361,64,2,0.006066841073334217,,,,
7362,64,2,0.005290561821311712,,,,
7363,64,2,0.004515144042670727,,,,
7364,64,2,0.005213435273617506,,,,
7365,64,2,0.003917122259736061,,,,
7366,64,2,0.0049417042173445225,,,,
7367,64,2,0.004799521528184414,,,,
7368,64,2,0.005191829986870289,,,,
7369,64,2,0.005928063299506903,,,,
7370,64,2,0.004713242407888174,,,,
7371,64,2,0.0057025509886443615,,,,
7372,64,2,0.0049154674634337425,,,,
7373,64,2,0.004013446159660816,,,,
7374,64,2,0.0058360714465379715,,,,
7375,64,2,0.005299719981849194,,,,
7376,64,2,0.005455388687551022,,,,
7377,64,2,0.004607621114701033,,,,
7378,64,2,0.005794755648821592,,,,
7379,64,2,0.00510558532550931,,,,
7380,64,2,0.004658041521906853,,,,
7381,64,2,0.004770645871758461,,,,
7382,64,2,0.004234956111758947,,,,
7383,64,2,0.004858178086578846,,,,
7384,64,2,0.004580957815051079,,,,
7385,64,2,0.005356878042221069,,,,
7386,64,2,0.004592992831021547,,,,
7387,64,2,0.004491094034165144,,,,
7388,64,2,0.004115825053304434,,,,
7389,64,2,0.005047994665801525,,,,
7390,64,2,0.004418207332491875,,,,
7391,64,2,0.005166682414710522,,,,
7392,64,2,0.004562425427138805,,,,
7393,64,2,0.005408299621194601,,,,
7394,64,2,0.005751702003180981,,,,
7395,64,2,0.004522060975432396,,,,
7396,64,2,0.0055846720933914185,,,,
7397,64,2,0.004960383754223585,,,,
7398,64,2,0.004854544531553984,,,,
7399,64,2,0.004715903662145138,,,,
7400,64,2,0.005533990915864706,,,,
7401,64,2,0.004011977463960648,,,,
7402,64,2,0.005372337065637112,,,,
7403,64,2,0.005000461358577013,,,,
7404,64,2,0.004946965724229813,,,,
7405,64,2,0.004095739684998989,,,,
7406,64,2,0.004442867822945118,,,,
7407,64,2,0.004204549826681614,,,,
7408,64,2,0.005564670544117689,,,,
7409,64,2,0.004754260182380676,,,,
7410,64,2,0.004752599634230137,,,,
7411,64,2,0.0047213733196258545,,,,
7412,64,2,0.005594478454440832,,,,
7413,64,2,0.004834528546780348,,,,
7414,64,2,0.0059275273233652115,,,,
7415,64,2,0.005331583321094513,,,,
7416,64,2,0.005587826482951641,,,,
7417,64,2,0.006104023661464453,,,,
7418,64,2,0.004420492798089981,,,,
7419,64,2,0.005463471170514822,,,,
7420,64,2,0.005139931570738554,,,,
7421,64,2,0.006676577031612396,,,,
7422,64,2,0.005784165114164352,,,,
7423,64,2,0.004682925995439291,,,,
7424,64,2,0.004748299717903137,,,,
7425,64,2,0.004753607325255871,,,,
7426,64,2,0.004410045221447945,,,,
7427,64,2,0.0049324361607432365,,,,
7428,64,2,0.005033635534346104,,,,
7429,64,2,0.004000789485871792,,,,
7430,64,2,0.006441023200750351,,,,
7431,64,2,0.00422686617821455,,,,
7432,64,2,0.004445828963071108,,,,
7433,64,2,0.005382458679378033,,,,
7434,64,2,0.005086525343358517,,,,
7435,64,2,0.0043932595290243626,,,,
7436,64,2,0.005003804340958595,,,,
7437,64,2,0.005112817510962486,,,,
7438,64,2,0.00466176075860858,,,,
7439,64,2,0.00479847751557827,,,,
7440,64,2,0.005414881743490696,,,,
7441,64,2,0.005384307354688644,,,,
7442,64,2,0.005423215217888355,,,,
7443,64,2,0.005509335082024336,,,,
7444,64,2,0.006018165498971939,,,,
7445,64,2,0.006284995004534721,,,,
7446,64,2,0.005328346975147724,,,,
7447,64,2,0.005080958362668753,,,,
7448,64,2,0.005384734831750393,,,,
7449,64,2,0.004846077412366867,,,,
7450,64,2,0.004560454748570919,,,,
7451,64,2,0.004609962925314903,,,,
7452,64,2,0.0065217590890824795,,,,
7453,64,2,0.00633157417178154,,,,
7454,64,2,0.005120523273944855,,,,
7455,64,2,0.004415524657815695,,,,
7456,64,2,0.004815028514713049,,,,
7457,64,2,0.004914815071970224,,,,
7458,64,2,0.005517860408872366,,,,
7459,64,2,0.0044237589463591576,,,,
7460,64,2,0.006407949607819319,,,,
7461,64,2,0.004551717080175877,,,,
7462,64,2,0.005080766975879669,,,,
7463,64,2,0.0046256352216005325,,,,
7464,64,2,0.004882097244262695,,,,
7465,64,2,0.004943222273141146,,,,
7466,64,2,0.004654038231819868,,,,
7467,64,2,0.0050671957433223724,,,,
7468,64,2,0.0050636278465390205,,,,
7469,64,2,0.005468135699629784,,,,
7470,64,2,0.005553207825869322,,,,
7471,64,2,0.007780395448207855,,,,
7472,64,2,0.005940936505794525,,,,
7473,64,2,0.0051206303760409355,,,,
7474,64,2,0.005989415105432272,,,,
7475,64,2,0.004280658904463053,,,,
7476,64,2,0.006466628983616829,,,,
7477,64,2,0.005253655835986137,,,,
7478,64,2,0.005586092825978994,,,,
7479,64,2,0.0052953860722482204,,,,
7480,64,2,0.005481865257024765,,,,
7481,64,2,0.005610071122646332,,,,
7482,64,2,0.004810858517885208,,,,
7483,64,2,0.005375345703214407,,,,
7484,64,2,0.0044034128077328205,,,,
7485,64,2,0.004805247765034437,,,,
7486,64,2,0.006508642341941595,,,,
7487,64,2,0.004912403877824545,,,,
7488,64,2,0.005537680350244045,,,,
7489,64,2,0.005605050828307867,,,,
7490,64,2,0.005696700420230627,,,,
7491,64,2,0.005273829214274883,,,,
7492,64,2,0.006004940718412399,,,,
7493,64,2,0.006081056781113148,,,,
7494,64,2,0.00598551519215107,,,,
7495,64,2,0.005682328250259161,,,,
7496,64,2,0.005312947556376457,,,,
7497,64,2,0.00540205417200923,,,,
7498,64,2,0.004964692518115044,,,,
7499,64,2,0.005374395754188299,,,,
7500,64,2,0.005001598969101906,,,,
7501,64,2,0.005072096362709999,,,,
7502,64,2,0.005241265054792166,,,,
7503,64,2,0.004738118499517441,,,,
7504,64,2,0.005110997706651688,,,,
7505,64,2,0.0044505400583148,,,,
7506,64,2,0.0051081255078315735,,,,
7507,64,2,0.005038086324930191,,,,
7508,64,2,0.004277101717889309,,,,
7509,64,2,0.0054303305223584175,,,,
7510,64,2,0.005418124608695507,,,,
7511,64,2,0.005109376739710569,,,,
7512,64,2,0.0046119699254632,,,,
7513,64,2,0.00584208220243454,,,,
7514,64,2,0.005364644341170788,,,,
7515,64,2,0.004619747865945101,,,,
7516,64,2,0.005217249505221844,,,,
7517,64,2,0.0043258462101221085,,,,
7518,64,2,0.004713026806712151,,,,
7519,64,2,0.005758717656135559,,,,
7520,64,2,0.005442799534648657,,,,
7521,64,2,0.0050106169655919075,,,,
7522,64,2,0.003884619567543268,,,,
7523,64,2,0.004953884985297918,,,,
7524,64,2,0.0051010665483772755,,,,
7525,64,2,0.005177153740078211,,,,
7526,64,2,0.004237673245370388,,,,
7527,64,2,0.005887466482818127,,,,
7528,64,2,0.004942120052874088,,,,
7529,64,2,0.005207950249314308,,,,
7530,64,2,0.004259633831679821,,,,
7531,64,2,0.004606662318110466,,,,
7532,64,2,0.00503492821007967,,,,
7533,64,2,0.0052232807502150536,,,,
7534,64,2,0.004796325229108334,,,,
7535,64,2,0.004919698461890221,,,,
7536,64,2,0.004777332302182913,,,,
7537,64,2,0.004069142043590546,,,,
7538,64,2,0.004674294963479042,,,,
7539,64,2,0.004410627763718367,,,,
7540,64,2,0.00532093970105052,,,,
7541,64,2,0.0052995807491242886,,,,
7542,64,2,0.003806455759331584,,,,
7543,64,2,0.004274682607501745,,,,
7544,64,2,0.004610344301909208,,,,
7545,64,2,0.005096446722745895,,,,
7546,64,2,0.007360584102571011,,,,
7547,64,2,0.004331471864134073,,,,
7548,64,2,0.006281878799200058,,,,
7549,64,2,0.005033987574279308,,,,
7550,64,2,0.0059283096343278885,,,,
7551,64,2,0.005918355192989111,,,,
7552,64,2,0.0051461863331496716,,,,
7553,64,2,0.00386166013777256,,,,
7554,64,2,0.006033090874552727,,,,
7555,64,2,0.005270612891763449,,,,
7556,64,2,0.004580528475344181,,,,
7557,64,2,0.004573107697069645,,,,
7558,64,2,0.0053770034573972225,,,,
7559,64,2,0.0041074263863265514,,,,
7560,64,2,0.004966718144714832,,,,
7561,64,2,0.004541597794741392,,,,
7562,64,2,0.004261678550392389,,,,
7563,64,2,0.005767894443124533,,,,
7564,64,2,0.004606550093740225,,,,
7565,64,2,0.005217216908931732,,,,
7566,64,2,0.0049492307007312775,,,,
7567,64,2,0.005243697669357061,,,,
7568,64,2,0.003846141044050455,,,,
7569,64,2,0.0056287748739123344,,,,
7570,64,2,0.0048593212850391865,,,,
7571,64,2,0.004582604859024286,,,,
7572,64,2,0.0049148560501635075,,,,
7573,64,2,0.0044489698484539986,,,,
7574,64,2,0.003997232299298048,,,,
7575,64,2,0.0054627894423902035,,,,
7576,64,2,0.0044328877702355385,,,,
7577,64,2,0.004255262203514576,,,,
7578,64,2,0.005229135975241661,,,,
7579,64,2,0.004489986225962639,,,,
7580,64,2,0.005135724321007729,,,,
7581,64,2,0.00463416613638401,,,,
7582,64,2,0.005019879434257746,,,,
7583,64,2,0.004802018404006958,,,,
7584,64,2,0.004422031342983246,,,,
7585,64,2,0.004464051686227322,,,,
7586,64,2,0.004596659913659096,,,,
7587,64,2,0.004189518745988607,,,,
7588,64,2,0.004248206503689289,,,,
7589,64,2,0.006533308885991573,,,,
7590,64,2,0.004352962598204613,,,,
7591,64,2,0.004160540644079447,,,,
7592,64,2,0.004360354971140623,,,,
7593,64,2,0.0047247642651200294,,,,
7594,64,2,0.004993795417249203,,,,
7595,64,2,0.0037430040538311005,,,,
7596,64,2,0.0047430600970983505,,,,
7597,64,2,0.004535803105682135,,,,
7598,64,2,0.004708769731223583,,,,
7599,64,2,0.004739217460155487,,,,
7600,64,2,0.004476589150726795,,,,
7601,64,2,0.004026326816529036,,,,
7602,64,2,0.0045521920546889305,,,,
7603,64,2,0.005424018017947674,,,,
7604,64,2,0.00569277536123991,,,,
7605,64,2,0.0039859553799033165,,,,
7606,64,2,0.0052188364788889885,,,,
7607,64,2,0.004586740396916866,,,,
7608,64,2,0.005367332603782415,,,,
7609,64,2,0.004164752550423145,,,,
7610,64,2,0.0067506651394069195,,,,
7611,64,2,0.004060487728565931,,,,
7612,64,2,0.005583164747804403,,,,
7613,64,2,0.005092810373753309,,,,
7614,64,2,0.004442472010850906,,,,
7615,64,2,0.004661676939576864,,,,
7616,64,2,0.004458274692296982,,,,
7617,64,2,0.004696778487414122,,,,
7618,64,2,0.0046285297721624374,,,,
7619,64,2,0.004091068636626005,,,,
7620,64,2,0.004932932090014219,,,,
7621,64,2,0.00513105746358633,,,,
7622,64,2,0.004489731974899769,,,,
7623,64,2,0.004256337881088257,,,,
7624,64,2,0.005720627959817648,,,,
7625,64,2,0.004973479546606541,,,,
7626,64,2,0.005655117332935333,,,,
7627,64,2,0.005509061273187399,,,,
7628,64,2,0.003983275964856148,,,,
7629,64,2,0.004672589711844921,,,,
7630,64,2,0.004645014647394419,,,,
7631,64,2,0.004909983836114407,,,,
7632,64,2,0.004996689967811108,,,,
7633,64,2,0.004902388900518417,,,,
7634,64,2,0.0047327689826488495,,,,
7635,64,2,0.004579063504934311,,,,
7636,64,2,0.004779371432960033,,,,
7637,64,2,0.0046343207359313965,,,,
7638,64,2,0.004275409504771233,,,,
7639,64,2,0.003971950616687536,,,,
7640,64,2,0.005775240249931812,,,,
7641,64,2,0.004285636357963085,,,,
7642,64,2,0.004147743806242943,,,,
7643,64,2,0.004595033824443817,,,,
7644,64,2,0.004730091895908117,,,,
7645,64,2,0.005086679011583328,,,,
7646,64,2,0.004626260604709387,,,,
7647,64,2,0.004400867037475109,,,,
7648,64,2,0.00441571744158864,,,,
7649,64,2,0.004672765266150236,,,,
7650,64,2,0.004747933708131313,,,,
7651,64,2,0.00412079319357872,,,,
7652,64,2,0.005007755011320114,,,,
7653,64,2,0.004641348496079445,,,,
7654,64,2,0.004830687772482634,,,,
7655,64,2,0.004429018124938011,,,,
7656,64,2,0.005794447846710682,,,,
7657,64,2,0.003794827964156866,,,,
7658,64,2,0.0039050448685884476,,,,
7659,64,2,0.00394089799374342,,,,
7660,64,2,0.005029968451708555,,,,
7661,64,2,0.005112838000059128,,,,
7662,64,2,0.005062638781964779,,,,
7663,64,2,0.005089237354695797,,,,
7664,64,2,0.0041819182224571705,,,,
7665,64,2,0.004518503323197365,,,,
7666,64,2,0.004465829581022263,,,,
7667,64,2,0.006019633263349533,,,,
7668,64,2,0.0052795629017055035,,,,
7669,64,2,0.004977933131158352,,,,
7670,64,2,0.005442589521408081,,,,
7671,64,2,0.004865684080868959,,,,
7672,64,2,0.005006586201488972,,,,
7673,64,2,0.004656516015529633,,,,
7674,64,2,0.005417402368038893,,,,
7675,64,2,0.0052140094339847565,,,,
7676,64,2,0.004647811409085989,,,,
7677,64,2,0.004623760469257832,,,,
7678,64,2,0.004740491509437561,,,,
7679,64,2,0.004950399976223707,,,,
7680,64,2,0.004028141498565674,,,,
7681,64,2,0.004939700942486525,,,,
7682,64,2,0.004812740720808506,,,,
7683,64,2,0.004561716690659523,,,,
7684,64,2,0.0052197761833667755,,,,
7685,64,2,0.004337427206337452,,,,
7686,64,2,0.004258756525814533,,,,
7687,64,2,0.004374940879642963,,,,
7688,64,2,0.004344260320067406,,,,
7689,64,2,0.004364734049886465,,,,
7690,64,2,0.00555007066577673,,,,
7691,64,2,0.003835903014987707,,,,
7692,64,2,0.004891137592494488,,,,
7693,64,2,0.004848948214203119,,,,
7694,64,2,0.004896728787571192,,,,
7695,64,2,0.0049575325101614,,,,
7696,64,2,0.004019991494715214,,,,
7697,64,2,0.0047982255928218365,,,,
7698,64,2,0.004340908490121365,,,,
7699,64,2,0.0050577702932059765,,,,
7700,64,2,0.00426888233050704,,,,
7701,64,2,0.004879745654761791,,,,
7702,64,2,0.005392900668084621,,,,
7703,64,2,0.004115687683224678,,,,
7704,64,2,0.005080248229205608,,,,
7705,64,2,0.005158167332410812,,,,
7706,64,2,0.005327305756509304,,,,
7707,64,2,0.004801052622497082,,,,
7708,64,2,0.004381595645099878,,,,
7709,64,2,0.005745298229157925,,,,
7710,64,2,0.005331513471901417,,,,
7711,64,2,0.005308619700372219,,,,
7712,64,2,0.004451344721019268,,,,
7713,64,2,0.005079494323581457,,,,
7714,64,2,0.004422315396368504,,,,
7715,64,2,0.005366710480302572,,,,
7716,64,2,0.004563174210488796,,,,
7717,64,2,0.005056748632341623,,,,
7718,64,2,0.005711337085813284,,,,
7719,64,2,0.004996482748538256,,,,
7720,64,2,0.004223025869578123,,,,
7721,64,2,0.005487506743520498,,,,
7722,64,2,0.004226112272590399,,,,
7723,64,2,0.005266929976642132,,,,
7724,64,2,0.0036928020417690277,,,,
7725,64,2,0.005274543073028326,,,,
7726,64,2,0.004571258090436459,,,,
7727,64,2,0.004740657284855843,,,,
7728,64,2,0.0044361925683915615,,,,
7729,64,2,0.00511327525600791,,,,
7730,64,2,0.004637696780264378,,,,
7731,64,2,0.0042879036627709866,,,,
7732,64,2,0.0035397284664213657,,,,
7733,64,2,0.005382945761084557,,,,
7734,64,2,0.004577793180942535,,,,
7735,64,2,0.004998733289539814,,,,
7736,64,2,0.00466777803376317,,,,
7737,64,2,0.004435095936059952,,,,
7738,64,2,0.005201129242777824,,,,
7739,64,2,0.004726342856884003,,,,
7740,64,2,0.005244243890047073,,,,
7741,64,2,0.004600934684276581,,,,
7742,64,2,0.004914713557809591,,,,
7743,64,2,0.004153846763074398,,,,
7744,64,2,0.004242811352014542,,,,
7745,64,2,0.005134548060595989,,,,
7746,64,2,0.003555289236828685,,,,
7747,64,2,0.004160782787948847,,,,
7748,64,2,0.005758090876042843,,,,
7749,64,2,0.004385887645184994,,,,
7750,64,2,0.004445603117346764,,,,
7751,64,2,0.005391587968915701,,,,
7752,64,2,0.004738238640129566,,,,
7753,64,2,0.00478697894141078,,,,
7754,64,2,0.005809537135064602,,,,
7755,64,2,0.004852632060647011,,,,
7756,64,2,0.004048440605401993,,,,
7757,64,2,0.005402714014053345,,,,
7758,64,2,0.004827694036066532,,,,
7759,64,2,0.005490598734468222,,,,
7760,64,2,0.004868845921009779,,,,
7761,64,2,0.004560250323265791,,,,
7762,64,2,0.00597098795697093,,,,
7763,64,2,0.005197533871978521,,,,
7764,64,2,0.005712558981031179,,,,
7765,64,2,0.004728550091385841,,,,
7766,64,2,0.0052763065323233604,,,,
7767,64,2,0.006863980554044247,,,,
7768,64,2,0.0067313252948224545,,,,
7769,64,2,0.004803091287612915,,,,
7770,64,2,0.004462966695427895,,,,
7771,64,2,0.006042450666427612,,,,
7772,64,2,0.005115577019751072,,,,
7773,64,2,0.00455539720132947,,,,
7774,64,2,0.006988187320530415,,,,
7775,64,2,0.004912544973194599,,,,
7776,64,2,0.004891480319201946,,,,
7777,64,2,0.005096304230391979,,,,
7778,64,2,0.005099780857563019,,,,
7779,64,2,0.005312887020409107,,,,
7780,64,2,0.0052025108598172665,,,,
7781,64,2,0.004523127805441618,,,,
7782,64,2,0.005989636294543743,,,,
7783,64,2,0.004732332658022642,,,,
7784,64,2,0.00502222403883934,,,,
7785,64,2,0.005047044716775417,,,,
7786,64,2,0.005647297948598862,,,,
7787,64,2,0.004672043491154909,,,,
7788,64,2,0.005504869855940342,,,,
7789,64,2,0.005028843879699707,,,,
7790,64,2,0.004633178934454918,,,,
7791,64,2,0.0042580896988511086,,,,
7792,64,2,0.004900617524981499,,,,
7793,64,2,0.004960531368851662,,,,
7794,64,2,0.0043580494821071625,,,,
7795,64,2,0.005165514536201954,,,,
7796,64,2,0.005066875368356705,,,,
7797,64,2,0.004098059609532356,,,,
7798,64,2,0.004920020699501038,,,,
7799,64,2,0.005957320332527161,,,,
7800,64,2,0.0052357688546180725,,,,
7801,64,2,0.005033398978412151,,,,
7802,64,2,0.0044342149049043655,,,,
7803,64,2,0.005203285254538059,,,,
7804,64,2,0.00490310974419117,,,,
7805,64,2,0.004995827563107014,,,,
7806,64,2,0.0049295551143586636,,,,
7807,64,2,0.004545221105217934,,,,
7808,64,2,0.004227048717439175,,,,
7809,64,2,0.004316867329180241,,,,
7810,64,2,0.004594460129737854,,,,
7811,64,2,0.004281753674149513,,,,
7812,64,2,0.00534249609336257,,,,
7813,64,2,0.0042848726734519005,,,,
7814,64,2,0.005107799079269171,,,,
7815,64,2,0.005069429986178875,,,,
7816,64,2,0.00475622434169054,,,,
7817,64,2,0.004531040787696838,,,,
7818,64,2,0.005000951699912548,,,,
7819,64,2,0.005583476275205612,,,,
7820,64,2,0.004692272283136845,,,,
7821,64,2,0.004972304217517376,,,,
7822,64,2,0.005406065843999386,,,,
7823,64,2,0.005516855977475643,,,,
7824,64,2,0.004903691820800304,,,,
7825,64,2,0.0060097514651715755,,,,
7826,64,2,0.005909960716962814,,,,
7827,64,2,0.0052559818141162395,,,,
7828,64,2,0.004958969075232744,,,,
7829,64,2,0.004752018488943577,,,,
7830,64,2,0.004675689619034529,,,,
7831,64,2,0.004564244300127029,,,,
7832,64,2,0.006339563988149166,,,,
7833,64,2,0.00522758811712265,,,,
7834,64,2,0.005276464857161045,,,,
7835,64,2,0.005093845538794994,,,,
7836,64,2,0.0058284602127969265,,,,
7837,64,2,0.00513137923553586,,,,
7838,64,2,0.004722606390714645,,,,
7839,64,2,0.00515153119340539,,,,
7840,64,2,0.004972407594323158,,,,
7841,64,2,0.004746388178318739,,,,
7842,64,2,0.005317571572959423,,,,
7843,64,2,0.004865470342338085,,,,
7844,64,2,0.004847973585128784,,,,
7845,64,2,0.004710125736892223,,,,
7846,64,2,0.004957870580255985,,,,
7847,64,2,0.005961326416581869,,,,
7848,64,2,0.005568916909396648,,,,
7849,64,2,0.004879538901150227,,,,
7850,64,2,0.005135799758136272,,,,
7851,64,2,0.005145167000591755,,,,
7852,64,2,0.004304591100662947,,,,
7853,64,2,0.005099692847579718,,,,
7854,64,2,0.003929194062948227,,,,
7855,64,2,0.004490960389375687,,,,
7856,64,2,0.005033403169363737,,,,
7857,64,2,0.005033721681684256,,,,
7858,64,2,0.006493840366601944,,,,
7859,64,2,0.004529248923063278,,,,
7860,64,2,0.0047051506116986275,,,,
7861,64,2,0.004888186696916819,,,,
7862,64,2,0.0055329566821455956,,,,
7863,64,2,0.005523258354514837,,,,
7864,64,2,0.006472459994256496,,,,
7865,64,2,0.0035195383243262768,,,,
7866,64,2,0.005250739865005016,,,,
7867,64,2,0.004166305530816317,,,,
7868,64,2,0.005052964668720961,,,,
7869,64,2,0.005021987017244101,,,,
7870,64,2,0.005078963935375214,,,,
7871,64,2,0.004669939633458853,,,,
7872,64,2,0.005350971128791571,,,,
7873,64,2,0.005553077440708876,,,,
7874,64,2,0.0042825378477573395,,,,
7875,64,2,0.00501406192779541,,,,
7876,64,2,0.00537066999822855,,,,
7877,64,2,0.004538845270872116,,,,
7878,64,2,0.00483978446573019,,,,
7879,64,2,0.006705842446535826,,,,
7880,64,2,0.004568988457322121,,,,
7881,64,2,0.004400989040732384,,,,
7882,64,2,0.005173833109438419,,,,
7883,64,2,0.0038742199540138245,,,,
7884,64,2,0.004608961753547192,,,,
7885,64,2,0.004096758086234331,,,,
7886,64,2,0.004956213291734457,,,,
7887,64,2,0.0044590141624212265,,,,
7888,64,2,0.0045068226754665375,,,,
7889,64,2,0.005057191476225853,,,,
7890,64,2,0.005313481204211712,,,,
7891,64,2,0.004828108474612236,,,,
7892,64,2,0.004471685737371445,,,,
7893,64,2,0.004472984932363033,,,,
7894,64,2,0.004405711777508259,,,,
7895,64,2,0.004939455538988113,,,,
7896,64,2,0.004450115375220776,,,,
7897,64,2,0.004696320742368698,,,,
7898,64,2,0.00575942313298583,,,,
7899,64,2,0.005601569078862667,,,,
7900,64,2,0.005105799995362759,,,,
7901,64,2,0.004829252604395151,,,,
7902,64,2,0.004757983610033989,,,,
7903,64,2,0.003478662809357047,,,,
7904,64,2,0.004675122909247875,,,,
7905,64,2,0.004645824432373047,,,,
7906,64,2,0.005038052797317505,,,,
7907,64,2,0.003636872163042426,,,,
7908,64,2,0.0045246221125125885,,,,
7909,64,2,0.005948069505393505,,,,
7910,64,2,0.005652032792568207,,,,
7911,64,2,0.004727571737021208,,,,
7912,64,2,0.004531750455498695,,,,
7913,64,2,0.006174309179186821,,,,
7914,64,2,0.0050592320039868355,,,,
7915,64,2,0.0045759729109704494,,,,
7916,64,2,0.005015467293560505,,,,
7917,64,2,0.004378848243504763,,,,
7918,64,2,0.003881692886352539,,,,
7919,64,2,0.005643811076879501,,,,
7920,64,2,0.004994609393179417,,,,
7921,64,2,0.005127723794430494,,,,
7922,64,2,0.0050093331374228,,,,
7923,64,2,0.0044782087206840515,,,,
7924,64,2,0.005594956688582897,,,,
7925,64,2,0.00454148231074214,,,,
7926,64,2,0.004922898486256599,,,,
7927,64,2,0.004441601224243641,,,,
7928,64,2,0.004857427440583706,,,,
7929,64,2,0.004305282607674599,,,,
7930,64,2,0.004520908929407597,,,,
7931,64,2,0.004794088192284107,,,,
7932,64,2,0.0048185246996581554,,,,
7933,64,2,0.004895935766398907,,,,
7934,64,2,0.005672905128449202,,,,
7935,64,2,0.004615002311766148,,,,
7936,64,2,0.007903946563601494,,,,
7937,64,2,0.004488235339522362,,,,
7938,64,2,0.005333296954631805,,,,
7939,64,2,0.005607937928289175,,,,
7940,64,2,0.0056726932525634766,,,,
7941,64,2,0.005712665151804686,,,,
7942,64,2,0.00568635668605566,,,,
7943,64,2,0.0047958847135305405,,,,
7944,64,2,0.004549643024802208,,,,
7945,64,2,0.00512749794870615,,,,
7946,64,2,0.005278011318296194,,,,
7947,64,2,0.005851604975759983,,,,
7948,64,2,0.004478129558265209,,,,
7949,64,2,0.0050371987745165825,,,,
7950,64,2,0.004278500098735094,,,,
7951,64,2,0.0048026349395513535,,,,
7952,64,2,0.00540186045691371,,,,
7953,64,2,0.0050331102684140205,,,,
7954,64,2,0.004856699611991644,,,,
7955,64,2,0.00550901098176837,,,,
7956,64,2,0.004459843970835209,,,,
7957,64,2,0.004866546951234341,,,,
7958,64,2,0.005080385599285364,,,,
7959,64,2,0.005042248405516148,,,,
7960,64,2,0.005269384942948818,,,,
7961,64,2,0.006648471113294363,,,,
7962,64,2,0.006077855825424194,,,,
7963,64,2,0.004393165931105614,,,,
7964,64,2,0.006297204177826643,,,,
7965,64,2,0.004539288580417633,,,,
7966,64,2,0.006121797487139702,,,,
7967,64,2,0.005339969880878925,,,,
7968,64,2,0.005441849119961262,,,,
7969,64,2,0.006962367799133062,,,,
7970,64,2,0.006409443449229002,,,,
7971,64,2,0.0057859281077980995,,,,
7972,64,2,0.004923987668007612,,,,
7973,64,2,0.005115817300975323,,,,
7974,64,2,0.005834055598825216,,,,
7975,64,2,0.005047374404966831,,,,
7976,64,2,0.004666591063141823,,,,
7977,64,2,0.004796932451426983,,,,
7978,64,2,0.004654101561754942,,,,
7979,64,2,0.00521965092048049,,,,
7980,64,2,0.005111350677907467,,,,
7981,64,2,0.006549987010657787,,,,
7982,64,2,0.005093930289149284,,,,
7983,64,2,0.004592739045619965,,,,
7984,64,2,0.004545535426586866,,,,
7985,64,2,0.0046202922239899635,,,,
7986,64,2,0.0048929424956440926,,,,
7987,64,2,0.00505755515769124,,,,
7988,64,2,0.004759959410876036,,,,
7989,64,2,0.005290890112519264,,,,
7990,64,2,0.004891209304332733,,,,
7991,64,2,0.005760065745562315,,,,
7992,64,2,0.0042970627546310425,,,,
7993,64,2,0.0044853053987026215,,,,
7994,64,2,0.004401839803904295,,,,
7995,64,2,0.0045494199730455875,,,,
7996,64,2,0.005499172955751419,,,,
7997,64,2,0.0041070422157645226,,,,
7998,64,2,0.005113665014505386,,,,
7999,64,2,0.0045912060886621475,,,,
8000,64,2,0.006058910395950079,,0.008149155016810178,0.80357499651546,22.02677761967827
8001,64,2,0.004383941181004047,,,,
8002,64,2,0.005028029438108206,,,,
8003,64,2,0.0047820438630878925,,,,
8004,64,2,0.005609243176877499,,,,
8005,64,2,0.004549816716462374,,,,
8006,64,2,0.005143073387444019,,,,
8007,64,2,0.004617630969733,,,,
8008,64,2,0.00539377611130476,,,,
8009,64,2,0.0047300029546022415,,,,
8010,64,2,0.005727419164031744,,,,
8011,64,2,0.005454488098621368,,,,
8012,64,2,0.004069260787218809,,,,
8013,64,2,0.005188752897083759,,,,
8014,64,2,0.004557656589895487,,,,
8015,64,2,0.0047245691530406475,,,,
8016,64,2,0.005347357131540775,,,,
8017,64,2,0.005835911259055138,,,,
8018,64,2,0.004805995151400566,,,,
8019,64,2,0.004362425301223993,,,,
8020,64,2,0.005349190440028906,,,,
8021,64,2,0.005239391699433327,,,,
8022,64,2,0.005365235265344381,,,,
8023,64,2,0.005463613197207451,,,,
8024,64,2,0.005219051614403725,,,,
8025,64,2,0.005114327650517225,,,,
8026,64,2,0.0046791695058345795,,,,
8027,64,2,0.004311452619731426,,,,
8028,64,2,0.004530630074441433,,,,
8029,64,2,0.005645077675580978,,,,
8030,64,2,0.00527046388015151,,,,
8031,64,2,0.005065638571977615,,,,
8032,64,2,0.00427897647023201,,,,
8033,64,2,0.004823748953640461,,,,
8034,64,2,0.004687953740358353,,,,
8035,64,2,0.0055187358520925045,,,,
8036,64,2,0.004796099383383989,,,,
8037,64,2,0.0045714108273386955,,,,
8038,64,2,0.005775097757577896,,,,
8039,64,2,0.003913319204002619,,,,
8040,64,2,0.00467516016215086,,,,
8041,64,2,0.005500391125679016,,,,
8042,64,2,0.004825554322451353,,,,
8043,64,2,0.0050608571618795395,,,,
8044,64,2,0.00575966527685523,,,,
8045,64,2,0.004801785107702017,,,,
8046,64,2,0.004451342858374119,,,,
8047,64,2,0.006818174384534359,,,,
8048,64,2,0.005460700951516628,,,,
8049,64,2,0.005256087984889746,,,,
8050,64,2,0.00468305591493845,,,,
8051,64,2,0.005161616951227188,,,,
8052,64,2,0.005628931801766157,,,,
8053,64,2,0.004619203042238951,,,,
8054,64,2,0.004584938753396273,,,,
8055,64,2,0.003806110005825758,,,,
8056,64,2,0.004822928458452225,,,,
8057,64,2,0.0052150278352200985,,,,
8058,64,2,0.004850967787206173,,,,
8059,64,2,0.004043932072818279,,,,
8060,64,2,0.005016234703361988,,,,
8061,64,2,0.004947578068822622,,,,
8062,64,2,0.00791587308049202,,,,
8063,64,2,0.004420632962137461,,,,
8064,64,2,0.004546949174255133,,,,
8065,64,2,0.00497035076841712,,,,
8066,64,2,0.005011221393942833,,,,
8067,64,2,0.0034526963718235493,,,,
8068,64,2,0.004893365781754255,,,,
8069,64,2,0.004663042724132538,,,,
8070,64,2,0.0047534797340631485,,,,
8071,64,2,0.004130146466195583,,,,
8072,64,2,0.004739775788038969,,,,
8073,64,2,0.006317573599517345,,,,
8074,64,2,0.005442407913506031,,,,
8075,64,2,0.005917506292462349,,,,
8076,64,2,0.004615680780261755,,,,
8077,64,2,0.004583786241710186,,,,
8078,64,2,0.004278023261576891,,,,
8079,64,2,0.005263706669211388,,,,
8080,64,2,0.004510056227445602,,,,
8081,64,2,0.004689279478043318,,,,
8082,64,2,0.004603694658726454,,,,
8083,64,2,0.004508520010858774,,,,
8084,64,2,0.005920762196183205,,,,
8085,64,2,0.005167263559997082,,,,
8086,64,2,0.005457413848489523,,,,
8087,64,2,0.0052240872755646706,,,,
8088,64,2,0.0047163935378193855,,,,
8089,64,2,0.00428429851308465,,,,
8090,64,2,0.004216380883008242,,,,
8091,64,2,0.004779962357133627,,,,
8092,64,2,0.004834944382309914,,,,
8093,64,2,0.005234112497419119,,,,
8094,64,2,0.004649220034480095,,,,
8095,64,2,0.006104851141571999,,,,
8096,64,2,0.0034977272152900696,,,,
8097,64,2,0.004374525509774685,,,,
8098,64,2,0.005122809670865536,,,,
8099,64,2,0.004355193115770817,,,,
8100,64,2,0.004522910341620445,,,,
8101,64,2,0.005080351606011391,,,,
8102,64,2,0.004347694106400013,,,,
8103,64,2,0.004836465232074261,,,,
8104,64,2,0.004521688912063837,,,,
8105,64,2,0.005076935514807701,,,,
8106,64,2,0.00550547381862998,,,,
8107,64,2,0.005417384207248688,,,,
8108,64,2,0.006722383201122284,,,,
8109,64,2,0.00546996621415019,,,,
8110,64,2,0.004482480231672525,,,,
8111,64,2,0.005298234522342682,,,,
8112,64,2,0.004690312314778566,,,,
8113,64,2,0.005539342761039734,,,,
8114,64,2,0.004390621557831764,,,,
8115,64,2,0.005820893682539463,,,,
8116,64,2,0.004285973962396383,,,,
8117,64,2,0.005418361630290747,,,,
8118,64,2,0.005292132496833801,,,,
8119,64,2,0.004229588899761438,,,,
8120,64,2,0.005156413652002811,,,,
8121,64,2,0.0046860221773386,,,,
8122,64,2,0.005965308286249638,,,,
8123,64,2,0.0046467408537864685,,,,
8124,64,2,0.005327037535607815,,,,
8125,64,2,0.006456324364989996,,,,
8126,64,2,0.004359070211648941,,,,
8127,64,2,0.0044153048656880856,,,,
8128,64,2,0.005426294170320034,,,,
8129,64,2,0.004959068261086941,,,,
8130,64,2,0.004610946401953697,,,,
8131,64,2,0.004855315200984478,,,,
8132,64,2,0.005185322370380163,,,,
8133,64,2,0.004015657119452953,,,,
8134,64,2,0.005494024604558945,,,,
8135,64,2,0.005253804847598076,,,,
8136,64,2,0.005552174523472786,,,,
8137,64,2,0.006024623289704323,,,,
8138,64,2,0.00545695424079895,,,,
8139,64,2,0.004952911287546158,,,,
8140,64,2,0.004519448149949312,,,,
8141,64,2,0.004912217613309622,,,,
8142,64,2,0.004779882729053497,,,,
8143,64,2,0.0052381823770701885,,,,
8144,64,2,0.003970765043050051,,,,
8145,64,2,0.004325447138398886,,,,
8146,64,2,0.004942078143358231,,,,
8147,64,2,0.00498427078127861,,,,
8148,64,2,0.004896574653685093,,,,
8149,64,2,0.004148496314883232,,,,
8150,64,2,0.004338082391768694,,,,
8151,64,2,0.00515409791842103,,,,
8152,64,2,0.0051517426036298275,,,,
8153,64,2,0.004368565045297146,,,,
8154,64,2,0.0048555852845311165,,,,
8155,64,2,0.004612580873072147,,,,
8156,64,2,0.0049146730452775955,,,,
8157,64,2,0.00488384161144495,,,,
8158,64,2,0.005506269168108702,,,,
8159,64,2,0.004059514030814171,,,,
8160,64,2,0.0035802326165139675,,,,
8161,64,2,0.004661502316594124,,,,
8162,64,2,0.006492920219898224,,,,
8163,64,2,0.004574703983962536,,,,
8164,64,2,0.006790441460907459,,,,
8165,64,2,0.004748399369418621,,,,
8166,64,2,0.004665571264922619,,,,
8167,64,2,0.004976963624358177,,,,
8168,64,2,0.00539435027167201,,,,
8169,64,2,0.005047990009188652,,,,
8170,64,2,0.004363213665783405,,,,
8171,64,2,0.004848577082157135,,,,
8172,64,2,0.0037785645108669996,,,,
8173,64,2,0.0048476820811629295,,,,
8174,64,2,0.004570579156279564,,,,
8175,64,2,0.004518185742199421,,,,
8176,64,2,0.004461751785129309,,,,
8177,64,2,0.0055406345054507256,,,,
8178,64,2,0.005338897928595543,,,,
8179,64,2,0.004161676857620478,,,,
8180,64,2,0.004752981476485729,,,,
8181,64,2,0.004661227576434612,,,,
8182,64,2,0.005022656172513962,,,,
8183,64,2,0.006207175552845001,,,,
8184,64,2,0.004994406830519438,,,,
8185,64,2,0.005462213419377804,,,,
8186,64,2,0.00559584004804492,,,,
8187,64,2,0.005088625475764275,,,,
8188,64,2,0.0043116286396980286,,,,
8189,64,2,0.005724409129470587,,,,
8190,64,2,0.005399830639362335,,,,
8191,64,2,0.0045668683014810085,,,,
8192,64,2,0.004798769485205412,,,,
8193,64,2,0.004827101714909077,,,,
8194,64,2,0.004554129205644131,,,,
8195,64,2,0.004602908622473478,,,,
8196,64,2,0.0052668629214167595,,,,
8197,64,2,0.005527549888938665,,,,
8198,64,2,0.004903120920062065,,,,
8199,64,2,0.004799297545105219,,,,
8200,64,2,0.005096389912068844,,,,
8201,64,2,0.004682237282395363,,,,
8202,64,2,0.004593600053340197,,,,
8203,64,2,0.004969521425664425,,,,
8204,64,2,0.0038377917371690273,,,,
8205,64,2,0.004620470106601715,,,,
8206,64,2,0.005014863330870867,,,,
8207,64,2,0.0044023143127560616,,,,
8208,64,2,0.004514710046350956,,,,
8209,64,2,0.004160333890467882,,,,
8210,64,2,0.0043406011536717415,,,,
8211,64,2,0.005122070200741291,,,,
8212,64,2,0.004545140080153942,,,,
8213,64,2,0.004542839713394642,,,,
8214,64,2,0.0042581213638186455,,,,
8215,64,2,0.005445745773613453,,,,
8216,64,2,0.0045959074050188065,,,,
8217,64,2,0.004560189321637154,,,,
8218,64,2,0.005322989076375961,,,,
8219,64,2,0.004711525049060583,,,,
8220,64,2,0.0049530500546097755,,,,
8221,64,2,0.005900278687477112,,,,
8222,64,2,0.0043561398051679134,,,,
8223,64,2,0.004938412923365831,,,,
8224,64,2,0.004718758165836334,,,,
8225,64,2,0.00461364071816206,,,,
8226,64,2,0.004759160336107016,,,,
8227,64,2,0.00393801461905241,,,,
8228,64,2,0.005427500233054161,,,,
8229,64,2,0.004185374826192856,,,,
8230,64,2,0.004529675468802452,,,,
8231,64,2,0.0036367240827530622,,,,
8232,64,2,0.004268791060894728,,,,
8233,64,2,0.004274239297956228,,,,
8234,64,2,0.0056972685270011425,,,,
8235,64,2,0.004602800123393536,,,,
8236,64,2,0.004524692893028259,,,,
8237,64,2,0.004613164812326431,,,,
8238,64,2,0.004379667341709137,,,,
8239,64,2,0.005458335392177105,,,,
8240,64,2,0.004052625969052315,,,,
8241,64,2,0.005801178049296141,,,,
8242,64,2,0.00477489223703742,,,,
8243,64,2,0.00491364998742938,,,,
8244,64,2,0.004500315524637699,,,,
8245,64,2,0.006110287271440029,,,,
8246,64,2,0.0054984926246106625,,,,
8247,64,2,0.0044752368703484535,,,,
8248,64,2,0.004670370370149612,,,,
8249,64,2,0.005709121935069561,,,,
8250,64,2,0.005319400690495968,,,,
8251,64,2,0.004883311688899994,,,,
8252,64,2,0.005230660550296307,,,,
8253,64,2,0.005556944757699966,,,,
8254,64,2,0.004956512711942196,,,,
8255,64,2,0.0049024298787117004,,,,
8256,64,2,0.005766259040683508,,,,
8257,64,2,0.004744368605315685,,,,
8258,64,2,0.004927637055516243,,,,
8259,64,2,0.004984589293599129,,,,
8260,64,2,0.005916777998209,,,,
8261,64,2,0.004568352364003658,,,,
8262,64,2,0.005210244562476873,,,,
8263,64,2,0.005313537083566189,,,,
8264,64,2,0.006025347858667374,,,,
8265,64,2,0.004688157234340906,,,,
8266,64,2,0.005656018853187561,,,,
8267,64,2,0.0037991423159837723,,,,
8268,64,2,0.00513250008225441,,,,
8269,64,2,0.004560529254376888,,,,
8270,64,2,0.0056483144871890545,,,,
8271,64,2,0.004908136557787657,,,,
8272,64,2,0.005397242959588766,,,,
8273,64,2,0.0058694034814834595,,,,
8274,64,2,0.00545621570199728,,,,
8275,64,2,0.004602568224072456,,,,
8276,64,2,0.004899223335087299,,,,
8277,64,2,0.00467609753832221,,,,
8278,64,2,0.004800776019692421,,,,
8279,64,2,0.005676658824086189,,,,
8280,64,2,0.005313725210726261,,,,
8281,64,2,0.005342321004718542,,,,
8282,64,2,0.004643727093935013,,,,
8283,64,2,0.004372715018689632,,,,
8284,64,2,0.004360944963991642,,,,
8285,64,2,0.004657839424908161,,,,
8286,64,2,0.0038772686384618282,,,,
8287,64,2,0.004874960985034704,,,,
8288,64,2,0.004631168209016323,,,,
8289,64,2,0.005099926143884659,,,,
8290,64,2,0.005391052924096584,,,,
8291,64,2,0.004002215340733528,,,,
8292,64,2,0.0043503521010279655,,,,
8293,64,2,0.004494728520512581,,,,
8294,64,2,0.0043481262400746346,,,,
8295,64,2,0.00549450796097517,,,,
8296,64,2,0.004238946363329887,,,,
8297,64,2,0.0043480489403009415,,,,
8298,64,2,0.005410557147115469,,,,
8299,64,2,0.005319058895111084,,,,
8300,64,2,0.006634930148720741,,,,
8301,64,2,0.005381321534514427,,,,
8302,64,2,0.004906068090349436,,,,
8303,64,2,0.004788614809513092,,,,
8304,64,2,0.005159254651516676,,,,
8305,64,2,0.004816850647330284,,,,
8306,64,2,0.005672427825629711,,,,
8307,64,2,0.004733020439743996,,,,
8308,64,2,0.005866858642548323,,,,
8309,64,2,0.005292244255542755,,,,
8310,64,2,0.005354098044335842,,,,
8311,64,2,0.00506601994857192,,,,
8312,64,2,0.0051054279319942,,,,
8313,64,2,0.004707052372395992,,,,
8314,64,2,0.005695801228284836,,,,
8315,64,2,0.005147179588675499,,,,
8316,64,2,0.005161449313163757,,,,
8317,64,2,0.004268746357411146,,,,
8318,64,2,0.005507380701601505,,,,
8319,64,2,0.003866539802402258,,,,
8320,64,2,0.004801169503480196,,,,
8321,64,2,0.004724408965557814,,,,
8322,64,2,0.005038867704570293,,,,
8323,64,2,0.0044660409912467,,,,
8324,64,2,0.004992569796741009,,,,
8325,64,2,0.005201288033276796,,,,
8326,64,2,0.0052461279556155205,,,,
8327,64,2,0.004025349393486977,,,,
8328,64,2,0.00479412917047739,,,,
8329,64,2,0.004504308104515076,,,,
8330,64,2,0.007590718101710081,,,,
8331,64,2,0.006149503402411938,,,,
8332,64,2,0.005409689154475927,,,,
8333,64,2,0.005190444178879261,,,,
8334,64,2,0.005011546425521374,,,,
8335,64,2,0.006010419689118862,,,,
8336,64,2,0.005057333968579769,,,,
8337,64,2,0.006193249952048063,,,,
8338,64,2,0.003886536229401827,,,,
8339,64,2,0.005498114973306656,,,,
8340,64,2,0.005810755770653486,,,,
8341,64,2,0.005325336009263992,,,,
8342,64,2,0.004527397453784943,,,,
8343,64,2,0.005345257930457592,,,,
8344,64,2,0.004787328653037548,,,,
8345,64,2,0.006249988451600075,,,,
8346,64,2,0.004150377586483955,,,,
8347,64,2,0.005446712952107191,,,,
8348,64,2,0.005251539871096611,,,,
8349,64,2,0.004783860873430967,,,,
8350,64,2,0.004636217840015888,,,,
8351,64,2,0.005661512725055218,,,,
8352,64,2,0.004531703423708677,,,,
8353,64,2,0.004268924705684185,,,,
8354,64,2,0.004291956778615713,,,,
8355,64,2,0.003798174438998103,,,,
8356,64,2,0.00450956029817462,,,,
8357,64,2,0.004805451259016991,,,,
8358,64,2,0.004368719179183245,,,,
8359,64,2,0.004898466169834137,,,,
8360,64,2,0.004155909642577171,,,,
8361,64,2,0.004577928222715855,,,,
8362,64,2,0.004166869446635246,,,,
8363,64,2,0.004702162928879261,,,,
8364,64,2,0.004678168799728155,,,,
8365,64,2,0.005150851793587208,,,,
8366,64,2,0.005230012349784374,,,,
8367,64,2,0.005281764082610607,,,,
8368,64,2,0.0038483261596411467,,,,
8369,64,2,0.00473006023094058,,,,
8370,64,2,0.004087184555828571,,,,
8371,64,2,0.0045069241896271706,,,,
8372,64,2,0.0044515193440020084,,,,
8373,64,2,0.005280683748424053,,,,
8374,64,2,0.005111368373036385,,,,
8375,64,2,0.004479500465095043,,,,
8376,64,2,0.005569880362600088,,,,
8377,64,2,0.0044978586956858635,,,,
8378,64,2,0.0034075253643095493,,,,
8379,64,2,0.00449852179735899,,,,
8380,64,2,0.006183610297739506,,,,
8381,64,2,0.005064797587692738,,,,
8382,64,2,0.005236309953033924,,,,
8383,64,2,0.004920662380754948,,,,
8384,64,2,0.0046812924556434155,,,,
8385,64,2,0.004381032660603523,,,,
8386,64,2,0.005766450427472591,,,,
8387,64,2,0.004437425173819065,,,,
8388,64,2,0.0049703074619174,,,,
8389,64,2,0.004245784133672714,,,,
8390,64,2,0.004335563629865646,,,,
8391,64,2,0.004648617934435606,,,,
8392,64,2,0.005445999093353748,,,,
8393,64,2,0.004570690914988518,,,,
8394,64,2,0.005356519483029842,,,,
8395,64,2,0.004772082902491093,,,,
8396,64,2,0.004858026280999184,,,,
8397,64,2,0.004314599558711052,,,,
8398,64,2,0.004343993030488491,,,,
8399,64,2,0.004767667502164841,,,,
8400,64,2,0.004584706388413906,,,,
8401,64,2,0.004326758906245232,,,,
8402,64,2,0.005045277997851372,,,,
8403,64,2,0.005463919602334499,,,,
8404,64,2,0.005069062113761902,,,,
8405,64,2,0.005840960890054703,,,,
8406,64,2,0.005545885302126408,,,,
8407,64,2,0.004742642864584923,,,,
8408,64,2,0.005345366895198822,,,,
8409,64,2,0.0047638737596571445,,,,
8410,64,2,0.005139834247529507,,,,
8411,64,2,0.0047141071408987045,,,,
8412,64,2,0.005582823418080807,,,,
8413,64,2,0.005115634296089411,,,,
8414,64,2,0.003920430317521095,,,,
8415,64,2,0.006202970631420612,,,,
8416,64,2,0.004304165951907635,,,,
8417,64,2,0.0046076588332653046,,,,
8418,64,2,0.005762770771980286,,,,
8419,64,2,0.004765314981341362,,,,
8420,64,2,0.0036965026520192623,,,,
8421,64,2,0.005382086616009474,,,,
8422,64,2,0.005192087963223457,,,,
8423,64,2,0.005033885128796101,,,,
8424,64,2,0.005499660968780518,,,,
8425,64,2,0.004898969084024429,,,,
8426,64,2,0.004072212614119053,,,,
8427,64,2,0.004379577469080687,,,,
8428,64,2,0.004502474330365658,,,,
8429,64,2,0.005637768190354109,,,,
8430,64,2,0.004494718741625547,,,,
8431,64,2,0.005486917681992054,,,,
8432,64,2,0.0039800433441996574,,,,
8433,64,2,0.003928909543901682,,,,
8434,64,2,0.005392768885940313,,,,
8435,64,2,0.004741819575428963,,,,
8436,64,2,0.004896917846053839,,,,
8437,64,2,0.00487236212939024,,,,
8438,64,2,0.004345260560512543,,,,
8439,64,2,0.004296733532100916,,,,
8440,64,2,0.0038249045610427856,,,,
8441,64,2,0.003909383434802294,,,,
8442,64,2,0.004938445519655943,,,,
8443,64,2,0.004151443485170603,,,,
8444,64,2,0.005187368951737881,,,,
8445,64,2,0.004719461314380169,,,,
8446,64,2,0.003900539595633745,,,,
8447,64,2,0.005683572962880135,,,,
8448,64,2,0.004161471035331488,,,,
8449,64,2,0.005021832883358002,,,,
8450,64,2,0.004900817759335041,,,,
8451,64,2,0.005599991884082556,,,,
8452,64,2,0.004483732394874096,,,,
8453,64,2,0.004697417840361595,,,,
8454,64,2,0.005055242218077183,,,,
8455,64,2,0.00481242872774601,,,,
8456,64,2,0.004548500292003155,,,,
8457,64,2,0.0046320329420268536,,,,
8458,64,2,0.004862270317971706,,,,
8459,64,2,0.0048249270766973495,,,,
8460,64,2,0.004779900889843702,,,,
8461,64,2,0.005798500031232834,,,,
8462,64,2,0.006221795454621315,,,,
8463,64,2,0.004062030464410782,,,,
8464,64,2,0.004377373959869146,,,,
8465,64,2,0.005153594072908163,,,,
8466,64,2,0.004745859652757645,,,,
8467,64,2,0.00460074981674552,,,,
8468,64,2,0.005701129324734211,,,,
8469,64,2,0.005168004892766476,,,,
8470,64,2,0.005835375748574734,,,,
8471,64,2,0.005104014649987221,,,,
8472,64,2,0.005174815654754639,,,,
8473,64,2,0.004641917534172535,,,,
8474,64,2,0.004735623020678759,,,,
8475,64,2,0.005378016736358404,,,,
8476,64,2,0.005232249386608601,,,,
8477,64,2,0.004313103388994932,,,,
8478,64,2,0.004997067153453827,,,,
8479,64,2,0.005542373284697533,,,,
8480,64,2,0.0051488857716321945,,,,
8481,64,2,0.006318788975477219,,,,
8482,64,2,0.0052613765001297,,,,
8483,64,2,0.004743799567222595,,,,
8484,64,2,0.004371984861791134,,,,
8485,64,2,0.004471710883080959,,,,
8486,64,2,0.004612176679074764,,,,
8487,64,2,0.006326747592538595,,,,
8488,64,2,0.004989968612790108,,,,
8489,64,2,0.0058208489790558815,,,,
8490,64,2,0.005041738040745258,,,,
8491,64,2,0.004679648205637932,,,,
8492,64,2,0.004212605766952038,,,,
8493,64,2,0.005236605182290077,,,,
8494,64,2,0.004837136249989271,,,,
8495,64,2,0.006320717744529247,,,,
8496,64,2,0.005198321770876646,,,,
8497,64,2,0.004435338545590639,,,,
8498,64,2,0.0042132725939154625,,,,
8499,64,2,0.005234573967754841,,,,
8500,64,2,0.0043393466621637344,,,,
8501,64,2,0.004696030169725418,,,,
8502,64,2,0.0052548786625266075,,,,
8503,64,2,0.005163091234862804,,,,
8504,64,2,0.0044235666282474995,,,,
8505,64,2,0.004337596707046032,,,,
8506,64,2,0.004921726882457733,,,,
8507,64,2,0.004062892869114876,,,,
8508,64,2,0.004804086871445179,,,,
8509,64,2,0.004464780446141958,,,,
8510,64,2,0.004837659187614918,,,,
8511,64,2,0.004583293572068214,,,,
8512,64,2,0.004507862962782383,,,,
8513,64,2,0.004793108440935612,,,,
8514,64,2,0.0048581394366919994,,,,
8515,64,2,0.005294605158269405,,,,
8516,64,2,0.005290252156555653,,,,
8517,64,2,0.005295587703585625,,,,
8518,64,2,0.004753374494612217,,,,
8519,64,2,0.004834960214793682,,,,
8520,64,2,0.004432183224707842,,,,
8521,64,2,0.006109368056058884,,,,
8522,64,2,0.004883131943643093,,,,
8523,64,2,0.004816016182303429,,,,
8524,64,2,0.004427797626703978,,,,
8525,64,2,0.004471849650144577,,,,
8526,64,2,0.004628839436918497,,,,
8527,64,2,0.004327118396759033,,,,
8528,64,2,0.005039665382355452,,,,
8529,64,2,0.005465607158839703,,,,
8530,64,2,0.00568060576915741,,,,
8531,64,2,0.004426415078341961,,,,
8532,64,2,0.0054593514651060104,,,,
8533,64,2,0.004601551219820976,,,,
8534,64,2,0.004496762063354254,,,,
8535,64,2,0.005380349233746529,,,,
8536,64,2,0.0047408947721123695,,,,
8537,64,2,0.00449812225997448,,,,
8538,64,2,0.005591534078121185,,,,
8539,64,2,0.004697272554039955,,,,
8540,64,2,0.005049753002822399,,,,
8541,64,2,0.004385524429380894,,,,
8542,64,2,0.004825586453080177,,,,
8543,64,2,0.004737888462841511,,,,
8544,64,2,0.00450561847537756,,,,
8545,64,2,0.004752872511744499,,,,
8546,64,2,0.005514952354133129,,,,
8547,64,2,0.004772835411131382,,,,
8548,64,2,0.004244466777890921,,,,
8549,64,2,0.004208911210298538,,,,
8550,64,2,0.0038172206841409206,,,,
8551,64,2,0.005002508871257305,,,,
8552,64,2,0.0044167907908558846,,,,
8553,64,2,0.004579654894769192,,,,
8554,64,2,0.005044358782470226,,,,
8555,64,2,0.005659386515617371,,,,
8556,64,2,0.004716310650110245,,,,
8557,64,2,0.006000535096973181,,,,
8558,64,2,0.005506293382495642,,,,
8559,64,2,0.0048415036872029305,,,,
8560,64,2,0.004876214079558849,,,,
8561,64,2,0.005328546278178692,,,,
8562,64,2,0.004102674312889576,,,,
8563,64,2,0.00458542350679636,,,,
8564,64,2,0.00428315345197916,,,,
8565,64,2,0.004746391903609037,,,,
8566,64,2,0.006489165127277374,,,,
8567,64,2,0.0053124031983315945,,,,
8568,64,2,0.005447871517390013,,,,
8569,64,2,0.005599559750407934,,,,
8570,64,2,0.004499231465160847,,,,
8571,64,2,0.004190234467387199,,,,
8572,64,2,0.004789129830896854,,,,
8573,64,2,0.004510299302637577,,,,
8574,64,2,0.0046861604787409306,,,,
8575,64,2,0.004751242231577635,,,,
8576,64,2,0.004873420111835003,,,,
8577,64,2,0.004106936044991016,,,,
8578,64,2,0.004348734859377146,,,,
8579,64,2,0.004785742145031691,,,,
8580,64,2,0.004996387287974358,,,,
8581,64,2,0.004667638335376978,,,,
8582,64,2,0.0045337616465985775,,,,
8583,64,2,0.005210409872233868,,,,
8584,64,2,0.004391263704746962,,,,
8585,64,2,0.0041024209931492805,,,,
8586,64,2,0.004311342258006334,,,,
8587,64,2,0.004793231375515461,,,,
8588,64,2,0.005332522094249725,,,,
8589,64,2,0.004352448508143425,,,,
8590,64,2,0.005995531566441059,,,,
8591,64,2,0.004737181589007378,,,,
8592,64,2,0.005412525963038206,,,,
8593,64,2,0.004681880585849285,,,,
8594,64,2,0.005277765914797783,,,,
8595,64,2,0.004762743599712849,,,,
8596,64,2,0.005312484689056873,,,,
8597,64,2,0.005747942253947258,,,,
8598,64,2,0.004526105709373951,,,,
8599,64,2,0.0047922078520059586,,,,
8600,64,2,0.004974243231117725,,,,
8601,64,2,0.004842611961066723,,,,
8602,64,2,0.005880225449800491,,,,
8603,64,2,0.004818141460418701,,,,
8604,64,2,0.005016051232814789,,,,
8605,64,2,0.004597858991473913,,,,
8606,64,2,0.005175726022571325,,,,
8607,64,2,0.006058490835130215,,,,
8608,64,2,0.005026908591389656,,,,
8609,64,2,0.005312447901815176,,,,
8610,64,2,0.00489695742726326,,,,
8611,64,2,0.005582091398537159,,,,
8612,64,2,0.005141143687069416,,,,
8613,64,2,0.004017006140202284,,,,
8614,64,2,0.004741936922073364,,,,
8615,64,2,0.006547476630657911,,,,
8616,64,2,0.00517985038459301,,,,
8617,64,2,0.005340972449630499,,,,
8618,64,2,0.004954248201102018,,,,
8619,64,2,0.005640711635351181,,,,
8620,64,2,0.004376926925033331,,,,
8621,64,2,0.00537584675475955,,,,
8622,64,2,0.006031904369592667,,,,
8623,64,2,0.0051737455651164055,,,,
8624,64,2,0.005010474007576704,,,,
8625,64,2,0.005278704222291708,,,,
8626,64,2,0.005887968465685844,,,,
8627,64,2,0.004418852739036083,,,,
8628,64,2,0.004746901802718639,,,,
8629,64,2,0.005108466371893883,,,,
8630,64,2,0.006051755975931883,,,,
8631,64,2,0.0039415908977389336,,,,
8632,64,2,0.0057577453553676605,,,,
8633,64,2,0.005227784626185894,,,,
8634,64,2,0.004461502656340599,,,,
8635,64,2,0.004673871677368879,,,,
8636,64,2,0.005407579243183136,,,,
8637,64,2,0.004651622846722603,,,,
8638,64,2,0.004323072265833616,,,,
8639,64,2,0.004096068441867828,,,,
8640,64,2,0.004526649601757526,,,,
8641,64,2,0.004940870217978954,,,,
8642,64,2,0.0046434300020337105,,,,
8643,64,2,0.004268319811671972,,,,
8644,64,2,0.005306287668645382,,,,
8645,64,2,0.005301292985677719,,,,
8646,64,2,0.004718469455838203,,,,
8647,64,2,0.003971586935222149,,,,
8648,64,2,0.0049370466731488705,,,,
8649,64,2,0.005015866830945015,,,,
8650,64,2,0.004389276262372732,,,,
8651,64,2,0.004974602721631527,,,,
8652,64,2,0.004889520816504955,,,,
8653,64,2,0.00481373118236661,,,,
8654,64,2,0.004256646614521742,,,,
8655,64,2,0.005298745818436146,,,,
8656,64,2,0.0038614149671047926,,,,
8657,64,2,0.00611107237637043,,,,
8658,64,2,0.005351033061742783,,,,
8659,64,2,0.003819483332335949,,,,
8660,64,2,0.004762559663504362,,,,
8661,64,2,0.003891912754625082,,,,
8662,64,2,0.004597614519298077,,,,
8663,64,2,0.00408449862152338,,,,
8664,64,2,0.004941524472087622,,,,
8665,64,2,0.004403947852551937,,,,
8666,64,2,0.004046791698783636,,,,
8667,64,2,0.004331149626523256,,,,
8668,64,2,0.004141676239669323,,,,
8669,64,2,0.003892980981618166,,,,
8670,64,2,0.00481694471091032,,,,
8671,64,2,0.004024128429591656,,,,
8672,64,2,0.005310047417879105,,,,
8673,64,2,0.004796690307557583,,,,
8674,64,2,0.005079690366983414,,,,
8675,64,2,0.005348865874111652,,,,
8676,64,2,0.004873129539191723,,,,
8677,64,2,0.005163335241377354,,,,
8678,64,2,0.005158279091119766,,,,
8679,64,2,0.005281892605125904,,,,
8680,64,2,0.005038317292928696,,,,
8681,64,2,0.0053881010971963406,,,,
8682,64,2,0.004394242074340582,,,,
8683,64,2,0.005179017782211304,,,,
8684,64,2,0.004700816702097654,,,,
8685,64,2,0.0040494175627827644,,,,
8686,64,2,0.0062029859982430935,,,,
8687,64,2,0.004108080640435219,,,,
8688,64,2,0.0040064165368676186,,,,
8689,64,2,0.0037456615827977657,,,,
8690,64,2,0.005343207623809576,,,,
8691,64,2,0.003909974824637175,,,,
8692,64,2,0.004679763689637184,,,,
8693,64,2,0.004056970588862896,,,,
8694,64,2,0.004390383139252663,,,,
8695,64,2,0.004838320426642895,,,,
8696,64,2,0.0038753540720790625,,,,
8697,64,2,0.0048982216976583,,,,
8698,64,2,0.004152556881308556,,,,
8699,64,2,0.004400291480123997,,,,
8700,64,2,0.004688933026045561,,,,
8701,64,2,0.004987246356904507,,,,
8702,64,2,0.004369099624454975,,,,
8703,64,2,0.00512399198487401,,,,
8704,64,2,0.005054425448179245,,,,
8705,64,2,0.005550269968807697,,,,
8706,64,2,0.004344578832387924,,,,
8707,64,2,0.0048320721834897995,,,,
8708,64,2,0.004274955950677395,,,,
8709,64,2,0.0046546729281544685,,,,
8710,64,2,0.005606592632830143,,,,
8711,64,2,0.005122752860188484,,,,
8712,64,2,0.005472246557474136,,,,
8713,64,2,0.003771616145968437,,,,
8714,64,2,0.004619098734110594,,,,
8715,64,2,0.004121863283216953,,,,
8716,64,2,0.004207296296954155,,,,
8717,64,2,0.0045766038820147514,,,,
8718,64,2,0.004665793851017952,,,,
8719,64,2,0.004824407398700714,,,,
8720,64,2,0.004585581831634045,,,,
8721,64,2,0.004343654960393906,,,,
8722,64,2,0.004859316162765026,,,,
8723,64,2,0.005339601542800665,,,,
8724,64,2,0.004290407989174128,,,,
8725,64,2,0.004701760597527027,,,,
8726,64,2,0.004485035315155983,,,,
8727,64,2,0.004990264307707548,,,,
8728,64,2,0.004156474955379963,,,,
8729,64,2,0.0050570061430335045,,,,
8730,64,2,0.003935347311198711,,,,
8731,64,2,0.004171153996139765,,,,
8732,64,2,0.004768711514770985,,,,
8733,64,2,0.004444474820047617,,,,
8734,64,2,0.00441143149510026,,,,
8735,64,2,0.004196519032120705,,,,
8736,64,2,0.005018714349716902,,,,
8737,64,2,0.004257378168404102,,,,
8738,64,2,0.0049751875922083855,,,,
8739,64,2,0.005296546965837479,,,,
8740,64,2,0.004574108868837357,,,,
8741,64,2,0.006434233393520117,,,,
8742,64,2,0.004401698242872953,,,,
8743,64,2,0.0047961026430130005,,,,
8744,64,2,0.006324102636426687,,,,
8745,64,2,0.005198163911700249,,,,
8746,64,2,0.004977184813469648,,,,
8747,64,2,0.00401761569082737,,,,
8748,64,2,0.00483692204579711,,,,
8749,64,2,0.005009799730032682,,,,
8750,64,2,0.0048666587099432945,,,,
8751,64,2,0.005126003175973892,,,,
8752,64,2,0.005159640219062567,,,,
8753,64,2,0.004786215256899595,,,,
8754,64,2,0.004178589675575495,,,,
8755,64,2,0.004004692658782005,,,,
8756,64,2,0.004594757221639156,,,,
8757,64,2,0.00415927916765213,,,,
8758,64,2,0.005655021872371435,,,,
8759,64,2,0.005295677110552788,,,,
8760,64,2,0.004867496434599161,,,,
8761,64,2,0.0038331858813762665,,,,
8762,64,2,0.0054961699061095715,,,,
8763,64,2,0.004805899690836668,,,,
8764,64,2,0.0049335951916873455,,,,
8765,64,2,0.00460338918492198,,,,
8766,64,2,0.0038338236045092344,,,,
8767,64,2,0.0046567125245928764,,,,
8768,64,2,0.004267363343387842,,,,
8769,64,2,0.004353694152086973,,,,
8770,64,2,0.004193898290395737,,,,
8771,64,2,0.005624645855277777,,,,
8772,64,2,0.005135628394782543,,,,
8773,64,2,0.0043952022679150105,,,,
8774,64,2,0.005122422240674496,,,,
8775,64,2,0.003954431042075157,,,,
8776,64,2,0.005082543008029461,,,,
8777,64,2,0.005437053740024567,,,,
8778,64,2,0.0038604438304901123,,,,
8779,64,2,0.005601744167506695,,,,
8780,64,2,0.00534007977694273,,,,
8781,64,2,0.004845855757594109,,,,
8782,64,2,0.004802455194294453,,,,
8783,64,2,0.004140705801546574,,,,
8784,64,2,0.00444020563736558,,,,
8785,64,2,0.005062555894255638,,,,
8786,64,2,0.004291723947972059,,,,
8787,64,2,0.005703368224203587,,,,
8788,64,2,0.004591198638081551,,,,
8789,64,2,0.004476186819374561,,,,
8790,64,2,0.0049031805247068405,,,,
8791,64,2,0.0038627604953944683,,,,
8792,64,2,0.005083248484879732,,,,
8793,64,2,0.0036849442403763533,,,,
8794,64,2,0.0038163296412676573,,,,
8795,64,2,0.005471363198012114,,,,
8796,64,2,0.004427268635481596,,,,
8797,64,2,0.0053651961497962475,,,,
8798,64,2,0.0052801137790083885,,,,
8799,64,2,0.004994137212634087,,,,
8800,64,2,0.004591258242726326,,,,
8801,64,2,0.004852216225117445,,,,
8802,64,2,0.005380287766456604,,,,
8803,64,2,0.004460624884814024,,,,
8804,64,2,0.004202011972665787,,,,
8805,64,2,0.004863954149186611,,,,
8806,64,2,0.004224585369229317,,,,
8807,64,2,0.00501888245344162,,,,
8808,64,2,0.004025709815323353,,,,
8809,64,2,0.004256420768797398,,,,
8810,64,2,0.005789482034742832,,,,
8811,64,2,0.004445397295057774,,,,
8812,64,2,0.004375978838652372,,,,
8813,64,2,0.005058384500443935,,,,
8814,64,2,0.004577346611768007,,,,
8815,64,2,0.0035790367983281612,,,,
8816,64,2,0.004708241671323776,,,,
8817,64,2,0.004768969491124153,,,,
8818,64,2,0.004889119416475296,,,,
8819,64,2,0.0041809240356087685,,,,
8820,64,2,0.004936302546411753,,,,
8821,64,2,0.004409485496580601,,,,
8822,64,2,0.004685451742261648,,,,
8823,64,2,0.004311791621148586,,,,
8824,64,2,0.005441312678158283,,,,
8825,64,2,0.004915718920528889,,,,
8826,64,2,0.005052817054092884,,,,
8827,64,2,0.004880534950643778,,,,
8828,64,2,0.008123265579342842,,,,
8829,64,2,0.004129893146455288,,,,
8830,64,2,0.005228986032307148,,,,
8831,64,2,0.005617683287709951,,,,
8832,64,2,0.005621683783829212,,,,
8833,64,2,0.004998011514544487,,,,
8834,64,2,0.005760718137025833,,,,
8835,64,2,0.0034973812289536,,,,
8836,64,2,0.0056295874528586864,,,,
8837,64,2,0.0051597547717392445,,,,
8838,64,2,0.005193610675632954,,,,
8839,64,2,0.004528612829744816,,,,
8840,64,2,0.004112605936825275,,,,
8841,64,2,0.004502951633185148,,,,
8842,64,2,0.005157408770173788,,,,
8843,64,2,0.005379310809075832,,,,
8844,64,2,0.004988120403140783,,,,
8845,64,2,0.004959557671099901,,,,
8846,64,2,0.005625552497804165,,,,
8847,64,2,0.003839875338599086,,,,
8848,64,2,0.004400203935801983,,,,
8849,64,2,0.004882125183939934,,,,
8850,64,2,0.0039850990287959576,,,,
8851,64,2,0.005060985684394836,,,,
8852,64,2,0.004977498669177294,,,,
8853,64,2,0.004308655858039856,,,,
8854,64,2,0.0047707390040159225,,,,
8855,64,2,0.005222111940383911,,,,
8856,64,2,0.004817906301468611,,,,
8857,64,2,0.004215295426547527,,,,
8858,64,2,0.005158162210136652,,,,
8859,64,2,0.004744040314108133,,,,
8860,64,2,0.005259057506918907,,,,
8861,64,2,0.005374349653720856,,,,
8862,64,2,0.004348378628492355,,,,
8863,64,2,0.00481591559946537,,,,
8864,64,2,0.004351211246103048,,,,
8865,64,2,0.004493252839893103,,,,
8866,64,2,0.004725474398583174,,,,
8867,64,2,0.005124836694449186,,,,
8868,64,2,0.004275152925401926,,,,
8869,64,2,0.004079890437424183,,,,
8870,64,2,0.005174980498850346,,,,
8871,64,2,0.005253506358712912,,,,
8872,64,2,0.00442245788872242,,,,
8873,64,2,0.003893622662872076,,,,
8874,64,2,0.0056721605360507965,,,,
8875,64,2,0.004114735871553421,,,,
8876,64,2,0.0040813772939145565,,,,
8877,64,2,0.005773506127297878,,,,
8878,64,2,0.00461505725979805,,,,
8879,64,2,0.004910452291369438,,,,
8880,64,2,0.0047614057548344135,,,,
8881,64,2,0.005348974838852882,,,,
8882,64,2,0.005471431650221348,,,,
8883,64,2,0.004253934603184462,,,,
8884,64,2,0.00469492981210351,,,,
8885,64,2,0.004980998579412699,,,,
8886,64,2,0.004124486818909645,,,,
8887,64,2,0.004793611820787191,,,,
8888,64,2,0.0041286940686404705,,,,
8889,64,2,0.004056192934513092,,,,
8890,64,2,0.00495345052331686,,,,
8891,64,2,0.0039914618246257305,,,,
8892,64,2,0.004625828471034765,,,,
8893,64,2,0.00490735424682498,,,,
8894,64,2,0.003976946696639061,,,,
8895,64,2,0.004544555675238371,,,,
8896,64,2,0.00398328946903348,,,,
8897,64,2,0.0045733945444226265,,,,
8898,64,2,0.005685003008693457,,,,
8899,64,2,0.00482582114636898,,,,
8900,64,2,0.0038783615455031395,,,,
8901,64,2,0.004845531191676855,,,,
8902,64,2,0.004422184079885483,,,,
8903,64,2,0.003574000671505928,,,,
8904,64,2,0.005006355699151754,,,,
8905,64,2,0.00464062113314867,,,,
8906,64,2,0.004204262979328632,,,,
8907,64,2,0.004473521374166012,,,,
8908,64,2,0.005142423324286938,,,,
8909,64,2,0.0058278306387364864,,,,
8910,64,2,0.004353377502411604,,,,
8911,64,2,0.00431237556040287,,,,
8912,64,2,0.004274684935808182,,,,
8913,64,2,0.004491988569498062,,,,
8914,64,2,0.004647078923881054,,,,
8915,64,2,0.003721577813848853,,,,
8916,64,2,0.004362661391496658,,,,
8917,64,2,0.0040899598971009254,,,,
8918,64,2,0.005601146724075079,,,,
8919,64,2,0.00480237603187561,,,,
8920,64,2,0.0051781730726361275,,,,
8921,64,2,0.004126862157136202,,,,
8922,64,2,0.0039479900151491165,,,,
8923,64,2,0.004902076907455921,,,,
8924,64,2,0.004306009970605373,,,,
8925,64,2,0.004131956957280636,,,,
8926,64,2,0.004943837411701679,,,,
8927,64,2,0.003951109945774078,,,,
8928,64,2,0.003574932925403118,,,,
8929,64,2,0.004003523383289576,,,,
8930,64,2,0.004401806741952896,,,,
8931,64,2,0.004270161967724562,,,,
8932,64,2,0.004747611936181784,,,,
8933,64,2,0.0059382072649896145,,,,
8934,64,2,0.004967907443642616,,,,
8935,64,2,0.0047458382323384285,,,,
8936,64,2,0.004354396834969521,,,,
8937,64,2,0.005012894980609417,,,,
8938,64,2,0.0047721704468131065,,,,
8939,64,2,0.004363400395959616,,,,
8940,64,2,0.006107932887971401,,,,
8941,64,2,0.0044263512827456,,,,
8942,64,2,0.004920851439237595,,,,
8943,64,2,0.004860414657741785,,,,
8944,64,2,0.004781221970915794,,,,
8945,64,2,0.005041151773184538,,,,
8946,64,2,0.005310382694005966,,,,
8947,64,2,0.004765285179018974,,,,
8948,64,2,0.005077706184238195,,,,
8949,64,2,0.004794658161699772,,,,
8950,64,2,0.004982211627066135,,,,
8951,64,2,0.005361603572964668,,,,
8952,64,2,0.004028963856399059,,,,
8953,64,2,0.004576539155095816,,,,
8954,64,2,0.004423458129167557,,,,
8955,64,2,0.004818684421479702,,,,
8956,64,2,0.004358592443168163,,,,
8957,64,2,0.004569909535348415,,,,
8958,64,2,0.004251444712281227,,,,
8959,64,2,0.0054524666629731655,,,,
8960,64,2,0.003975511994212866,,,,
8961,64,2,0.004345720633864403,,,,
8962,64,2,0.004800746217370033,,,,
8963,64,2,0.004248585551977158,,,,
8964,64,2,0.00377635657787323,,,,
8965,64,2,0.004971285816282034,,,,
8966,64,2,0.004649655427783728,,,,
8967,64,2,0.005253359209746122,,,,
8968,64,2,0.0044097136706113815,,,,
8969,64,2,0.004693831317126751,,,,
8970,64,2,0.004530985839664936,,,,
8971,64,2,0.004312575329095125,,,,
8972,64,2,0.005277558229863644,,,,
8973,64,2,0.0036743879318237305,,,,
8974,64,2,0.004083017352968454,,,,
8975,64,2,0.005151008255779743,,,,
8976,64,2,0.005146520212292671,,,,
8977,64,2,0.00434515904635191,,,,
8978,64,2,0.0052377693355083466,,,,
8979,64,2,0.005026627331972122,,,,
8980,64,2,0.005848190747201443,,,,
8981,64,2,0.004395846743136644,,,,
8982,64,2,0.004563582129776478,,,,
8983,64,2,0.004976538009941578,,,,
8984,64,2,0.004971236921846867,,,,
8985,64,2,0.00399800855666399,,,,
8986,64,2,0.004516867455095053,,,,
8987,64,2,0.004088724032044411,,,,
8988,64,2,0.005634973756968975,,,,
8989,64,2,0.004096589516848326,,,,
8990,64,2,0.005628753453493118,,,,
8991,64,2,0.004900331608951092,,,,
8992,64,2,0.005500677973031998,,,,
8993,64,2,0.004663866013288498,,,,
8994,64,2,0.0043997494503855705,,,,
8995,64,2,0.004272624384611845,,,,
8996,64,2,0.004467019811272621,,,,
8997,64,2,0.004222640302032232,,,,
8998,64,2,0.004556796047836542,,,,
8999,64,2,0.004908806644380093,,,,
9000,64,2,0.004911847412586212,,0.008380616990294545,0.805747374914005,21.911171151254322
9001,64,2,0.004080020822584629,,,,
9002,64,2,0.005618419032543898,,,,
9003,64,2,0.004307139199227095,,,,
9004,64,2,0.004408171400427818,,,,
9005,64,2,0.0044107213616371155,,,,
9006,64,2,0.005433977581560612,,,,
9007,64,2,0.004207334481179714,,,,
9008,64,2,0.0044018663465976715,,,,
9009,64,2,0.004385904408991337,,,,
9010,64,2,0.005106132477521896,,,,
9011,64,2,0.0035914776381105185,,,,
9012,64,2,0.004824040457606316,,,,
9013,64,2,0.004814282990992069,,,,
9014,64,2,0.004248219076544046,,,,
9015,64,2,0.0053925602696835995,,,,
9016,64,2,0.006223427131772041,,,,
9017,64,2,0.006869754754006863,,,,
9018,64,2,0.0044871242716908455,,,,
9019,64,2,0.005380065646022558,,,,
9020,64,2,0.005915779620409012,,,,
9021,64,2,0.00467259343713522,,,,
9022,64,2,0.005426670890301466,,,,
9023,64,2,0.00479876808822155,,,,
9024,64,2,0.005203627981245518,,,,
9025,64,2,0.004913388751447201,,,,
9026,64,2,0.005299858283251524,,,,
9027,64,2,0.005782320164144039,,,,
9028,64,2,0.004723957274109125,,,,
9029,64,2,0.004116619471460581,,,,
9030,64,2,0.005417576991021633,,,,
9031,64,2,0.004512101411819458,,,,
9032,64,2,0.004637242294847965,,,,
9033,64,2,0.005561944097280502,,,,
9034,64,2,0.0059620076790452,,,,
9035,64,2,0.004007419571280479,,,,
9036,64,2,0.004456804599612951,,,,
9037,64,2,0.003932790365070105,,,,
9038,64,2,0.005702767055481672,,,,
9039,64,2,0.004302721470594406,,,,
9040,64,2,0.004010173957794905,,,,
9041,64,2,0.005272563546895981,,,,
9042,64,2,0.004863575100898743,,,,
9043,64,2,0.004071194212883711,,,,
9044,64,2,0.004168519750237465,,,,
9045,64,2,0.0052030328661203384,,,,
9046,64,2,0.004831863567233086,,,,
9047,64,2,0.004376489669084549,,,,
9048,64,2,0.004574383143335581,,,,
9049,64,2,0.004587906412780285,,,,
9050,64,2,0.0059724729508161545,,,,
9051,64,2,0.005193097051233053,,,,
9052,64,2,0.004983739927411079,,,,
9053,64,2,0.005343887489289045,,,,
9054,64,2,0.005320408381521702,,,,
9055,64,2,0.004591436590999365,,,,
9056,64,2,0.006480259820818901,,,,
9057,64,2,0.004988652653992176,,,,
9058,64,2,0.00633807061240077,,,,
9059,64,2,0.004864083603024483,,,,
9060,64,2,0.005076497793197632,,,,
9061,64,2,0.004364583641290665,,,,
9062,64,2,0.0053583113476634026,,,,
9063,64,2,0.0048248907551169395,,,,
9064,64,2,0.004439244512468576,,,,
9065,64,2,0.004993389826267958,,,,
9066,64,2,0.00555909238755703,,,,
9067,64,2,0.0044555263593792915,,,,
9068,64,2,0.004514115862548351,,,,
9069,64,2,0.005436502397060394,,,,
9070,64,2,0.0035419482737779617,,,,
9071,64,2,0.005104968324303627,,,,
9072,64,2,0.004773358348757029,,,,
9073,64,2,0.0059743039309978485,,,,
9074,64,2,0.004392605274915695,,,,
9075,64,2,0.004694278351962566,,,,
9076,64,2,0.004854715429246426,,,,
9077,64,2,0.005133672617375851,,,,
9078,64,2,0.005063268356025219,,,,
9079,64,2,0.004555334337055683,,,,
9080,64,2,0.004366093780845404,,,,
9081,64,2,0.0045741950161755085,,,,
9082,64,2,0.004338829778134823,,,,
9083,64,2,0.004244707524776459,,,,
9084,64,2,0.0038882370572537184,,,,
9085,64,2,0.005056665278971195,,,,
9086,64,2,0.00501396507024765,,,,
9087,64,2,0.004690400790423155,,,,
9088,64,2,0.003973924554884434,,,,
9089,64,2,0.0051317098550498486,,,,
9090,64,2,0.005065228324383497,,,,
9091,64,2,0.005469135008752346,,,,
9092,64,2,0.004380420316010714,,,,
9093,64,2,0.0043935938738286495,,,,
9094,64,2,0.005631586071103811,,,,
9095,64,2,0.004361928440630436,,,,
9096,64,2,0.0044654058292508125,,,,
9097,64,2,0.004069432616233826,,,,
9098,64,2,0.005116301588714123,,,,
9099,64,2,0.0042608343064785,,,,
9100,64,2,0.003881606040522456,,,,
9101,64,2,0.0042318906635046005,,,,
9102,64,2,0.004548860713839531,,,,
9103,64,2,0.004933801479637623,,,,
9104,64,2,0.003682265756651759,,,,
9105,64,2,0.004537829197943211,,,,
9106,64,2,0.004843182861804962,,,,
9107,64,2,0.004288757219910622,,,,
9108,64,2,0.004760912619531155,,,,
9109,64,2,0.003880361095070839,,,,
9110,64,2,0.004667786881327629,,,,
9111,64,2,0.004879966378211975,,,,
9112,64,2,0.004720327444374561,,,,
9113,64,2,0.00411584647372365,,,,
9114,64,2,0.004709778353571892,,,,
9115,64,2,0.0040735285729169846,,,,
9116,64,2,0.004092046990990639,,,,
9117,64,2,0.004938480909913778,,,,
9118,64,2,0.00423206714913249,,,,
9119,64,2,0.004359346814453602,,,,
9120,64,2,0.0043089622631669044,,,,
9121,64,2,0.004324324429035187,,,,
9122,64,2,0.004245356656610966,,,,
9123,64,2,0.005022680386900902,,,,
9124,64,2,0.005032514687627554,,,,
9125,64,2,0.004383374936878681,,,,
9126,64,2,0.004535268992185593,,,,
9127,64,2,0.003898817580193281,,,,
9128,64,2,0.004146405961364508,,,,
9129,64,2,0.004211668390780687,,,,
9130,64,2,0.004088643006980419,,,,
9131,64,2,0.004095322452485561,,,,
9132,64,2,0.004209373611956835,,,,
9133,64,2,0.003955056890845299,,,,
9134,64,2,0.004905933514237404,,,,
9135,64,2,0.004595540929585695,,,,
9136,64,2,0.004635408986359835,,,,
9137,64,2,0.004466327838599682,,,,
9138,64,2,0.004109715111553669,,,,
9139,64,2,0.0046110376715660095,,,,
9140,64,2,0.004439455457031727,,,,
9141,64,2,0.0054575977846980095,,,,
9142,64,2,0.004376207012683153,,,,
9143,64,2,0.0038828446995466948,,,,
9144,64,2,0.005310719832777977,,,,
9145,64,2,0.0039206212386488914,,,,
9146,64,2,0.005647926591336727,,,,
9147,64,2,0.004676944576203823,,,,
9148,64,2,0.005557830911129713,,,,
9149,64,2,0.004966152831912041,,,,
9150,64,2,0.0044003939256072044,,,,
9151,64,2,0.004471581894904375,,,,
9152,64,2,0.004450351931154728,,,,
9153,64,2,0.0057274699211120605,,,,
9154,64,2,0.006260513328015804,,,,
9155,64,2,0.004183573182672262,,,,
9156,64,2,0.004355994518846273,,,,
9157,64,2,0.006186270620673895,,,,
9158,64,2,0.00504318717867136,,,,
9159,64,2,0.00547385960817337,,,,
9160,64,2,0.004271780140697956,,,,
9161,64,2,0.005012492649257183,,,,
9162,64,2,0.003893723711371422,,,,
9163,64,2,0.006044354289770126,,,,
9164,64,2,0.00455269031226635,,,,
9165,64,2,0.004998486489057541,,,,
9166,64,2,0.004826012067496777,,,,
9167,64,2,0.004467623308300972,,,,
9168,64,2,0.004880520515143871,,,,
9169,64,2,0.0038100320380181074,,,,
9170,64,2,0.004776915069669485,,,,
9171,64,2,0.005654620938003063,,,,
9172,64,2,0.004252228420227766,,,,
9173,64,2,0.0074786595068871975,,,,
9174,64,2,0.004043103661388159,,,,
9175,64,2,0.004985929932445288,,,,
9176,64,2,0.005043328739702702,,,,
9177,64,2,0.00446475762873888,,,,
9178,64,2,0.004141682293266058,,,,
9179,64,2,0.004773514345288277,,,,
9180,64,2,0.0038138951640576124,,,,
9181,64,2,0.005174161400645971,,,,
9182,64,2,0.004097132943570614,,,,
9183,64,2,0.005005077458918095,,,,
9184,64,2,0.004215190187096596,,,,
9185,64,2,0.004371532239019871,,,,
9186,64,2,0.004399956203997135,,,,
9187,64,2,0.006073933094739914,,,,
9188,64,2,0.00538407638669014,,,,
9189,64,2,0.004469015635550022,,,,
9190,64,2,0.00444410927593708,,,,
9191,64,2,0.0043853577226400375,,,,
9192,64,2,0.004422714933753014,,,,
9193,64,2,0.004414550960063934,,,,
9194,64,2,0.004912390373647213,,,,
9195,64,2,0.004533363040536642,,,,
9196,64,2,0.005004802253097296,,,,
9197,64,2,0.004637646488845348,,,,
9198,64,2,0.004524318501353264,,,,
9199,64,2,0.00387542019598186,,,,
9200,64,2,0.004401838406920433,,,,
9201,64,2,0.003730194643139839,,,,
9202,64,2,0.004916810430586338,,,,
9203,64,2,0.00469188392162323,,,,
9204,64,2,0.004914795979857445,,,,
9205,64,2,0.004493160173296928,,,,
9206,64,2,0.003783879801630974,,,,
9207,64,2,0.004634974058717489,,,,
9208,64,2,0.0036361124366521835,,,,
9209,64,2,0.004507928155362606,,,,
9210,64,2,0.004056980833411217,,,,
9211,64,2,0.00435219332575798,,,,
9212,64,2,0.0038314545527100563,,,,
9213,64,2,0.004661609418690205,,,,
9214,64,2,0.004691407084465027,,,,
9215,64,2,0.004266068339347839,,,,
9216,64,2,0.0049772365018725395,,,,
9217,64,2,0.004711946472525597,,,,
9218,64,2,0.00425675418227911,,,,
9219,64,2,0.005790374241769314,,,,
9220,64,2,0.005269195418804884,,,,
9221,64,2,0.005547559820115566,,,,
9222,64,2,0.0038222752045840025,,,,
9223,64,2,0.003941609524190426,,,,
9224,64,2,0.005045263096690178,,,,
9225,64,2,0.0042688860557973385,,,,
9226,64,2,0.004502752795815468,,,,
9227,64,2,0.0041685691103339195,,,,
9228,64,2,0.004237141460180283,,,,
9229,64,2,0.004295214079320431,,,,
9230,64,2,0.0038972317706793547,,,,
9231,64,2,0.004693792201578617,,,,
9232,64,2,0.005082189105451107,,,,
9233,64,2,0.004666885361075401,,,,
9234,64,2,0.00476893549785018,,,,
9235,64,2,0.005374695174396038,,,,
9236,64,2,0.004413648042827845,,,,
9237,64,2,0.004273391328752041,,,,
9238,64,2,0.004205859731882811,,,,
9239,64,2,0.0037387150805443525,,,,
9240,64,2,0.003911483101546764,,,,
9241,64,2,0.004054843448102474,,,,
9242,64,2,0.004917909391224384,,,,
9243,64,2,0.004508215468376875,,,,
9244,64,2,0.005312077235430479,,,,
9245,64,2,0.004023911897093058,,,,
9246,64,2,0.003859815653413534,,,,
9247,64,2,0.00390910729765892,,,,
9248,64,2,0.006056436337530613,,,,
9249,64,2,0.0036008525639772415,,,,
9250,64,2,0.0067049665376544,,,,
9251,64,2,0.005258437246084213,,,,
9252,64,2,0.004483713768422604,,,,
9253,64,2,0.004965992644429207,,,,
9254,64,2,0.005850070156157017,,,,
9255,64,2,0.004499371629208326,,,,
9256,64,2,0.004522837698459625,,,,
9257,64,2,0.004432993941009045,,,,
9258,64,2,0.0051045543514192104,,,,
9259,64,2,0.004075448028743267,,,,
9260,64,2,0.00536017632111907,,,,
9261,64,2,0.004948141984641552,,,,
9262,64,2,0.004506200551986694,,,,
9263,64,2,0.003823707578703761,,,,
9264,64,2,0.0043119327165186405,,,,
9265,64,2,0.0042511289939284325,,,,
9266,64,2,0.004306444898247719,,,,
9267,64,2,0.0038969204761087894,,,,
9268,64,2,0.004473121836781502,,,,
9269,64,2,0.005274656228721142,,,,
9270,64,2,0.003963061608374119,,,,
9271,64,2,0.003997287712991238,,,,
9272,64,2,0.004707104992121458,,,,
9273,64,2,0.004423385486006737,,,,
9274,64,2,0.003435807768255472,,,,
9275,64,2,0.005226280074566603,,,,
9276,64,2,0.004034892655909061,,,,
9277,64,2,0.004285071976482868,,,,
9278,64,2,0.004662181716412306,,,,
9279,64,2,0.005062025971710682,,,,
9280,64,2,0.0036557100247591734,,,,
9281,64,2,0.0040378086268901825,,,,
9282,64,2,0.003875757334753871,,,,
9283,64,2,0.0048699043691158295,,,,
9284,64,2,0.004578789696097374,,,,
9285,64,2,0.004015149082988501,,,,
9286,64,2,0.0043813991360366344,,,,
9287,64,2,0.005234982818365097,,,,
9288,64,2,0.004408351611346006,,,,
9289,64,2,0.0046620420180261135,,,,
9290,64,2,0.005122086964547634,,,,
9291,64,2,0.005236765369772911,,,,
9292,64,2,0.003917465917766094,,,,
9293,64,2,0.004025147296488285,,,,
9294,64,2,0.004278901033103466,,,,
9295,64,2,0.004155246075242758,,,,
9296,64,2,0.005074863322079182,,,,
9297,64,2,0.004052048083394766,,,,
9298,64,2,0.00411968445405364,,,,
9299,64,2,0.004218481481075287,,,,
9300,64,2,0.004519573412835598,,,,
9301,64,2,0.004658311605453491,,,,
9302,64,2,0.005794510245323181,,,,
9303,64,2,0.004389602225273848,,,,
9304,64,2,0.004448320250958204,,,,
9305,64,2,0.0042884680442512035,,,,
9306,64,2,0.004310617223381996,,,,
9307,64,2,0.004248622804880142,,,,
9308,64,2,0.003223264589905739,,,,
9309,64,2,0.004396504256874323,,,,
9310,64,2,0.005363045260310173,,,,
9311,64,2,0.00474427780136466,,,,
9312,64,2,0.004452723544090986,,,,
9313,64,2,0.0059640295803546906,,,,
9314,64,2,0.0038764323107898235,,,,
9315,64,2,0.004108495078980923,,,,
9316,64,2,0.004501370247453451,,,,
9317,64,2,0.004208517260849476,,,,
9318,64,2,0.005753368139266968,,,,
9319,64,2,0.004373609088361263,,,,
9320,64,2,0.004102320875972509,,,,
9321,64,2,0.0037606549449265003,,,,
9322,64,2,0.004063465632498264,,,,
9323,64,2,0.003639461239799857,,,,
9324,64,2,0.004507593344897032,,,,
9325,64,2,0.0037546770181506872,,,,
9326,64,2,0.004473244305700064,,,,
9327,64,2,0.004266475792974234,,,,
9328,64,2,0.004180943593382835,,,,
9329,64,2,0.00359725346788764,,,,
9330,64,2,0.0044959536753594875,,,,
9331,64,2,0.004126342944800854,,,,
9332,64,2,0.0057885851711034775,,,,
9333,64,2,0.005410989746451378,,,,
9334,64,2,0.004468205850571394,,,,
9335,64,2,0.00386769138276577,,,,
9336,64,2,0.00534684956073761,,,,
9337,64,2,0.004939873702824116,,,,
9338,64,2,0.004122755024582148,,,,
9339,64,2,0.0043787225149571896,,,,
9340,64,2,0.005692053120583296,,,,
9341,64,2,0.004870784003287554,,,,
9342,64,2,0.004118635784834623,,,,
9343,64,2,0.004972516559064388,,,,
9344,64,2,0.00519095454365015,,,,
9345,64,2,0.004900313913822174,,,,
9346,64,2,0.00430998345836997,,,,
9347,64,2,0.004339776001870632,,,,
9348,64,2,0.0041337814182043076,,,,
9349,64,2,0.004464080091565847,,,,
9350,64,2,0.004409093875437975,,,,
9351,64,2,0.004070566035807133,,,,
9352,64,2,0.004055910278111696,,,,
9353,64,2,0.004581442102789879,,,,
9354,64,2,0.004207228776067495,,,,
9355,64,2,0.0046355510130524635,,,,
9356,64,2,0.00407129293307662,,,,
9357,64,2,0.0045214309357106686,,,,
9358,64,2,0.004679928068071604,,,,
9359,64,2,0.004121565259993076,,,,
9360,64,2,0.0045599183067679405,,,,
9361,64,2,0.0036514054518193007,,,,
9362,64,2,0.0037071078550070524,,,,
9363,64,2,0.004336051642894745,,,,
9364,64,2,0.004925936460494995,,,,
9365,64,2,0.004021824803203344,,,,
9366,64,2,0.0040953936986625195,,,,
9367,64,2,0.005212440155446529,,,,
9368,64,2,0.004675043746829033,,,,
9369,64,2,0.004246618133038282,,,,
9370,64,2,0.0036856625229120255,,,,
9371,64,2,0.00581652857363224,,,,
9372,64,2,0.005377096589654684,,,,
9373,64,2,0.00502853374928236,,,,
9374,64,2,0.004288886673748493,,,,
9375,64,2,0.004768023267388344,,,,
9376,64,2,0.005162105895578861,,,,
9377,64,2,0.004527649842202663,,,,
9378,64,2,0.004020313732326031,,,,
9379,64,2,0.004356748424470425,,,,
9380,64,2,0.003625926561653614,,,,
9381,64,2,0.0036796401254832745,,,,
9382,64,2,0.004350437317043543,,,,
9383,64,2,0.0045921336859464645,,,,
9384,64,2,0.004741271026432514,,,,
9385,64,2,0.004117153584957123,,,,
9386,64,2,0.004493881948292255,,,,
9387,64,2,0.005715304519981146,,,,
9388,64,2,0.004327175673097372,,,,
9389,64,2,0.004325644578784704,,,,
9390,64,2,0.005141175352036953,,,,
9391,64,2,0.0049550896510481834,,,,
9392,64,2,0.004490040708333254,,,,
9393,64,2,0.004471193067729473,,,,
9394,64,2,0.004262376111000776,,,,
9395,64,2,0.0038878656923770905,,,,
9396,64,2,0.0038158316165208817,,,,
9397,64,2,0.004738039802759886,,,,
9398,64,2,0.004178844392299652,,,,
9399,64,2,0.004980073776096106,,,,
9400,64,2,0.004542779177427292,,,,
9401,64,2,0.0042505646124482155,,,,
9402,64,2,0.0034581765066832304,,,,
9403,64,2,0.003460958134382963,,,,
9404,64,2,0.004193616099655628,,,,
9405,64,2,0.0052610402926802635,,,,
9406,64,2,0.00414954824373126,,,,
9407,64,2,0.004223385825753212,,,,
9408,64,2,0.0034398098941892385,,,,
9409,64,2,0.004268968012183905,,,,
9410,64,2,0.004320462234318256,,,,
9411,64,2,0.004448522347956896,,,,
9412,64,2,0.004292527679353952,,,,
9413,64,2,0.00431684497743845,,,,
9414,64,2,0.0036720773205161095,,,,
9415,64,2,0.004731741268187761,,,,
9416,64,2,0.004249973688274622,,,,
9417,64,2,0.0047658346593379974,,,,
9418,64,2,0.004227969329804182,,,,
9419,64,2,0.003516996279358864,,,,
9420,64,2,0.004420844838023186,,,,
9421,64,2,0.005240085534751415,,,,
9422,64,2,0.004427928477525711,,,,
9423,64,2,0.004222502466291189,,,,
9424,64,2,0.004537997767329216,,,,
9425,64,2,0.0036681117489933968,,,,
9426,64,2,0.004417323507368565,,,,
9427,64,2,0.004722402431070805,,,,
9428,64,2,0.0040299175307154655,,,,
9429,64,2,0.004278515465557575,,,,
9430,64,2,0.0038449466228485107,,,,
9431,64,2,0.004134255461394787,,,,
9432,64,2,0.004955282900482416,,,,
9433,64,2,0.0043992288410663605,,,,
9434,64,2,0.004275679588317871,,,,
9435,64,2,0.003923223353922367,,,,
9436,64,2,0.004237079061567783,,,,
9437,64,2,0.005145963281393051,,,,
9438,64,2,0.0036727653350681067,,,,
9439,64,2,0.00413191132247448,,,,
9440,64,2,0.004487380851060152,,,,
9441,64,2,0.003911358304321766,,,,
9442,64,2,0.004226114600896835,,,,
9443,64,2,0.003689523320645094,,,,
9444,64,2,0.00442240945994854,,,,
9445,64,2,0.004634128883481026,,,,
9446,64,2,0.003793745767325163,,,,
9447,64,2,0.004382307641208172,,,,
9448,64,2,0.00403999350965023,,,,
9449,64,2,0.004442504607141018,,,,
9450,64,2,0.005357326939702034,,,,
9451,64,2,0.003755427896976471,,,,
9452,64,2,0.0053542545065283775,,,,
9453,64,2,0.0050919512286782265,,,,
9454,64,2,0.0038083912804722786,,,,
9455,64,2,0.005018808878958225,,,,
9456,64,2,0.004236754961311817,,,,
9457,64,2,0.004296722821891308,,,,
9458,64,2,0.004583986010402441,,,,
9459,64,2,0.0038795273285359144,,,,
9460,64,2,0.004482130985707045,,,,
9461,64,2,0.004672856070101261,,,,
9462,64,2,0.00482272170484066,,,,
9463,64,2,0.00511594396084547,,,,
9464,64,2,0.004517409019172192,,,,
9465,64,2,0.004209982231259346,,,,
9466,64,2,0.004266440402716398,,,,
9467,64,2,0.0048735784366726875,,,,
9468,64,2,0.004396715667098761,,,,
9469,64,2,0.004234864376485348,,,,
9470,64,2,0.004476932808756828,,,,
9471,64,2,0.004015389364212751,,,,
9472,64,2,0.00446115480735898,,,,
9473,64,2,0.004770785570144653,,,,
9474,64,2,0.005514110904186964,,,,
9475,64,2,0.004479255061596632,,,,
9476,64,2,0.00511525385081768,,,,
9477,64,2,0.0048355599865317345,,,,
9478,64,2,0.00443316949531436,,,,
9479,64,2,0.006051934324204922,,,,
9480,64,2,0.005662733223289251,,,,
9481,64,2,0.004237214103341103,,,,
9482,64,2,0.004834942519664764,,,,
9483,64,2,0.004008646123111248,,,,
9484,64,2,0.004718851763755083,,,,
9485,64,2,0.004213610198348761,,,,
9486,64,2,0.005683681927621365,,,,
9487,64,2,0.00410336023196578,,,,
9488,64,2,0.0046342890709638596,,,,
9489,64,2,0.004233881365507841,,,,
9490,64,2,0.004105769097805023,,,,
9491,64,2,0.0037699900567531586,,,,
9492,64,2,0.004290412180125713,,,,
9493,64,2,0.004794234409928322,,,,
9494,64,2,0.004421604797244072,,,,
9495,64,2,0.004088453017175198,,,,
9496,64,2,0.005180420354008675,,,,
9497,64,2,0.004531283862888813,,,,
9498,64,2,0.004819617141038179,,,,
9499,64,2,0.005371488630771637,,,,
9500,64,2,0.006217127200216055,,,,
9501,64,2,0.0042017800733447075,,,,
9502,64,2,0.0040804119780659676,,,,
9503,64,2,0.0045488071627914906,,,,
9504,64,2,0.005025049205869436,,,,
9505,64,2,0.005298415198922157,,,,
9506,64,2,0.005213060881942511,,,,
9507,64,2,0.0054837791249156,,,,
9508,64,2,0.005661483854055405,,,,
9509,64,2,0.004075377713888884,,,,
9510,64,2,0.005762684158980846,,,,
9511,64,2,0.005589354317635298,,,,
9512,64,2,0.00421546958386898,,,,
9513,64,2,0.00387968379072845,,,,
9514,64,2,0.005697459913790226,,,,
9515,64,2,0.0039238091558218,,,,
9516,64,2,0.004513431340456009,,,,
9517,64,2,0.004270615521818399,,,,
9518,64,2,0.0035887628328055143,,,,
9519,64,2,0.004621908999979496,,,,
9520,64,2,0.004361649509519339,,,,
9521,64,2,0.005527794361114502,,,,
9522,64,2,0.0049720266833901405,,,,
9523,64,2,0.005237940698862076,,,,
9524,64,2,0.0047913808375597,,,,
9525,64,2,0.00444668298587203,,,,
9526,64,2,0.004552239552140236,,,,
9527,64,2,0.00455715274438262,,,,
9528,64,2,0.004168364219367504,,,,
9529,64,2,0.004353133495897055,,,,
9530,64,2,0.00454937107861042,,,,
9531,64,2,0.004135265946388245,,,,
9532,64,2,0.004019363783299923,,,,
9533,64,2,0.004286652430891991,,,,
9534,64,2,0.0037321762647479773,,,,
9535,64,2,0.004296948201954365,,,,
9536,64,2,0.004830141551792622,,,,
9537,64,2,0.004447965882718563,,,,
9538,64,2,0.004604146350175142,,,,
9539,64,2,0.0046446193009614944,,,,
9540,64,2,0.004335823468863964,,,,
9541,64,2,0.0037577059119939804,,,,
9542,64,2,0.0049922894686460495,,,,
9543,64,2,0.004742594435811043,,,,
9544,64,2,0.004537438973784447,,,,
9545,64,2,0.004926603753119707,,,,
9546,64,2,0.004834713414311409,,,,
9547,64,2,0.004788955207914114,,,,
9548,64,2,0.003959110006690025,,,,
9549,64,2,0.0036463281139731407,,,,
9550,64,2,0.004828461911529303,,,,
9551,64,2,0.003923147916793823,,,,
9552,64,2,0.005487525369971991,,,,
9553,64,2,0.0038171610794961452,,,,
9554,64,2,0.003961227834224701,,,,
9555,64,2,0.004271264653652906,,,,
9556,64,2,0.0044827512465417385,,,,
9557,64,2,0.004393774084746838,,,,
9558,64,2,0.005027738865464926,,,,
9559,64,2,0.004567618947476149,,,,
9560,64,2,0.004264101851731539,,,,
9561,64,2,0.00439004460349679,,,,
9562,64,2,0.004732490982860327,,,,
9563,64,2,0.004131435416638851,,,,
9564,64,2,0.0045100729912519455,,,,
9565,64,2,0.004112539812922478,,,,
9566,64,2,0.004403919912874699,,,,
9567,64,2,0.004954641684889793,,,,
9568,64,2,0.0036814562045037746,,,,
9569,64,2,0.0041000498458743095,,,,
9570,64,2,0.004362695384770632,,,,
9571,64,2,0.0035830922424793243,,,,
9572,64,2,0.0050856973975896835,,,,
9573,64,2,0.004139840602874756,,,,
9574,64,2,0.0044236998073756695,,,,
9575,64,2,0.004339316859841347,,,,
9576,64,2,0.003939919173717499,,,,
9577,64,2,0.0035818633623421192,,,,
9578,64,2,0.003921043127775192,,,,
9579,64,2,0.004313272889703512,,,,
9580,64,2,0.004282496869564056,,,,
9581,64,2,0.004768121521919966,,,,
9582,64,2,0.003751792013645172,,,,
9583,64,2,0.00398388784378767,,,,
9584,64,2,0.004805821925401688,,,,
9585,64,2,0.005597558803856373,,,,
9586,64,2,0.0037825440522283316,,,,
9587,64,2,0.003981000743806362,,,,
9588,64,2,0.0039817774668335915,,,,
9589,64,2,0.004223689436912537,,,,
9590,64,2,0.004195771180093288,,,,
9591,64,2,0.0047727180644869804,,,,
9592,64,2,0.0037585380487143993,,,,
9593,64,2,0.0045731570571660995,,,,
9594,64,2,0.004655266646295786,,,,
9595,64,2,0.004367816261947155,,,,
9596,64,2,0.003760639112442732,,,,
9597,64,2,0.006280543282628059,,,,
9598,64,2,0.004253124352544546,,,,
9599,64,2,0.004296059720218182,,,,
9600,64,2,0.004876128863543272,,,,
9601,64,2,0.0055373720824718475,,,,
9602,64,2,0.004994699265807867,,,,
9603,64,2,0.004693341441452503,,,,
9604,64,2,0.004604274872690439,,,,
9605,64,2,0.00418583769351244,,,,
9606,64,2,0.004547193646430969,,,,
9607,64,2,0.005355722736567259,,,,
9608,64,2,0.004368994385004044,,,,
9609,64,2,0.003913724794983864,,,,
9610,64,2,0.00511050783097744,,,,
9611,64,2,0.0038733049295842648,,,,
9612,64,2,0.0037134368903934956,,,,
9613,64,2,0.004263430833816528,,,,
9614,64,2,0.003751056967303157,,,,
9615,64,2,0.004108676686882973,,,,
9616,64,2,0.003967964556068182,,,,
9617,64,2,0.0050879474729299545,,,,
9618,64,2,0.004648040048778057,,,,
9619,64,2,0.003902699798345566,,,,
9620,64,2,0.004264375194907188,,,,
9621,64,2,0.0049277665093541145,,,,
9622,64,2,0.004679996520280838,,,,
9623,64,2,0.0050353058613836765,,,,
9624,64,2,0.004305530339479446,,,,
9625,64,2,0.00372710800729692,,,,
9626,64,2,0.004692596383392811,,,,
9627,64,2,0.0037351080682128668,,,,
9628,64,2,0.004854646977037191,,,,
9629,64,2,0.003934901207685471,,,,
9630,64,2,0.004263576585799456,,,,
9631,64,2,0.004468922503292561,,,,
9632,64,2,0.004081371705979109,,,,
9633,64,2,0.0038391989655792713,,,,
9634,64,2,0.003841312602162361,,,,
9635,64,2,0.004182321485131979,,,,
9636,64,2,0.0037471242249011993,,,,
9637,64,2,0.004539359360933304,,,,
9638,64,2,0.0039820061065256596,,,,
9639,64,2,0.004019454587250948,,,,
9640,64,2,0.004185415804386139,,,,
9641,64,2,0.004423539154231548,,,,
9642,64,2,0.003851107321679592,,,,
9643,64,2,0.004325046204030514,,,,
9644,64,2,0.004197482485324144,,,,
9645,64,2,0.0038700923323631287,,,,
9646,64,2,0.004643952939659357,,,,
9647,64,2,0.004948222078382969,,,,
9648,64,2,0.004590964410454035,,,,
9649,64,2,0.003995767794549465,,,,
9650,64,2,0.004108579829335213,,,,
9651,64,2,0.004620633088052273,,,,
9652,64,2,0.0041694967076182365,,,,
9653,64,2,0.004233669489622116,,,,
9654,64,2,0.00447698961943388,,,,
9655,64,2,0.0041923560202121735,,,,
9656,64,2,0.004264300689101219,,,,
9657,64,2,0.004194958135485649,,,,
9658,64,2,0.0040132817812263966,,,,
9659,64,2,0.004023517481982708,,,,
9660,64,2,0.005134950391948223,,,,
9661,64,2,0.004232329316437244,,,,
9662,64,2,0.004098448436707258,,,,
9663,64,2,0.0036612413823604584,,,,
9664,64,2,0.004266561008989811,,,,
9665,64,2,0.004702660255134106,,,,
9666,64,2,0.004799758084118366,,,,
9667,64,2,0.00535575021058321,,,,
9668,64,2,0.004668674897402525,,,,
9669,64,2,0.004410229157656431,,,,
9670,64,2,0.004252084530889988,,,,
9671,64,2,0.00435435539111495,,,,
9672,64,2,0.004238254390656948,,,,
9673,64,2,0.00560507457703352,,,,
9674,64,2,0.004402665887027979,,,,
9675,64,2,0.005352180451154709,,,,
9676,64,2,0.0044409846886992455,,,,
9677,64,2,0.004761217162013054,,,,
9678,64,2,0.0043548704124987125,,,,
9679,64,2,0.004089233465492725,,,,
9680,64,2,0.004161474760621786,,,,
9681,64,2,0.004406149499118328,,,,
9682,64,2,0.003863660153001547,,,,
9683,64,2,0.004554116167128086,,,,
9684,64,2,0.005109086632728577,,,,
9685,64,2,0.0048125688917934895,,,,
9686,64,2,0.0037262996193021536,,,,
9687,64,2,0.004076383076608181,,,,
9688,64,2,0.004802660085260868,,,,
9689,64,2,0.004002581816166639,,,,
9690,64,2,0.004354260396212339,,,,
9691,64,2,0.004278796724975109,,,,
9692,64,2,0.00416323309764266,,,,
9693,64,2,0.004655354656279087,,,,
9694,64,2,0.004945667460560799,,,,
9695,64,2,0.005355853587388992,,,,
9696,64,2,0.004525071941316128,,,,
9697,64,2,0.005253051407635212,,,,
9698,64,2,0.005159900523722172,,,,
9699,64,2,0.005074948072433472,,,,
9700,64,2,0.004826899617910385,,,,
9701,64,2,0.004413270857185125,,,,
9702,64,2,0.004722214303910732,,,,
9703,64,2,0.005795364733785391,,,,
9704,64,2,0.004004792310297489,,,,
9705,64,2,0.005507135298103094,,,,
9706,64,2,0.003915413282811642,,,,
9707,64,2,0.004925164394080639,,,,
9708,64,2,0.004577115643769503,,,,
9709,64,2,0.00428499560803175,,,,
9710,64,2,0.005382809787988663,,,,
9711,64,2,0.0046920133754611015,,,,
9712,64,2,0.0038306922651827335,,,,
9713,64,2,0.004085750784724951,,,,
9714,64,2,0.004417396616190672,,,,
9715,64,2,0.00417316472157836,,,,
9716,64,2,0.005825511645525694,,,,
9717,64,2,0.004514323081821203,,,,
9718,64,2,0.004118280950933695,,,,
9719,64,2,0.0037672296166419983,,,,
9720,64,2,0.004424737766385078,,,,
9721,64,2,0.004152367357164621,,,,
9722,64,2,0.0036930046044290066,,,,
9723,64,2,0.004761063493788242,,,,
9724,64,2,0.004021546803414822,,,,
9725,64,2,0.004663628991693258,,,,
9726,64,2,0.004379266873002052,,,,
9727,64,2,0.004810074344277382,,,,
9728,64,2,0.004496648442000151,,,,
9729,64,2,0.004810276906937361,,,,
9730,64,2,0.005261309444904327,,,,
9731,64,2,0.004491881933063269,,,,
9732,64,2,0.00373372295871377,,,,
9733,64,2,0.004096433520317078,,,,
9734,64,2,0.005549278110265732,,,,
9735,64,2,0.004160374402999878,,,,
9736,64,2,0.004947366192936897,,,,
9737,64,2,0.005507905036211014,,,,
9738,64,2,0.004112148657441139,,,,
9739,64,2,0.005513510666787624,,,,
9740,64,2,0.004680307116359472,,,,
9741,64,2,0.0039537213742733,,,,
9742,64,2,0.004263164009898901,,,,
9743,64,2,0.005021459888666868,,,,
9744,64,2,0.00415285537019372,,,,
9745,64,2,0.004405739717185497,,,,
9746,64,2,0.004997448064386845,,,,
9747,64,2,0.004614708479493856,,,,
9748,64,2,0.00412499625235796,,,,
9749,64,2,0.004087086766958237,,,,
9750,64,2,0.003792267059907317,,,,
9751,64,2,0.004548078402876854,,,,
9752,64,2,0.003892576089128852,,,,
9753,64,2,0.0039027403108775616,,,,
9754,64,2,0.005449253134429455,,,,
9755,64,2,0.005844563245773315,,,,
9756,64,2,0.005443274974822998,,,,
9757,64,2,0.004609555937349796,,,,
9758,64,2,0.0054470389150083065,,,,
9759,64,2,0.003905771067366004,,,,
9760,64,2,0.00531979463994503,,,,
9761,64,2,0.004050310701131821,,,,
9762,64,2,0.003996202256530523,,,,
9763,64,2,0.005555612500756979,,,,
9764,64,2,0.00486892880871892,,,,
9765,64,2,0.00455926638096571,,,,
9766,64,2,0.004676466342061758,,,,
9767,64,2,0.005120722111314535,,,,
9768,64,2,0.005600718781352043,,,,
9769,64,2,0.005414774641394615,,,,
9770,64,2,0.004846541211009026,,,,
9771,64,2,0.005084299482405186,,,,
9772,64,2,0.00382687384262681,,,,
9773,64,2,0.004479140974581242,,,,
9774,64,2,0.005712052341550589,,,,
9775,64,2,0.004024868831038475,,,,
9776,64,2,0.004214958753436804,,,,
9777,64,2,0.004085720982402563,,,,
9778,64,2,0.004550495184957981,,,,
9779,64,2,0.003887354163452983,,,,
9780,64,2,0.0038812453858554363,,,,
9781,64,2,0.0042151520028710365,,,,
9782,64,2,0.003640491049736738,,,,
9783,64,2,0.004492916166782379,,,,
9784,64,2,0.0045126755721867085,,,,
9785,64,2,0.004862003028392792,,,,
9786,64,2,0.003839056473225355,,,,
9787,64,2,0.0050323703326284885,,,,
9788,64,2,0.004385759122669697,,,,
9789,64,2,0.004296083003282547,,,,
9790,64,2,0.004345700144767761,,,,
9791,64,2,0.0047359345480799675,,,,
9792,64,2,0.0038754581473767757,,,,
9793,64,2,0.003861828474327922,,,,
9794,64,2,0.004240704700350761,,,,
9795,64,2,0.00490238331258297,,,,
9796,64,2,0.003523516934365034,,,,
9797,64,2,0.004561735317111015,,,,
9798,64,2,0.004476035945117474,,,,
9799,64,2,0.004100870806723833,,,,
9800,64,2,0.005841333419084549,,,,
9801,64,2,0.0042478772811591625,,,,
9802,64,2,0.003931079059839249,,,,
9803,64,2,0.004152439534664154,,,,
9804,64,2,0.003710548859089613,,,,
9805,64,2,0.004244319628924131,,,,
9806,64,2,0.0031501182820647955,,,,
9807,64,2,0.003932586405426264,,,,
9808,64,2,0.004125639330595732,,,,
9809,64,2,0.004696955904364586,,,,
9810,64,2,0.003834344446659088,,,,
9811,64,2,0.0039744265377521515,,,,
9812,64,2,0.004972999915480614,,,,
9813,64,2,0.004366722889244556,,,,
9814,64,2,0.004281334578990936,,,,
9815,64,2,0.0036472463980317116,,,,
9816,64,2,0.005458923988044262,,,,
9817,64,2,0.003953086212277412,,,,
9818,64,2,0.0051235780119895935,,,,
9819,64,2,0.004413818009197712,,,,
9820,64,2,0.004299783147871494,,,,
9821,64,2,0.00420127809047699,,,,
9822,64,2,0.004049676936119795,,,,
9823,64,2,0.004404502920806408,,,,
9824,64,2,0.0042009237222373486,,,,
9825,64,2,0.005154330283403397,,,,
9826,64,2,0.004681586287915707,,,,
9827,64,2,0.004171534441411495,,,,
9828,64,2,0.005787838250398636,,,,
9829,64,2,0.0047391969710588455,,,,
9830,64,2,0.004606923088431358,,,,
9831,64,2,0.004284396301954985,,,,
9832,64,2,0.00473962165415287,,,,
9833,64,2,0.004082481376826763,,,,
9834,64,2,0.004851639270782471,,,,
9835,64,2,0.004335434176027775,,,,
9836,64,2,0.004480644594877958,,,,
9837,64,2,0.004753174260258675,,,,
9838,64,2,0.005108111537992954,,,,
9839,64,2,0.004594346042722464,,,,
9840,64,2,0.0044527193531394005,,,,
9841,64,2,0.00454506604000926,,,,
9842,64,2,0.0043079848401248455,,,,
9843,64,2,0.004303875844925642,,,,
9844,64,2,0.003834955394268036,,,,
9845,64,2,0.004737751558423042,,,,
9846,64,2,0.004236147273331881,,,,
9847,64,2,0.004107328597456217,,,,
9848,64,2,0.003946639131754637,,,,
9849,64,2,0.0046038394793868065,,,,
9850,64,2,0.004316965118050575,,,,
9851,64,2,0.0040706428699195385,,,,
9852,64,2,0.004366026259958744,,,,
9853,64,2,0.004152051638811827,,,,
9854,64,2,0.0046126870438456535,,,,
9855,64,2,0.0034908782690763474,,,,
9856,64,2,0.0035243635065853596,,,,
9857,64,2,0.004409698769450188,,,,
9858,64,2,0.005271226167678833,,,,
9859,64,2,0.00372714689001441,,,,
9860,64,2,0.003872297704219818,,,,
9861,64,2,0.0040517402812838554,,,,
9862,64,2,0.005052641499787569,,,,
9863,64,2,0.0048973290249705315,,,,
9864,64,2,0.004048069939017296,,,,
9865,64,2,0.004940013401210308,,,,
9866,64,2,0.004022984765470028,,,,
9867,64,2,0.0037271049804985523,,,,
9868,64,2,0.005163909401744604,,,,
9869,64,2,0.004007407464087009,,,,
9870,64,2,0.004184802994132042,,,,
9871,64,2,0.004428292624652386,,,,
9872,64,2,0.00393328070640564,,,,
9873,64,2,0.00486002629622817,,,,
9874,64,2,0.004727358929812908,,,,
9875,64,2,0.004738367162644863,,,,
9876,64,2,0.003846230683848262,,,,
9877,64,2,0.004697970114648342,,,,
9878,64,2,0.005035875365138054,,,,
9879,64,2,0.003975780215114355,,,,
9880,64,2,0.0037837903946638107,,,,
9881,64,2,0.0044655995443463326,,,,
9882,64,2,0.004222939722239971,,,,
9883,64,2,0.0036472659558057785,,,,
9884,64,2,0.004148833453655243,,,,
9885,64,2,0.003660669084638357,,,,
9886,64,2,0.0035982567351311445,,,,
9887,64,2,0.004633247386664152,,,,
9888,64,2,0.0034061498008668423,,,,
9889,64,2,0.004044949077069759,,,,
9890,64,2,0.004279547370970249,,,,
9891,64,2,0.004159308038651943,,,,
9892,64,2,0.004245936870574951,,,,
9893,64,2,0.004330727271735668,,,,
9894,64,2,0.0040060593746602535,,,,
9895,64,2,0.004701389465481043,,,,
9896,64,2,0.003668848890811205,,,,
9897,64,2,0.00534206023439765,,,,
9898,64,2,0.004673570394515991,,,,
9899,64,2,0.003951180260628462,,,,
9900,64,2,0.003425475675612688,,,,
9901,64,2,0.004663924686610699,,,,
9902,64,2,0.0037507012020796537,,,,
9903,64,2,0.004819492343813181,,,,
9904,64,2,0.004677047021687031,,,,
9905,64,2,0.0037445814814418554,,,,
9906,64,2,0.0038834302686154842,,,,
9907,64,2,0.004260266199707985,,,,
9908,64,2,0.004293876700103283,,,,
9909,64,2,0.00396459735929966,,,,
9910,64,2,0.0043886261992156506,,,,
9911,64,2,0.003923224285244942,,,,
9912,64,2,0.004057275131344795,,,,
9913,64,2,0.005421556532382965,,,,
9914,64,2,0.0037955455482006073,,,,
9915,64,2,0.004470215644687414,,,,
9916,64,2,0.004491642117500305,,,,
9917,64,2,0.004157382994890213,,,,
9918,64,2,0.004139720927923918,,,,
9919,64,2,0.004220218397676945,,,,
9920,64,2,0.0036931131035089493,,,,
9921,64,2,0.0047962176613509655,,,,
9922,64,2,0.004502588417381048,,,,
9923,64,2,0.003923473414033651,,,,
9924,64,2,0.003524039639160037,,,,
9925,64,2,0.0037183440290391445,,,,
9926,64,2,0.00423926766961813,,,,
9927,64,2,0.0037418545689433813,,,,
9928,64,2,0.003692290745675564,,,,
9929,64,2,0.003582637757062912,,,,
9930,64,2,0.003785276785492897,,,,
9931,64,2,0.003448934992775321,,,,
9932,64,2,0.004188717808574438,,,,
9933,64,2,0.003982470370829105,,,,
9934,64,2,0.0040810601785779,,,,
9935,64,2,0.004351696465164423,,,,
9936,64,2,0.0037538199685513973,,,,
9937,64,2,0.0036468952894210815,,,,
9938,64,2,0.004421358462423086,,,,
9939,64,2,0.004279837477952242,,,,
9940,64,2,0.004208074416965246,,,,
9941,64,2,0.00413323100656271,,,,
9942,64,2,0.005562282633036375,,,,
9943,64,2,0.004398905672132969,,,,
9944,64,2,0.005874662660062313,,,,
9945,64,2,0.003976549953222275,,,,
9946,64,2,0.004442843608558178,,,,
9947,64,2,0.006436493247747421,,,,
9948,64,2,0.004066099412739277,,,,
9949,64,2,0.005012234207242727,,,,
9950,64,2,0.004327535163611174,,,,
9951,64,2,0.004258580040186644,,,,
9952,64,2,0.004193880595266819,,,,
9953,64,2,0.004097783472388983,,,,
9954,64,2,0.004222468938678503,,,,
9955,64,2,0.004042578395456076,,,,
9956,64,2,0.004386057611554861,,,,
9957,64,2,0.004272898659110069,,,,
9958,64,2,0.003942517098039389,,,,
9959,64,2,0.0037213340401649475,,,,
9960,64,2,0.005083885975182056,,,,
9961,64,2,0.006308478768914938,,,,
9962,64,2,0.0043991971760988235,,,,
9963,64,2,0.004101041238754988,,,,
9964,64,2,0.004371138289570808,,,,
9965,64,2,0.004616156220436096,,,,
9966,64,2,0.003975612111389637,,,,
9967,64,2,0.004902835935354233,,,,
9968,64,2,0.004401354119181633,,,,
9969,64,2,0.00409836508333683,,,,
9970,64,2,0.003602871671319008,,,,
9971,64,2,0.004037223756313324,,,,
9972,64,2,0.005093051586300135,,,,
9973,64,2,0.0038800134789198637,,,,
9974,64,2,0.004959829151630402,,,,
9975,64,2,0.003801447805017233,,,,
9976,64,2,0.0038046296685934067,,,,
9977,64,2,0.0047198208048939705,,,,
9978,64,2,0.0030695702880620956,,,,
9979,64,2,0.004241525661200285,,,,
9980,64,2,0.005004669539630413,,,,
9981,64,2,0.004415431059896946,,,,
9982,64,2,0.004194522276520729,,,,
9983,64,2,0.004216051660478115,,,,
9984,64,2,0.003964618314057589,,,,
9985,64,2,0.004223522264510393,,,,
9986,64,2,0.003442934714257717,,,,
9987,64,2,0.003702300600707531,,,,
9988,64,2,0.004218673333525658,,,,
9989,64,2,0.0036835975479334593,,,,
9990,64,2,0.004334317520260811,,,,
9991,64,2,0.003948449157178402,,,,
9992,64,2,0.0038360836915671825,,,,
9993,64,2,0.004488796927034855,,,,
9994,64,2,0.004263598006218672,,,,
9995,64,2,0.0040940186008811,,,,
9996,64,2,0.0036225602962076664,,,,
9997,64,2,0.004392167087644339,,,,
9998,64,2,0.004557047970592976,,,,
9999,64,2,0.004437609575688839,,,,
10000,64,2,0.004644556902348995,,0.007786162851497214,0.8248273637108777,22.504783016368183
10001,64,2,0.004310810938477516,,,,
10002,64,2,0.0043778265826404095,,,,
10003,64,2,0.004053395241498947,,,,
10004,64,2,0.0042733666487038136,,,,
10005,64,2,0.00422535790130496,,,,
10006,64,2,0.004158307798206806,,,,
10007,64,2,0.0038858975749462843,,,,
10008,64,2,0.004307931289076805,,,,
10009,64,2,0.003779331222176552,,,,
10010,64,2,0.0030119053553789854,,,,
10011,64,2,0.004795720800757408,,,,
10012,64,2,0.004526845645159483,,,,
10013,64,2,0.0033662449568510056,,,,
10014,64,2,0.005134107545018196,,,,
10015,64,2,0.005099486093968153,,,,
10016,64,2,0.004694449715316296,,,,
10017,64,2,0.0042490228079259396,,,,
10018,64,2,0.00342056667432189,,,,
10019,64,2,0.0038818134926259518,,,,
10020,64,2,0.0034671579487621784,,,,
10021,64,2,0.003833005903288722,,,,
10022,64,2,0.004062440246343613,,,,
10023,64,2,0.0035556089133024216,,,,
10024,64,2,0.003733351593837142,,,,
10025,64,2,0.004499210976064205,,,,
10026,64,2,0.004584291018545628,,,,
10027,64,2,0.004053571727126837,,,,
10028,64,2,0.004479549825191498,,,,
10029,64,2,0.004268994089215994,,,,
10030,64,2,0.003988186828792095,,,,
10031,64,2,0.003602106124162674,,,,
10032,64,2,0.00412779999896884,,,,
10033,64,2,0.003965027630329132,,,,
10034,64,2,0.003329020692035556,,,,
10035,64,2,0.004843426868319511,,,,
10036,64,2,0.004321902059018612,,,,
10037,64,2,0.004039970692247152,,,,
10038,64,2,0.0043180519714951515,,,,
10039,64,2,0.004721171222627163,,,,
10040,64,2,0.004160137381404638,,,,
10041,64,2,0.0036336935590952635,,,,
10042,64,2,0.0038486828561872244,,,,
10043,64,2,0.005947326309978962,,,,
10044,64,2,0.005464252084493637,,,,
10045,64,2,0.004249026067554951,,,,
10046,64,2,0.004023276269435883,,,,
10047,64,2,0.004426697269082069,,,,
10048,64,2,0.004482635296881199,,,,
10049,64,2,0.004267833195626736,,,,
10050,64,2,0.005238266196101904,,,,
10051,64,2,0.003930012695491314,,,,
10052,64,2,0.005099989473819733,,,,
10053,64,2,0.0041919006034731865,,,,
10054,64,2,0.004068311769515276,,,,
10055,64,2,0.003162998240441084,,,,
10056,64,2,0.004561898298561573,,,,
10057,64,2,0.004867538809776306,,,,
10058,64,2,0.004274183418601751,,,,
10059,64,2,0.004079042002558708,,,,
10060,64,2,0.004972787573933601,,,,
10061,64,2,0.0036160717718303204,,,,
10062,64,2,0.0036628330126404762,,,,
10063,64,2,0.0043859537690877914,,,,
10064,64,2,0.005112810991704464,,,,
10065,64,2,0.003572857705876231,,,,
10066,64,2,0.004000234883278608,,,,
10067,64,2,0.004484818782657385,,,,
10068,64,2,0.004807513207197189,,,,
10069,64,2,0.0048329709097743034,,,,
10070,64,2,0.004927658475935459,,,,
10071,64,2,0.004353926982730627,,,,
10072,64,2,0.005586778279393911,,,,
10073,64,2,0.004577831365168095,,,,
10074,64,2,0.004396641626954079,,,,
10075,64,2,0.004304580390453339,,,,
10076,64,2,0.004352343734353781,,,,
10077,64,2,0.003973803017288446,,,,
10078,64,2,0.004029287025332451,,,,
10079,64,2,0.0051562306471168995,,,,
10080,64,2,0.00436638155952096,,,,
10081,64,2,0.004037385806441307,,,,
10082,64,2,0.00448015658184886,,,,
10083,64,2,0.004319276660680771,,,,
10084,64,2,0.0040095834992825985,,,,
10085,64,2,0.0043823025189340115,,,,
10086,64,2,0.0042291064746677876,,,,
10087,64,2,0.004749005660414696,,,,
10088,64,2,0.004420225042849779,,,,
10089,64,2,0.00484623434022069,,,,
10090,64,2,0.00522710382938385,,,,
10091,64,2,0.003923533018678427,,,,
10092,64,2,0.004484405275434256,,,,
10093,64,2,0.005675910040736198,,,,
10094,64,2,0.00543353334069252,,,,
10095,64,2,0.004765745718032122,,,,
10096,64,2,0.004672951530665159,,,,
10097,64,2,0.0048906514421105385,,,,
10098,64,2,0.004523330368101597,,,,
10099,64,2,0.004181770607829094,,,,
10100,64,2,0.004903048276901245,,,,
10101,64,2,0.0038164714351296425,,,,
10102,64,2,0.004054618999361992,,,,
10103,64,2,0.004351289011538029,,,,
10104,64,2,0.00432497588917613,,,,
10105,64,2,0.003969368524849415,,,,
10106,64,2,0.0045655760914087296,,,,
10107,64,2,0.004295771010220051,,,,
10108,64,2,0.004507412202656269,,,,
10109,64,2,0.0037386042531579733,,,,
10110,64,2,0.004938516765832901,,,,
10111,64,2,0.004651257302612066,,,,
10112,64,2,0.004521818831562996,,,,
10113,64,2,0.004530533216893673,,,,
10114,64,2,0.0044359806925058365,,,,
10115,64,2,0.003861987730488181,,,,
10116,64,2,0.004561229608952999,,,,
10117,64,2,0.003975512459874153,,,,
10118,64,2,0.004025747068226337,,,,
10119,64,2,0.004198101349174976,,,,
10120,64,2,0.004675691481679678,,,,
10121,64,2,0.004016556777060032,,,,
10122,64,2,0.004197153262794018,,,,
10123,64,2,0.005513072945177555,,,,
10124,64,2,0.00417301943525672,,,,
10125,64,2,0.004485418554395437,,,,
10126,64,2,0.003963530529290438,,,,
10127,64,2,0.00391472177579999,,,,
10128,64,2,0.00393255241215229,,,,
10129,64,2,0.0037842586170881987,,,,
10130,64,2,0.0037216879427433014,,,,
10131,64,2,0.004000840708613396,,,,
10132,64,2,0.003368046134710312,,,,
10133,64,2,0.003957249224185944,,,,
10134,64,2,0.004459230694919825,,,,
10135,64,2,0.004465858917683363,,,,
10136,64,2,0.0036955575924366713,,,,
10137,64,2,0.0035257493145763874,,,,
10138,64,2,0.004230446647852659,,,,
10139,64,2,0.004486788995563984,,,,
10140,64,2,0.004986944608390331,,,,
10141,64,2,0.003925285302102566,,,,
10142,64,2,0.0036749928258359432,,,,
10143,64,2,0.004133798182010651,,,,
10144,64,2,0.003942958079278469,,,,
10145,64,2,0.004244249779731035,,,,
10146,64,2,0.00413352157920599,,,,
10147,64,2,0.00490985345095396,,,,
10148,64,2,0.004005191382020712,,,,
10149,64,2,0.0043594082817435265,,,,
10150,64,2,0.003955209627747536,,,,
10151,64,2,0.0049589211121201515,,,,
10152,64,2,0.003925342112779617,,,,
10153,64,2,0.0038023903034627438,,,,
10154,64,2,0.004391154740005732,,,,
10155,64,2,0.004728315863758326,,,,
10156,64,2,0.004118957556784153,,,,
10157,64,2,0.004986420273780823,,,,
10158,64,2,0.004226686432957649,,,,
10159,64,2,0.003526536747813225,,,,
10160,64,2,0.004434314556419849,,,,
10161,64,2,0.004638891667127609,,,,
10162,64,2,0.003914780914783478,,,,
10163,64,2,0.004484526813030243,,,,
10164,64,2,0.004043393302708864,,,,
10165,64,2,0.004660281352698803,,,,
10166,64,2,0.004225174896419048,,,,
10167,64,2,0.004281769040971994,,,,
10168,64,2,0.006280579604208469,,,,
10169,64,2,0.004070626571774483,,,,
10170,64,2,0.004563005641102791,,,,
10171,64,2,0.004022974520921707,,,,
10172,64,2,0.004627329763025045,,,,
10173,64,2,0.004017032217234373,,,,
10174,64,2,0.004293019417673349,,,,
10175,64,2,0.004173792898654938,,,,
10176,64,2,0.004332009702920914,,,,
10177,64,2,0.004097010940313339,,,,
10178,64,2,0.004531333222985268,,,,
10179,64,2,0.003959325607866049,,,,
10180,64,2,0.004600342828780413,,,,
10181,64,2,0.004355049692094326,,,,
10182,64,2,0.004451005719602108,,,,
10183,64,2,0.004573025740683079,,,,
10184,64,2,0.004855872131884098,,,,
10185,64,2,0.004623231943696737,,,,
10186,64,2,0.0037658452056348324,,,,
10187,64,2,0.004257583059370518,,,,
10188,64,2,0.005769313778728247,,,,
10189,64,2,0.004048805683851242,,,,
10190,64,2,0.005492270924150944,,,,
10191,64,2,0.004687938839197159,,,,
10192,64,2,0.00444130739197135,,,,
10193,64,2,0.005108111537992954,,,,
10194,64,2,0.003405562601983547,,,,
10195,64,2,0.004672762006521225,,,,
10196,64,2,0.004128170199692249,,,,
10197,64,2,0.006830583792179823,,,,
10198,64,2,0.0037660659290850163,,,,
10199,64,2,0.005464491900056601,,,,
10200,64,2,0.004602083470672369,,,,
10201,64,2,0.004553845152258873,,,,
10202,64,2,0.0036195595748722553,,,,
10203,64,2,0.005045147147029638,,,,
10204,64,2,0.0042969160713255405,,,,
10205,64,2,0.004899725317955017,,,,
10206,64,2,0.003670643549412489,,,,
10207,64,2,0.0037093386054039,,,,
10208,64,2,0.003952402621507645,,,,
10209,64,2,0.003975365310907364,,,,
10210,64,2,0.0037985090166330338,,,,
10211,64,2,0.004981054924428463,,,,
10212,64,2,0.003921631257981062,,,,
10213,64,2,0.004969550762325525,,,,
10214,64,2,0.004248850978910923,,,,
10215,64,2,0.003840450895950198,,,,
10216,64,2,0.004384223837405443,,,,
10217,64,2,0.004431017208844423,,,,
10218,64,2,0.004044784232974052,,,,
10219,64,2,0.004448351450264454,,,,
10220,64,2,0.004480255302041769,,,,
10221,64,2,0.003729639109224081,,,,
10222,64,2,0.0038422117941081524,,,,
10223,64,2,0.004722545854747295,,,,
10224,64,2,0.0036112568341195583,,,,
10225,64,2,0.003356432542204857,,,,
10226,64,2,0.004572700243443251,,,,
10227,64,2,0.004008124582469463,,,,
10228,64,2,0.004680790938436985,,,,
10229,64,2,0.0038164802826941013,,,,
10230,64,2,0.005491189658641815,,,,
10231,64,2,0.0043724714778363705,,,,
10232,64,2,0.004380007274448872,,,,
10233,64,2,0.004424078390002251,,,,
10234,64,2,0.004323909990489483,,,,
10235,64,2,0.004329433664679527,,,,
10236,64,2,0.004558854270726442,,,,
10237,64,2,0.005484533496201038,,,,
10238,64,2,0.003910604398697615,,,,
10239,64,2,0.004140812903642654,,,,
10240,64,2,0.0040911464020609856,,,,
10241,64,2,0.0036348961293697357,,,,
10242,64,2,0.004090260714292526,,,,
10243,64,2,0.004241123795509338,,,,
10244,64,2,0.004407087806612253,,,,
10245,64,2,0.004687324166297913,,,,
10246,64,2,0.005579900927841663,,,,
10247,64,2,0.00512723671272397,,,,
10248,64,2,0.0049932654947042465,,,,
10249,64,2,0.004001929424703121,,,,
10250,64,2,0.004049009643495083,,,,
10251,64,2,0.005150025710463524,,,,
10252,64,2,0.005804350133985281,,,,
10253,64,2,0.0038256875704973936,,,,
10254,64,2,0.004898294806480408,,,,
10255,64,2,0.004428940825164318,,,,
10256,64,2,0.003530968679115176,,,,
10257,64,2,0.00443085003644228,,,,
10258,64,2,0.005301852710545063,,,,
10259,64,2,0.004252095241099596,,,,
10260,64,2,0.0035068197175860405,,,,
10261,64,2,0.003826422616839409,,,,
10262,64,2,0.004938505589962006,,,,
10263,64,2,0.004484213888645172,,,,
10264,64,2,0.004538258537650108,,,,
10265,64,2,0.006121940910816193,,,,
10266,64,2,0.005221419036388397,,,,
10267,64,2,0.004796430002897978,,,,
10268,64,2,0.004844314884394407,,,,
10269,64,2,0.004853908903896809,,,,
10270,64,2,0.0043380726128816605,,,,
10271,64,2,0.0043596671894192696,,,,
10272,64,2,0.005024766083806753,,,,
10273,64,2,0.0033667879179120064,,,,
10274,64,2,0.003962289541959763,,,,
10275,64,2,0.004066568799316883,,,,
10276,64,2,0.003508410882204771,,,,
10277,64,2,0.0036314143799245358,,,,
10278,64,2,0.003916905727237463,,,,
10279,64,2,0.004674773663282394,,,,
10280,64,2,0.003567297710105777,,,,
10281,64,2,0.003523914609104395,,,,
10282,64,2,0.004438839852809906,,,,
10283,64,2,0.004272099118679762,,,,
10284,64,2,0.004312221892178059,,,,
10285,64,2,0.003772389842197299,,,,
10286,64,2,0.004464627709239721,,,,
10287,64,2,0.00452667661011219,,,,
10288,64,2,0.003762239357456565,,,,
10289,64,2,0.005032868590205908,,,,
10290,64,2,0.004352254793047905,,,,
10291,64,2,0.0034806239418685436,,,,
10292,64,2,0.0034330065827816725,,,,
10293,64,2,0.0039846645668148994,,,,
10294,64,2,0.003536154981702566,,,,
10295,64,2,0.0035750712268054485,,,,
10296,64,2,0.003950544632971287,,,,
10297,64,2,0.004543927498161793,,,,
10298,64,2,0.003432027529925108,,,,
10299,64,2,0.004579996690154076,,,,
10300,64,2,0.004319433122873306,,,,
10301,64,2,0.004102926701307297,,,,
10302,64,2,0.003996198531240225,,,,
10303,64,2,0.004174250643700361,,,,
10304,64,2,0.004863420035690069,,,,
10305,64,2,0.00427812896668911,,,,
10306,64,2,0.0041000391356647015,,,,
10307,64,2,0.003828159999102354,,,,
10308,64,2,0.004979030229151249,,,,
10309,64,2,0.0059212869964540005,,,,
10310,64,2,0.004110726993530989,,,,
10311,64,2,0.004387560300529003,,,,
10312,64,2,0.005092587321996689,,,,
10313,64,2,0.004338765516877174,,,,
10314,64,2,0.004094387870281935,,,,
10315,64,2,0.004979423247277737,,,,
10316,64,2,0.0049983118660748005,,,,
10317,64,2,0.004064762033522129,,,,
10318,64,2,0.00471359770745039,,,,
10319,64,2,0.004625624045729637,,,,
10320,64,2,0.003835568903014064,,,,
10321,64,2,0.004245745949447155,,,,
10322,64,2,0.0047979289665818214,,,,
10323,64,2,0.004328327253460884,,,,
10324,64,2,0.004655345343053341,,,,
10325,64,2,0.0035109808668494225,,,,
10326,64,2,0.003298809751868248,,,,
10327,64,2,0.0038214735686779022,,,,
10328,64,2,0.004066056106239557,,,,
10329,64,2,0.004110909998416901,,,,
10330,64,2,0.0037802751176059246,,,,
10331,64,2,0.004032352939248085,,,,
10332,64,2,0.0037767700850963593,,,,
10333,64,2,0.005226335488259792,,,,
10334,64,2,0.00466533936560154,,,,
10335,64,2,0.005150379613041878,,,,
10336,64,2,0.0044602397829294205,,,,
10337,64,2,0.004984528291970491,,,,
10338,64,2,0.004222185350954533,,,,
10339,64,2,0.0048209065571427345,,,,
10340,64,2,0.003350932151079178,,,,
10341,64,2,0.00488901836797595,,,,
10342,64,2,0.004345030058175325,,,,
10343,64,2,0.005182839930057526,,,,
10344,64,2,0.004752095323055983,,,,
10345,64,2,0.004138731863349676,,,,
10346,64,2,0.003918342292308807,,,,
10347,64,2,0.003783497493714094,,,,
10348,64,2,0.004715177696198225,,,,
10349,64,2,0.005203848239034414,,,,
10350,64,2,0.0045061600394546986,,,,
10351,64,2,0.004546700976788998,,,,
10352,64,2,0.004064616747200489,,,,
10353,64,2,0.005292524583637714,,,,
10354,64,2,0.003987803123891354,,,,
10355,64,2,0.004179163370281458,,,,
10356,64,2,0.004630817100405693,,,,
10357,64,2,0.004748945124447346,,,,
10358,64,2,0.004849582444876432,,,,
10359,64,2,0.004244953393936157,,,,
10360,64,2,0.004269703757017851,,,,
10361,64,2,0.00410941056907177,,,,
10362,64,2,0.004815090447664261,,,,
10363,64,2,0.004203055985271931,,,,
10364,64,2,0.005092923995107412,,,,
10365,64,2,0.004532722290605307,,,,
10366,64,2,0.0033466373570263386,,,,
10367,64,2,0.00492265447974205,,,,
10368,64,2,0.004086030647158623,,,,
10369,64,2,0.0040971022099256516,,,,
10370,64,2,0.004068679176270962,,,,
10371,64,2,0.004008436109870672,,,,
10372,64,2,0.005943561904132366,,,,
10373,64,2,0.004322645720094442,,,,
10374,64,2,0.003509094938635826,,,,
10375,64,2,0.00438150716945529,,,,
10376,64,2,0.004899151157587767,,,,
10377,64,2,0.0032372705172747374,,,,
10378,64,2,0.004886093083769083,,,,
10379,64,2,0.004906428977847099,,,,
10380,64,2,0.004150313325226307,,,,
10381,64,2,0.004101937171071768,,,,
10382,64,2,0.004395840689539909,,,,
10383,64,2,0.0061026765033602715,,,,
10384,64,2,0.0036123995669186115,,,,
10385,64,2,0.004113218747079372,,,,
10386,64,2,0.00504955742508173,,,,
10387,64,2,0.004024844150990248,,,,
10388,64,2,0.004246151074767113,,,,
10389,64,2,0.004257353022694588,,,,
10390,64,2,0.004839342087507248,,,,
10391,64,2,0.004829484038054943,,,,
10392,64,2,0.005571654997766018,,,,
10393,64,2,0.005226881243288517,,,,
10394,64,2,0.004700596444308758,,,,
10395,64,2,0.005443154834210873,,,,
10396,64,2,0.003566960571333766,,,,
10397,64,2,0.0039082784205675125,,,,
10398,64,2,0.004073897376656532,,,,
10399,64,2,0.00342061510309577,,,,
10400,64,2,0.005595710128545761,,,,
10401,64,2,0.003901416901499033,,,,
10402,64,2,0.003900539828464389,,,,
10403,64,2,0.005677849054336548,,,,
10404,64,2,0.004301775246858597,,,,
10405,64,2,0.0046354844234883785,,,,
10406,64,2,0.004294369835406542,,,,
10407,64,2,0.0041885217651724815,,,,
10408,64,2,0.004405530169606209,,,,
10409,64,2,0.005064075812697411,,,,
10410,64,2,0.0037895236164331436,,,,
10411,64,2,0.0037488527595996857,,,,
10412,64,2,0.004151490051299334,,,,
10413,64,2,0.0038169033359736204,,,,
10414,64,2,0.004499256610870361,,,,
10415,64,2,0.004408186301589012,,,,
10416,64,2,0.004600503947585821,,,,
10417,64,2,0.003826057305559516,,,,
10418,64,2,0.004264533519744873,,,,
10419,64,2,0.003945996519178152,,,,
10420,64,2,0.0042428867891430855,,,,
10421,64,2,0.005147134885191917,,,,
10422,64,2,0.0034180395305156708,,,,
10423,64,2,0.004403037019073963,,,,
10424,64,2,0.004628678783774376,,,,
10425,64,2,0.004138286225497723,,,,
10426,64,2,0.0038943588733673096,,,,
10427,64,2,0.003042586613446474,,,,
10428,64,2,0.004333585500717163,,,,
10429,64,2,0.00314043159596622,,,,
10430,64,2,0.0042588128708302975,,,,
10431,64,2,0.004728923551738262,,,,
10432,64,2,0.003959795460104942,,,,
10433,64,2,0.003741491585969925,,,,
10434,64,2,0.004429440945386887,,,,
10435,64,2,0.0040736417286098,,,,
10436,64,2,0.004168971441686153,,,,
10437,64,2,0.003752852324396372,,,,
10438,64,2,0.004397054202854633,,,,
10439,64,2,0.003656617132946849,,,,
10440,64,2,0.004459501709789038,,,,
10441,64,2,0.0044191195629537106,,,,
10442,64,2,0.004921436309814453,,,,
10443,64,2,0.0038345307111740112,,,,
10444,64,2,0.0045192427933216095,,,,
10445,64,2,0.004388369154185057,,,,
10446,64,2,0.004273096565157175,,,,
10447,64,2,0.004285874310880899,,,,
10448,64,2,0.003929758910089731,,,,
10449,64,2,0.0041408054530620575,,,,
10450,64,2,0.003710288554430008,,,,
10451,64,2,0.0038123205304145813,,,,
10452,64,2,0.004339597187936306,,,,
10453,64,2,0.003925459459424019,,,,
10454,64,2,0.0038764220662415028,,,,
10455,64,2,0.004908849485218525,,,,
10456,64,2,0.004379435908049345,,,,
10457,64,2,0.004479276016354561,,,,
10458,64,2,0.003950111102312803,,,,
10459,64,2,0.004984166473150253,,,,
10460,64,2,0.004110558889806271,,,,
10461,64,2,0.0037213447503745556,,,,
10462,64,2,0.004698286764323711,,,,
10463,64,2,0.004858293570578098,,,,
10464,64,2,0.0041907490231096745,,,,
10465,64,2,0.005400367081165314,,,,
10466,64,2,0.003910346422344446,,,,
10467,64,2,0.0036798808723688126,,,,
10468,64,2,0.004396518692374229,,,,
10469,64,2,0.004726333077996969,,,,
10470,64,2,0.0042266035452485085,,,,
10471,64,2,0.004545691888779402,,,,
10472,64,2,0.0040168967097997665,,,,
10473,64,2,0.00436813710257411,,,,
10474,64,2,0.004168914631009102,,,,
10475,64,2,0.003966448362916708,,,,
10476,64,2,0.004003655165433884,,,,
10477,64,2,0.003667280776426196,,,,
10478,64,2,0.0047857267782092094,,,,
10479,64,2,0.0041323560290038586,,,,
10480,64,2,0.0036901195999234915,,,,
10481,64,2,0.0045538912527263165,,,,
10482,64,2,0.0035565278958529234,,,,
10483,64,2,0.0038726492784917355,,,,
10484,64,2,0.00434638699516654,,,,
10485,64,2,0.0036780210211873055,,,,
10486,64,2,0.004188300110399723,,,,
10487,64,2,0.004384011961519718,,,,
10488,64,2,0.004575222730636597,,,,
10489,64,2,0.003541738260537386,,,,
10490,64,2,0.0044177500531077385,,,,
10491,64,2,0.005160744301974773,,,,
10492,64,2,0.0035394500009715557,,,,
10493,64,2,0.004244714044034481,,,,
10494,64,2,0.004693119786679745,,,,
10495,64,2,0.004320710431784391,,,,
10496,64,2,0.004535149782896042,,,,
10497,64,2,0.0036620558239519596,,,,
10498,64,2,0.004029320552945137,,,,
10499,64,2,0.004097175318747759,,,,
10500,64,2,0.004187409766018391,,,,
10501,64,2,0.0038665998727083206,,,,
10502,64,2,0.004082102328538895,,,,
10503,64,2,0.002996167866513133,,,,
10504,64,2,0.004443570505827665,,,,
10505,64,2,0.004396750591695309,,,,
10506,64,2,0.00394934369251132,,,,
10507,64,2,0.00398410577327013,,,,
10508,64,2,0.004193068947643042,,,,
10509,64,2,0.004694547038525343,,,,
10510,64,2,0.00540980976074934,,,,
10511,64,2,0.0036326709669083357,,,,
10512,64,2,0.004253395367413759,,,,
10513,64,2,0.004089913796633482,,,,
10514,64,2,0.004270448349416256,,,,
10515,64,2,0.004813904874026775,,,,
10516,64,2,0.003862357698380947,,,,
10517,64,2,0.0037837557028979063,,,,
10518,64,2,0.0045383283868432045,,,,
10519,64,2,0.004929523915052414,,,,
10520,64,2,0.004157462157309055,,,,
10521,64,2,0.0047523025423288345,,,,
10522,64,2,0.005816390737891197,,,,
10523,64,2,0.00427534943446517,,,,
10524,64,2,0.003494883654639125,,,,
10525,64,2,0.004371222108602524,,,,
10526,64,2,0.005347193218767643,,,,
10527,64,2,0.003580724820494652,,,,
10528,64,2,0.005347063764929771,,,,
10529,64,2,0.0038702308665961027,,,,
10530,64,2,0.004006701987236738,,,,
10531,64,2,0.003717221086844802,,,,
10532,64,2,0.0052438657730817795,,,,
10533,64,2,0.004377975128591061,,,,
10534,64,2,0.00435397494584322,,,,
10535,64,2,0.005857048090547323,,,,
10536,64,2,0.004681209102272987,,,,
10537,64,2,0.004246857948601246,,,,
10538,64,2,0.004220901057124138,,,,
10539,64,2,0.0034805636387318373,,,,
10540,64,2,0.004105502273887396,,,,
10541,64,2,0.003990150988101959,,,,
10542,64,2,0.004784069024026394,,,,
10543,64,2,0.005444216541945934,,,,
10544,64,2,0.0034713014028966427,,,,
10545,64,2,0.00369915459305048,,,,
10546,64,2,0.0046530491672456264,,,,
10547,64,2,0.004267639480531216,,,,
10548,64,2,0.0038689393550157547,,,,
10549,64,2,0.003947698511183262,,,,
10550,64,2,0.0045211645774543285,,,,
10551,64,2,0.0036733588203787804,,,,
10552,64,2,0.004705523606389761,,,,
10553,64,2,0.004866375587880611,,,,
10554,64,2,0.004273280501365662,,,,
10555,64,2,0.004026464186608791,,,,
10556,64,2,0.0038367779925465584,,,,
10557,64,2,0.004127221181988716,,,,
10558,64,2,0.004455729387700558,,,,
10559,64,2,0.00350710260681808,,,,
10560,64,2,0.004132280126214027,,,,
10561,64,2,0.003832386340945959,,,,
10562,64,2,0.0038393191061913967,,,,
10563,64,2,0.005138323176652193,,,,
10564,64,2,0.003533669514581561,,,,
10565,64,2,0.004106059670448303,,,,
10566,64,2,0.004442148841917515,,,,
10567,64,2,0.004590617027133703,,,,
10568,64,2,0.004146715626120567,,,,
10569,64,2,0.003804318141192198,,,,
10570,64,2,0.003963586408644915,,,,
10571,64,2,0.003640772309154272,,,,
10572,64,2,0.004049071576446295,,,,
10573,64,2,0.004232203122228384,,,,
10574,64,2,0.0036720423959195614,,,,
10575,64,2,0.0047498904168605804,,,,
10576,64,2,0.004081247374415398,,,,
10577,64,2,0.004202054813504219,,,,
10578,64,2,0.004114973824471235,,,,
10579,64,2,0.0036614593118429184,,,,
10580,64,2,0.004855592735111713,,,,
10581,64,2,0.004081598483026028,,,,
10582,64,2,0.004963654093444347,,,,
10583,64,2,0.005151154473423958,,,,
10584,64,2,0.0038193592336028814,,,,
10585,64,2,0.005029656924307346,,,,
10586,64,2,0.004269618075340986,,,,
10587,64,2,0.005287181586027145,,,,
10588,64,2,0.004444908816367388,,,,
10589,64,2,0.004125671461224556,,,,
10590,64,2,0.0036983932368457317,,,,
10591,64,2,0.004585365764796734,,,,
10592,64,2,0.004200348164886236,,,,
10593,64,2,0.004605082795023918,,,,
10594,64,2,0.0036709909327328205,,,,
10595,64,2,0.0037404517643153667,,,,
10596,64,2,0.004281584173440933,,,,
10597,64,2,0.004182667471468449,,,,
10598,64,2,0.00524482224136591,,,,
10599,64,2,0.004956752993166447,,,,
10600,64,2,0.004160863347351551,,,,
10601,64,2,0.007374938577413559,,,,
10602,64,2,0.004701067693531513,,,,
10603,64,2,0.004004709888249636,,,,
10604,64,2,0.004534471780061722,,,,
10605,64,2,0.00448956061154604,,,,
10606,64,2,0.0039190566167235374,,,,
10607,64,2,0.004883857443928719,,,,
10608,64,2,0.004444447346031666,,,,
10609,64,2,0.004834321793168783,,,,
10610,64,2,0.005286050494760275,,,,
10611,64,2,0.004259233828634024,,,,
10612,64,2,0.004651754163205624,,,,
10613,64,2,0.004421459510922432,,,,
10614,64,2,0.004457521717995405,,,,
10615,64,2,0.00487327016890049,,,,
10616,64,2,0.004648794420063496,,,,
10617,64,2,0.004598143510520458,,,,
10618,64,2,0.004894345998764038,,,,
10619,64,2,0.004906537476927042,,,,
10620,64,2,0.003968512639403343,,,,
10621,64,2,0.0038938908837735653,,,,
10622,64,2,0.0035981617402285337,,,,
10623,64,2,0.00444585457444191,,,,
10624,64,2,0.004479119088500738,,,,
10625,64,2,0.004047922324389219,,,,
10626,64,2,0.0039144656620919704,,,,
10627,64,2,0.003845836967229843,,,,
10628,64,2,0.0041181123815476894,,,,
10629,64,2,0.004318578168749809,,,,
10630,64,2,0.0043672434985637665,,,,
10631,64,2,0.004903533961623907,,,,
10632,64,2,0.0034884032793343067,,,,
10633,64,2,0.004469745792448521,,,,
10634,64,2,0.003624326316639781,,,,
10635,64,2,0.004544805269688368,,,,
10636,64,2,0.005038702394813299,,,,
10637,64,2,0.004403908271342516,,,,
10638,64,2,0.004607554525136948,,,,
10639,64,2,0.006236214190721512,,,,
10640,64,2,0.0041578179225325584,,,,
10641,64,2,0.004274096339941025,,,,
10642,64,2,0.0040443274192512035,,,,
10643,64,2,0.003476762678474188,,,,
10644,64,2,0.0038483748212456703,,,,
10645,64,2,0.004100250080227852,,,,
10646,64,2,0.003680004272609949,,,,
10647,64,2,0.004000405315309763,,,,
10648,64,2,0.005024340935051441,,,,
10649,64,2,0.004153090994805098,,,,
10650,64,2,0.004223026800900698,,,,
10651,64,2,0.003965558018535376,,,,
10652,64,2,0.003690667450428009,,,,
10653,64,2,0.004715945105999708,,,,
10654,64,2,0.0038255969993770123,,,,
10655,64,2,0.003932400606572628,,,,
10656,64,2,0.004366956185549498,,,,
10657,64,2,0.003196072531864047,,,,
10658,64,2,0.004274637438356876,,,,
10659,64,2,0.004464016295969486,,,,
10660,64,2,0.004488206468522549,,,,
10661,64,2,0.004088494461029768,,,,
10662,64,2,0.004654635675251484,,,,
10663,64,2,0.004485162906348705,,,,
10664,64,2,0.004097670316696167,,,,
10665,64,2,0.0035907598212361336,,,,
10666,64,2,0.004621768370270729,,,,
10667,64,2,0.004592129494994879,,,,
10668,64,2,0.003996976651251316,,,,
10669,64,2,0.004392283037304878,,,,
10670,64,2,0.004080783575773239,,,,
10671,64,2,0.004488755017518997,,,,
10672,64,2,0.0037648752331733704,,,,
10673,64,2,0.004089768510311842,,,,
10674,64,2,0.004339504987001419,,,,
10675,64,2,0.003612598404288292,,,,
10676,64,2,0.004348755814135075,,,,
10677,64,2,0.0036097883712500334,,,,
10678,64,2,0.0037218814250081778,,,,
10679,64,2,0.003570105880498886,,,,
10680,64,2,0.004184453748166561,,,,
10681,64,2,0.003885813755914569,,,,
10682,64,2,0.004214110318571329,,,,
10683,64,2,0.0042999014258384705,,,,
10684,64,2,0.00381840905174613,,,,
10685,64,2,0.004445615690201521,,,,
10686,64,2,0.0042258137837052345,,,,
10687,64,2,0.004602180793881416,,,,
10688,64,2,0.004638576880097389,,,,
10689,64,2,0.003345734905451536,,,,
10690,64,2,0.003942302893847227,,,,
10691,64,2,0.0037254716735333204,,,,
10692,64,2,0.0041488660499453545,,,,
10693,64,2,0.004487417172640562,,,,
10694,64,2,0.0031175946351140738,,,,
10695,64,2,0.00450007664039731,,,,
10696,64,2,0.004698730539530516,,,,
10697,64,2,0.004798809997737408,,,,
10698,64,2,0.004309337120503187,,,,
10699,64,2,0.005150673910975456,,,,
10700,64,2,0.003935797140002251,,,,
10701,64,2,0.004287645220756531,,,,
10702,64,2,0.004810952581465244,,,,
10703,64,2,0.0053649283945560455,,,,
10704,64,2,0.004614184610545635,,,,
10705,64,2,0.004809224978089333,,,,
10706,64,2,0.0041603329591453075,,,,
10707,64,2,0.00398161169141531,,,,
10708,64,2,0.0040441639721393585,,,,
10709,64,2,0.003538627875968814,,,,
10710,64,2,0.004683725070208311,,,,
10711,64,2,0.00429065665230155,,,,
10712,64,2,0.0038608419708907604,,,,
10713,64,2,0.0045343018136918545,,,,
10714,64,2,0.004606929607689381,,,,
10715,64,2,0.00406781118363142,,,,
10716,64,2,0.004537985660135746,,,,
10717,64,2,0.003641435643658042,,,,
10718,64,2,0.0045197997242212296,,,,
10719,64,2,0.004140637814998627,,,,
10720,64,2,0.004849168471992016,,,,
10721,64,2,0.004009258933365345,,,,
10722,64,2,0.004734292160719633,,,,
10723,64,2,0.004079526290297508,,,,
10724,64,2,0.003631799016147852,,,,
10725,64,2,0.004390379413962364,,,,
10726,64,2,0.004752084147185087,,,,
10727,64,2,0.0037480187602341175,,,,
10728,64,2,0.004259132780134678,,,,
10729,64,2,0.0034922524355351925,,,,
10730,64,2,0.004257494583725929,,,,
10731,64,2,0.0035111005418002605,,,,
10732,64,2,0.004111808724701405,,,,
10733,64,2,0.003743309061974287,,,,
10734,64,2,0.0036066039465367794,,,,
10735,64,2,0.0033080317080020905,,,,
10736,64,2,0.0037783801089972258,,,,
10737,64,2,0.004321012180298567,,,,
10738,64,2,0.0037838160060346127,,,,
10739,64,2,0.004289325792342424,,,,
10740,64,2,0.004632570780813694,,,,
10741,64,2,0.004587059840559959,,,,
10742,64,2,0.004849007818847895,,,,
10743,64,2,0.004496570210903883,,,,
10744,64,2,0.00364617258310318,,,,
10745,64,2,0.003425044473260641,,,,
10746,64,2,0.0035878773778676987,,,,
10747,64,2,0.003998630214482546,,,,
10748,64,2,0.0047735413536429405,,,,
10749,64,2,0.004561969079077244,,,,
10750,64,2,0.004919789731502533,,,,
10751,64,2,0.003511811140924692,,,,
10752,64,2,0.003680265275761485,,,,
10753,64,2,0.004821013659238815,,,,
10754,64,2,0.004414888098835945,,,,
10755,64,2,0.004321463406085968,,,,
10756,64,2,0.004458922892808914,,,,
10757,64,2,0.0041443235240876675,,,,
10758,64,2,0.004424459766596556,,,,
10759,64,2,0.003936742898076773,,,,
10760,64,2,0.0040500289760529995,,,,
10761,64,2,0.00464536901563406,,,,
10762,64,2,0.0034428914077579975,,,,
10763,64,2,0.0037306547164916992,,,,
10764,64,2,0.0034614084288477898,,,,
10765,64,2,0.003266253275796771,,,,
10766,64,2,0.00358343287371099,,,,
10767,64,2,0.00476050516590476,,,,
10768,64,2,0.0034313290379941463,,,,
10769,64,2,0.004503457807004452,,,,
10770,64,2,0.0046346900053322315,,,,
10771,64,2,0.0039208875969052315,,,,
10772,64,2,0.00345207448117435,,,,
10773,64,2,0.004256316926330328,,,,
10774,64,2,0.003364967182278633,,,,
10775,64,2,0.0038799215108156204,,,,
10776,64,2,0.004318207036703825,,,,
10777,64,2,0.003899127244949341,,,,
10778,64,2,0.0045229364186525345,,,,
10779,64,2,0.0042494479566812515,,,,
10780,64,2,0.0035427864640951157,,,,
10781,64,2,0.004219624679535627,,,,
10782,64,2,0.0032905172556638718,,,,
10783,64,2,0.0040501682087779045,,,,
10784,64,2,0.003892564680427313,,,,
10785,64,2,0.003948266617953777,,,,
10786,64,2,0.004224606789648533,,,,
10787,64,2,0.004433605819940567,,,,
10788,64,2,0.004438324831426144,,,,
10789,64,2,0.003806987777352333,,,,
10790,64,2,0.003846538020297885,,,,
10791,64,2,0.003837951924651861,,,,
10792,64,2,0.0038658976554870605,,,,
10793,64,2,0.004060555249452591,,,,
10794,64,2,0.0038211324717849493,,,,
10795,64,2,0.004362238571047783,,,,
10796,64,2,0.003376943524926901,,,,
10797,64,2,0.0037203137762844563,,,,
10798,64,2,0.004021062981337309,,,,
10799,64,2,0.0041281552985310555,,,,
10800,64,2,0.004274820908904076,,,,
10801,64,2,0.004196644760668278,,,,
10802,64,2,0.004167567007243633,,,,
10803,64,2,0.003741122782230377,,,,
10804,64,2,0.003350808983668685,,,,
10805,64,2,0.0039017503149807453,,,,
10806,64,2,0.003099760040640831,,,,
10807,64,2,0.00372944469563663,,,,
10808,64,2,0.004262970760464668,,,,
10809,64,2,0.0038122045807540417,,,,
10810,64,2,0.004369485192000866,,,,
10811,64,2,0.004463291727006435,,,,
10812,64,2,0.004290225449949503,,,,
10813,64,2,0.004194776993244886,,,,
10814,64,2,0.0038065481930971146,,,,
10815,64,2,0.0038542193360626698,,,,
10816,64,2,0.005131502170115709,,,,
10817,64,2,0.0039032455533742905,,,,
10818,64,2,0.003992894198745489,,,,
10819,64,2,0.004310963209718466,,,,
10820,64,2,0.003970920108258724,,,,
10821,64,2,0.0034183780662715435,,,,
10822,64,2,0.003806309774518013,,,,
10823,64,2,0.003544642124325037,,,,
10824,64,2,0.003876790404319763,,,,
10825,64,2,0.0037420650478452444,,,,
10826,64,2,0.003766038455069065,,,,
10827,64,2,0.003868008963763714,,,,
10828,64,2,0.003970758058130741,,,,
10829,64,2,0.004023800604045391,,,,
10830,64,2,0.0040677813813090324,,,,
10831,64,2,0.0037101113703101873,,,,
10832,64,2,0.003523371648043394,,,,
10833,64,2,0.004614133853465319,,,,
10834,64,2,0.0038427829276770353,,,,
10835,64,2,0.003355493303388357,,,,
10836,64,2,0.003722830442711711,,,,
10837,64,2,0.004767302423715591,,,,
10838,64,2,0.003904640208929777,,,,
10839,64,2,0.0033979236613959074,,,,
10840,64,2,0.004175066016614437,,,,
10841,64,2,0.0038573979400098324,,,,
10842,64,2,0.004071732051670551,,,,
10843,64,2,0.004134205169975758,,,,
10844,64,2,0.003999046050012112,,,,
10845,64,2,0.004801872186362743,,,,
10846,64,2,0.003625639481469989,,,,
10847,64,2,0.004281341098248959,,,,
10848,64,2,0.0037214993499219418,,,,
10849,64,2,0.0039795259945094585,,,,
10850,64,2,0.004220067523419857,,,,
10851,64,2,0.0041947863064706326,,,,
10852,64,2,0.0042162807658314705,,,,
10853,64,2,0.0031625418923795223,,,,
10854,64,2,0.0036680062767118216,,,,
10855,64,2,0.00465929601341486,,,,
10856,64,2,0.0037910412065684795,,,,
10857,64,2,0.0048049637116491795,,,,
10858,64,2,0.00444978941231966,,,,
10859,64,2,0.0041615916416049,,,,
10860,64,2,0.0035913463216274977,,,,
10861,64,2,0.006047375500202179,,,,
10862,64,2,0.003783886320888996,,,,
10863,64,2,0.004371545743197203,,,,
10864,64,2,0.0039330413565039635,,,,
10865,64,2,0.004433752503246069,,,,
10866,64,2,0.0035920431837439537,,,,
10867,64,2,0.0037666852585971355,,,,
10868,64,2,0.004012509249150753,,,,
10869,64,2,0.004099065437912941,,,,
10870,64,2,0.003527301363646984,,,,
10871,64,2,0.0035071843303740025,,,,
10872,64,2,0.0044997697696089745,,,,
10873,64,2,0.004111432004719973,,,,
10874,64,2,0.004155393224209547,,,,
10875,64,2,0.00453119445592165,,,,
10876,64,2,0.003453797660768032,,,,
10877,64,2,0.004381934180855751,,,,
10878,64,2,0.0045897518284618855,,,,
10879,64,2,0.00391873624175787,,,,
10880,64,2,0.003731147153303027,,,,
10881,64,2,0.003995861858129501,,,,
10882,64,2,0.004319902043789625,,,,
10883,64,2,0.004081848543137312,,,,
10884,64,2,0.003962595481425524,,,,
10885,64,2,0.004080569371581078,,,,
10886,64,2,0.005304273217916489,,,,
10887,64,2,0.004332102369517088,,,,
10888,64,2,0.004424651153385639,,,,
10889,64,2,0.004084800370037556,,,,
10890,64,2,0.004258943721652031,,,,
10891,64,2,0.0033493023365736008,,,,
10892,64,2,0.003868822008371353,,,,
10893,64,2,0.004353613592684269,,,,
10894,64,2,0.0036101113073527813,,,,
10895,64,2,0.0033967471681535244,,,,
10896,64,2,0.004629078321158886,,,,
10897,64,2,0.003719509346410632,,,,
10898,64,2,0.003599952906370163,,,,
10899,64,2,0.0038116327486932278,,,,
10900,64,2,0.0036731851287186146,,,,
10901,64,2,0.003602642100304365,,,,
10902,64,2,0.004931733012199402,,,,
10903,64,2,0.0037652100436389446,,,,
10904,64,2,0.0047535463236272335,,,,
10905,64,2,0.0037391837686300278,,,,
10906,64,2,0.003945603501051664,,,,
10907,64,2,0.0034331772476434708,,,,
10908,64,2,0.004321826156228781,,,,
10909,64,2,0.00402520876377821,,,,
10910,64,2,0.003960127010941505,,,,
10911,64,2,0.0050096092745661736,,,,
10912,64,2,0.0038008857518434525,,,,
10913,64,2,0.004544495139271021,,,,
10914,64,2,0.0038949884474277496,,,,
10915,64,2,0.0034221289679408073,,,,
10916,64,2,0.004702341742813587,,,,
10917,64,2,0.0042205569334328175,,,,
10918,64,2,0.0036807390861213207,,,,
10919,64,2,0.004661820363253355,,,,
10920,64,2,0.0038558810483664274,,,,
10921,64,2,0.00533380126580596,,,,
10922,64,2,0.00345866521820426,,,,
10923,64,2,0.004225045442581177,,,,
10924,64,2,0.00419973861426115,,,,
10925,64,2,0.004158428870141506,,,,
10926,64,2,0.0037153754383325577,,,,
10927,64,2,0.0046634613536298275,,,,
10928,64,2,0.003913840278983116,,,,
10929,64,2,0.0038712825626134872,,,,
10930,64,2,0.003661778522655368,,,,
10931,64,2,0.0039215050637722015,,,,
10932,64,2,0.004404386505484581,,,,
10933,64,2,0.004131675232201815,,,,
10934,64,2,0.004215543158352375,,,,
10935,64,2,0.003627368248999119,,,,
10936,64,2,0.004396403208374977,,,,
10937,64,2,0.0037981297355145216,,,,
10938,64,2,0.003686103969812393,,,,
10939,64,2,0.004177858587354422,,,,
10940,64,2,0.003823691513389349,,,,
10941,64,2,0.003297468414530158,,,,
10942,64,2,0.003575781360268593,,,,
10943,64,2,0.0043629310093820095,,,,
10944,64,2,0.004171029664576054,,,,
10945,64,2,0.0034283604472875595,,,,
10946,64,2,0.0037149458657950163,,,,
10947,64,2,0.003812061157077551,,,,
10948,64,2,0.0041525824926793575,,,,
10949,64,2,0.004046194721013308,,,,
10950,64,2,0.004217487759888172,,,,
10951,64,2,0.0048071639612317085,,,,
10952,64,2,0.003684360533952713,,,,
10953,64,2,0.0034121647477149963,,,,
10954,64,2,0.0034003793261945248,,,,
10955,64,2,0.002996239345520735,0.004619805268134395,,,
10956,64,3,0.003425446804612875,,,,
10957,64,3,0.004569896496832371,,,,
10958,64,3,0.0035521171521395445,,,,
10959,64,3,0.004118602257221937,,,,
10960,64,3,0.004139558877795935,,,,
10961,64,3,0.003261454403400421,,,,
10962,64,3,0.003272303380072117,,,,
10963,64,3,0.0036071455106139183,,,,
10964,64,3,0.004507117439061403,,,,
10965,64,3,0.003964574076235294,,,,
10966,64,3,0.0035254962276667356,,,,
10967,64,3,0.0037150296848267317,,,,
10968,64,3,0.0030262821819633245,,,,
10969,64,3,0.003529785666614771,,,,
10970,64,3,0.0035263500176370144,,,,
10971,64,3,0.0043262904509902,,,,
10972,64,3,0.003449586685746908,,,,
10973,64,3,0.0035926117561757565,,,,
10974,64,3,0.003392560174688697,,,,
10975,64,3,0.0040073031559586525,,,,
10976,64,3,0.0036066309548914433,,,,
10977,64,3,0.0040194811299443245,,,,
10978,64,3,0.003429265459999442,,,,
10979,64,3,0.004081594757735729,,,,
10980,64,3,0.004196321591734886,,,,
10981,64,3,0.004234373103827238,,,,
10982,64,3,0.0036056905519217253,,,,
10983,64,3,0.004709250293672085,,,,
10984,64,3,0.0033489202614873648,,,,
10985,64,3,0.003179563907906413,,,,
10986,64,3,0.0030478928238153458,,,,
10987,64,3,0.003607997205108404,,,,
10988,64,3,0.00422939658164978,,,,
10989,64,3,0.0031535630114376545,,,,
10990,64,3,0.0037307010497897863,,,,
10991,64,3,0.004669859539717436,,,,
10992,64,3,0.004284176975488663,,,,
10993,64,3,0.003196907928213477,,,,
10994,64,3,0.0036961573641747236,,,,
10995,64,3,0.0037043988704681396,,,,
10996,64,3,0.003448684699833393,,,,
10997,64,3,0.0034479843452572823,,,,
10998,64,3,0.0029789824038743973,,,,
10999,64,3,0.0034499461762607098,,,,
11000,64,3,0.0042325276881456375,,0.007132587924678909,0.8312957950657369,22.88724796750437
11001,64,3,0.004119570832699537,,,,
11002,64,3,0.003362539689987898,,,,
11003,64,3,0.0036328136920928955,,,,
11004,64,3,0.003529934212565422,,,,
11005,64,3,0.0035967412404716015,,,,
11006,64,3,0.003671386744827032,,,,
11007,64,3,0.003096515079960227,,,,
11008,64,3,0.003940224647521973,,,,
11009,64,3,0.00426098145544529,,,,
11010,64,3,0.0037046573124825954,,,,
11011,64,3,0.0032025703694671392,,,,
11012,64,3,0.003583231009542942,,,,
11013,64,3,0.0039269644767045975,,,,
11014,64,3,0.004009034484624863,,,,
11015,64,3,0.0032531414180994034,,,,
11016,64,3,0.003557714633643627,,,,
11017,64,3,0.004069872200489044,,,,
11018,64,3,0.003964069299399853,,,,
11019,64,3,0.00344490515999496,,,,
11020,64,3,0.00357012334279716,,,,
11021,64,3,0.0041522616520524025,,,,
11022,64,3,0.0035068788565695286,,,,
11023,64,3,0.0028491297271102667,,,,
11024,64,3,0.004195371642708778,,,,
11025,64,3,0.003213184420019388,,,,
11026,64,3,0.0033476478420197964,,,,
11027,64,3,0.003685911186039448,,,,
11028,64,3,0.003145795315504074,,,,
11029,64,3,0.004050343297421932,,,,
11030,64,3,0.00365273910574615,,,,
11031,64,3,0.00405892776325345,,,,
11032,64,3,0.0036989888176321983,,,,
11033,64,3,0.003178306855261326,,,,
11034,64,3,0.0038745615165680647,,,,
11035,64,3,0.003839625511318445,,,,
11036,64,3,0.0032865465618669987,,,,
11037,64,3,0.0037109660916030407,,,,
11038,64,3,0.003864746307954192,,,,
11039,64,3,0.003624334465712309,,,,
11040,64,3,0.0035784642677754164,,,,
11041,64,3,0.002899916609749198,,,,
11042,64,3,0.0028415292035788298,,,,
11043,64,3,0.0032613142393529415,,,,
11044,64,3,0.0034534006845206022,,,,
11045,64,3,0.0038120956160128117,,,,
11046,64,3,0.0036498289555311203,,,,
11047,64,3,0.0039504170417785645,,,,
11048,64,3,0.0033439891412854195,,,,
11049,64,3,0.004174885340034962,,,,
11050,64,3,0.0031636804342269897,,,,
11051,64,3,0.0034758399706333876,,,,
11052,64,3,0.003815948497503996,,,,
11053,64,3,0.003471474628895521,,,,
11054,64,3,0.0033275317400693893,,,,
11055,64,3,0.0042948126792907715,,,,
11056,64,3,0.003293254878371954,,,,
11057,64,3,0.00298526743426919,,,,
11058,64,3,0.0033194972202181816,,,,
11059,64,3,0.0037356815300881863,,,,
11060,64,3,0.0029860688373446465,,,,
11061,64,3,0.003385751973837614,,,,
11062,64,3,0.003668308723717928,,,,
11063,64,3,0.003418445587158203,,,,
11064,64,3,0.0035597155801951885,,,,
11065,64,3,0.00337030622176826,,,,
11066,64,3,0.003941485192626715,,,,
11067,64,3,0.004807687364518642,,,,
11068,64,3,0.0038328669033944607,,,,
11069,64,3,0.003294923109933734,,,,
11070,64,3,0.003107961965724826,,,,
11071,64,3,0.004223499447107315,,,,
11072,64,3,0.003924712538719177,,,,
11073,64,3,0.003870467422530055,,,,
11074,64,3,0.0031141273211687803,,,,
11075,64,3,0.003246184205636382,,,,
11076,64,3,0.004041241481900215,,,,
11077,64,3,0.0030754010658711195,,,,
11078,64,3,0.003251720918342471,,,,
11079,64,3,0.003697566455230117,,,,
11080,64,3,0.0036488790065050125,,,,
11081,64,3,0.003241132479161024,,,,
11082,64,3,0.003531200345605612,,,,
11083,64,3,0.00279728090390563,,,,
11084,64,3,0.0030517783015966415,,,,
11085,64,3,0.0032606858294457197,,,,
11086,64,3,0.0034953062422573566,,,,
11087,64,3,0.003936268389225006,,,,
11088,64,3,0.003344185184687376,,,,
11089,64,3,0.0028743965085595846,,,,
11090,64,3,0.0032566224690526724,,,,
11091,64,3,0.0036296839825809,,,,
11092,64,3,0.002913808450102806,,,,
11093,64,3,0.004551886580884457,,,,
11094,64,3,0.003429730422794819,,,,
11095,64,3,0.003423624439164996,,,,
11096,64,3,0.003920799121260643,,,,
11097,64,3,0.0028856804128736258,,,,
11098,64,3,0.0028475127182900906,,,,
11099,64,3,0.0033488874323666096,,,,
11100,64,3,0.0038757133297622204,,,,
11101,64,3,0.0029347543604671955,,,,
11102,64,3,0.0035488600842654705,,,,
11103,64,3,0.0030384636484086514,,,,
11104,64,3,0.002947174943983555,,,,
11105,64,3,0.0037512267008423805,,,,
11106,64,3,0.0029346307273954153,,,,
11107,64,3,0.003795682918280363,,,,
11108,64,3,0.0034865676425397396,,,,
11109,64,3,0.0035455203615128994,,,,
11110,64,3,0.003140133572742343,,,,
11111,64,3,0.0038445089012384415,,,,
11112,64,3,0.00352360843680799,,,,
11113,64,3,0.0030716301407665014,,,,
11114,64,3,0.0031640916131436825,,,,
11115,64,3,0.004086569882929325,,,,
11116,64,3,0.0031507303938269615,,,,
11117,64,3,0.003868329804390669,,,,
11118,64,3,0.0035810954868793488,,,,
11119,64,3,0.0029030535370111465,,,,
11120,64,3,0.0037879361771047115,,,,
11121,64,3,0.003473296295851469,,,,
11122,64,3,0.0038878479972481728,,,,
11123,64,3,0.003325541503727436,,,,
11124,64,3,0.0031991831492632627,,,,
11125,64,3,0.003749845316633582,,,,
11126,64,3,0.0038815513253211975,,,,
11127,64,3,0.004098791629076004,,,,
11128,64,3,0.0033773924224078655,,,,
11129,64,3,0.003568510990589857,,,,
11130,64,3,0.0037276006769388914,,,,
11131,64,3,0.003151414915919304,,,,
11132,64,3,0.0032117690425366163,,,,
11133,64,3,0.003461012151092291,,,,
11134,64,3,0.003698803251609206,,,,
11135,64,3,0.0035080774687230587,,,,
11136,64,3,0.003356192260980606,,,,
11137,64,3,0.0035821436904370785,,,,
11138,64,3,0.0030885892920196056,,,,
11139,64,3,0.003767480608075857,,,,
11140,64,3,0.0032988162711262703,,,,
11141,64,3,0.003326036036014557,,,,
11142,64,3,0.0032735317945480347,,,,
11143,64,3,0.0032440219074487686,,,,
11144,64,3,0.0032500321976840496,,,,
11145,64,3,0.003378582652658224,,,,
11146,64,3,0.003954493906348944,,,,
11147,64,3,0.0031542505603283644,,,,
11148,64,3,0.0030696839094161987,,,,
11149,64,3,0.0031369919888675213,,,,
11150,64,3,0.0034377449192106724,,,,
11151,64,3,0.003362860530614853,,,,
11152,64,3,0.003779735416173935,,,,
11153,64,3,0.0037379800342023373,,,,
11154,64,3,0.003527096239849925,,,,
11155,64,3,0.0026165226008743048,,,,
11156,64,3,0.003953611012548208,,,,
11157,64,3,0.00457081850618124,,,,
11158,64,3,0.0033303925301879644,,,,
11159,64,3,0.00365264480933547,,,,
11160,64,3,0.003416768042370677,,,,
11161,64,3,0.0031805462203919888,,,,
11162,64,3,0.0030036489479243755,,,,
11163,64,3,0.0031668085139244795,,,,
11164,64,3,0.0034789349883794785,,,,
11165,64,3,0.0037541005294770002,,,,
11166,64,3,0.0031638448126614094,,,,
11167,64,3,0.0032134277280420065,,,,
11168,64,3,0.003083945717662573,,,,
11169,64,3,0.0035114481579512358,,,,
11170,64,3,0.0034713714849203825,,,,
11171,64,3,0.0033117884304374456,,,,
11172,64,3,0.00376781914383173,,,,
11173,64,3,0.0027148756198585033,,,,
11174,64,3,0.00326998601667583,,,,
11175,64,3,0.003400583751499653,,,,
11176,64,3,0.0036486040335148573,,,,
11177,64,3,0.0032978735398501158,,,,
11178,64,3,0.0029144478030502796,,,,
11179,64,3,0.0033752217423170805,,,,
11180,64,3,0.003313667606562376,,,,
11181,64,3,0.004224360920488834,,,,
11182,64,3,0.002831465331837535,,,,
11183,64,3,0.0031378238927572966,,,,
11184,64,3,0.0034705819562077522,,,,
11185,64,3,0.003660715650767088,,,,
11186,64,3,0.003113924292847514,,,,
11187,64,3,0.002843524795025587,,,,
11188,64,3,0.003311375854536891,,,,
11189,64,3,0.003638205584138632,,,,
11190,64,3,0.002988013904541731,,,,
11191,64,3,0.003326523583382368,,,,
11192,64,3,0.0037507787346839905,,,,
11193,64,3,0.002877224935218692,,,,
11194,64,3,0.0034924549981951714,,,,
11195,64,3,0.003359672147780657,,,,
11196,64,3,0.0030217086896300316,,,,
11197,64,3,0.003489071037620306,,,,
11198,64,3,0.0035975114442408085,,,,
11199,64,3,0.003232732880860567,,,,
11200,64,3,0.003212577663362026,,,,
11201,64,3,0.002864999696612358,,,,
11202,64,3,0.003093796782195568,,,,
11203,64,3,0.003303794888779521,,,,
11204,64,3,0.0029602875001728535,,,,
11205,64,3,0.0034300617408007383,,,,
11206,64,3,0.003774928627535701,,,,
11207,64,3,0.003175480291247368,,,,
11208,64,3,0.0029966342262923717,,,,
11209,64,3,0.0035273272078484297,,,,
11210,64,3,0.0028644194826483727,,,,
11211,64,3,0.0038431144785135984,,,,
11212,64,3,0.0034018228761851788,,,,
11213,64,3,0.004123504739254713,,,,
11214,64,3,0.0037032978143543005,,,,
11215,64,3,0.0030630386900156736,,,,
11216,64,3,0.003882137592881918,,,,
11217,64,3,0.003251382615417242,,,,
11218,64,3,0.00304981367662549,,,,
11219,64,3,0.0035803220234811306,,,,
11220,64,3,0.002920236438512802,,,,
11221,64,3,0.0033214795403182507,,,,
11222,64,3,0.0031697037629783154,,,,
11223,64,3,0.003744993358850479,,,,
11224,64,3,0.003423606511205435,,,,
11225,64,3,0.003560333978384733,,,,
11226,64,3,0.003550934372469783,,,,
11227,64,3,0.0038374830037355423,,,,
11228,64,3,0.0028279596008360386,,,,
11229,64,3,0.0036034646909683943,,,,
11230,64,3,0.0034889327362179756,,,,
11231,64,3,0.00318538723513484,,,,
11232,64,3,0.0033414363861083984,,,,
11233,64,3,0.003545885905623436,,,,
11234,64,3,0.003498699516057968,,,,
11235,64,3,0.0036428822204470634,,,,
11236,64,3,0.003128056414425373,,,,
11237,64,3,0.0031741526909172535,,,,
11238,64,3,0.002930407179519534,,,,
11239,64,3,0.003062618663534522,,,,
11240,64,3,0.0031952846329659224,,,,
11241,64,3,0.0033868865575641394,,,,
11242,64,3,0.003452480537816882,,,,
11243,64,3,0.003354434622451663,,,,
11244,64,3,0.0026521235704421997,,,,
11245,64,3,0.003824615851044655,,,,
11246,64,3,0.00292903371155262,,,,
11247,64,3,0.0032650097273290157,,,,
11248,64,3,0.0028451632242649794,,,,
11249,64,3,0.0029873321764171124,,,,
11250,64,3,0.003810223890468478,,,,
11251,64,3,0.0035699489526450634,,,,
11252,64,3,0.0035056776832789183,,,,
11253,64,3,0.003953523933887482,,,,
11254,64,3,0.003007854800671339,,,,
11255,64,3,0.002897288417443633,,,,
11256,64,3,0.0032170736230909824,,,,
11257,64,3,0.0032017608173191547,,,,
11258,64,3,0.004790193866938353,,,,
11259,64,3,0.0027898855041712523,,,,
11260,64,3,0.0036881454288959503,,,,
11261,64,3,0.0036594695411622524,,,,
11262,64,3,0.003204047679901123,,,,
11263,64,3,0.0028764482121914625,,,,
11264,64,3,0.004519713576883078,,,,
11265,64,3,0.003154484089463949,,,,
11266,64,3,0.003786398097872734,,,,
11267,64,3,0.003201558720320463,,,,
11268,64,3,0.0035797699820250273,,,,
11269,64,3,0.0033766606356948614,,,,
11270,64,3,0.003298395313322544,,,,
11271,64,3,0.0032964665442705154,,,,
11272,64,3,0.003356581088155508,,,,
11273,64,3,0.003330431878566742,,,,
11274,64,3,0.0032959356904029846,,,,
11275,64,3,0.0037363660521805286,,,,
11276,64,3,0.003077998524531722,,,,
11277,64,3,0.0038794847205281258,,,,
11278,64,3,0.0035319447051733732,,,,
11279,64,3,0.0035617647226899862,,,,
11280,64,3,0.003538572695106268,,,,
11281,64,3,0.0036533470265567303,,,,
11282,64,3,0.0035338669549673796,,,,
11283,64,3,0.0034402075689285994,,,,
11284,64,3,0.002954175230115652,,,,
11285,64,3,0.003112463280558586,,,,
11286,64,3,0.002987382933497429,,,,
11287,64,3,0.00321822427213192,,,,
11288,64,3,0.0028588620480149984,,,,
11289,64,3,0.003867813851684332,,,,
11290,64,3,0.0035258762072771788,,,,
11291,64,3,0.003331483341753483,,,,
11292,64,3,0.0035598701797425747,,,,
11293,64,3,0.0036665936931967735,,,,
11294,64,3,0.0038141512777656317,,,,
11295,64,3,0.0032586632296442986,,,,
11296,64,3,0.0035242396406829357,,,,
11297,64,3,0.00310175446793437,,,,
11298,64,3,0.0032507870346307755,,,,
11299,64,3,0.003223442006856203,,,,
11300,64,3,0.0034262393601238728,,,,
11301,64,3,0.003124503418803215,,,,
11302,64,3,0.003666199278086424,,,,
11303,64,3,0.0037737819366157055,,,,
11304,64,3,0.0033485586754977703,,,,
11305,64,3,0.0036082137376070023,,,,
11306,64,3,0.003638705238699913,,,,
11307,64,3,0.002867858624085784,,,,
11308,64,3,0.00360320508480072,,,,
11309,64,3,0.0030550274532288313,,,,
11310,64,3,0.0034012801479548216,,,,
11311,64,3,0.003326593665406108,,,,
11312,64,3,0.003198629943653941,,,,
11313,64,3,0.00337747810408473,,,,
11314,64,3,0.003087006974965334,,,,
11315,64,3,0.0036359108053147793,,,,
11316,64,3,0.0040014758706092834,,,,
11317,64,3,0.0043111881241202354,,,,
11318,64,3,0.004045965149998665,,,,
11319,64,3,0.0031506894156336784,,,,
11320,64,3,0.0029174848459661007,,,,
11321,64,3,0.003893958404660225,,,,
11322,64,3,0.004391427151858807,,,,
11323,64,3,0.0039276666939258575,,,,
11324,64,3,0.0031727212481200695,,,,
11325,64,3,0.00405751122161746,,,,
11326,64,3,0.0035056357737630606,,,,
11327,64,3,0.0037852474488317966,,,,
11328,64,3,0.0030752699822187424,,,,
11329,64,3,0.003926766104996204,,,,
11330,64,3,0.0032523327972739935,,,,
11331,64,3,0.0031009544618427753,,,,
11332,64,3,0.004111327230930328,,,,
11333,64,3,0.0027312650345265865,,,,
11334,64,3,0.004224398173391819,,,,
11335,64,3,0.003366169985383749,,,,
11336,64,3,0.003376992419362068,,,,
11337,64,3,0.0036332260351628065,,,,
11338,64,3,0.0033652689307928085,,,,
11339,64,3,0.003478480037301779,,,,
11340,64,3,0.0034394762478768826,,,,
11341,64,3,0.0029811481945216656,,,,
11342,64,3,0.0031590077560395002,,,,
11343,64,3,0.0034645465202629566,,,,
11344,64,3,0.0033193824347108603,,,,
11345,64,3,0.003308643354102969,,,,
11346,64,3,0.0031128949485719204,,,,
11347,64,3,0.002651769667863846,,,,
11348,64,3,0.0033470774069428444,,,,
11349,64,3,0.003435294609516859,,,,
11350,64,3,0.0033674861770123243,,,,
11351,64,3,0.003413425525650382,,,,
11352,64,3,0.0034525010269135237,,,,
11353,64,3,0.0034127715043723583,,,,
11354,64,3,0.003899466944858432,,,,
11355,64,3,0.0035302601754665375,,,,
11356,64,3,0.003135728184133768,,,,
11357,64,3,0.0030122636817395687,,,,
11358,64,3,0.0037975299637764692,,,,
11359,64,3,0.0031087517272681,,,,
11360,64,3,0.002604374662041664,,,,
11361,64,3,0.0029753956478089094,,,,
11362,64,3,0.0030815820209681988,,,,
11363,64,3,0.003077245084568858,,,,
11364,64,3,0.002470717066898942,,,,
11365,64,3,0.003457164391875267,,,,
11366,64,3,0.003493928350508213,,,,
11367,64,3,0.0031683228444308043,,,,
11368,64,3,0.004442078527063131,,,,
11369,64,3,0.003071025013923645,,,,
11370,64,3,0.0026922819670289755,,,,
11371,64,3,0.0034538093023002148,,,,
11372,64,3,0.0032080993987619877,,,,
11373,64,3,0.003116598818451166,,,,
11374,64,3,0.0031762034632265568,,,,
11375,64,3,0.0037599345669150352,,,,
11376,64,3,0.0031006657518446445,,,,
11377,64,3,0.0036612495314329863,,,,
11378,64,3,0.003754188073799014,,,,
11379,64,3,0.003152198623865843,,,,
11380,64,3,0.0036350737791508436,,,,
11381,64,3,0.003332833293825388,,,,
11382,64,3,0.0035714469850063324,,,,
11383,64,3,0.0037218588404357433,,,,
11384,64,3,0.004195478744804859,,,,
11385,64,3,0.0038201850838959217,,,,
11386,64,3,0.003431702731177211,,,,
11387,64,3,0.003828692715615034,,,,
11388,64,3,0.003494757693260908,,,,
11389,64,3,0.003827963024377823,,,,
11390,64,3,0.003532296745106578,,,,
11391,64,3,0.003327332902699709,,,,
11392,64,3,0.0035329461097717285,,,,
11393,64,3,0.003384106559678912,,,,
11394,64,3,0.003501417813822627,,,,
11395,64,3,0.0035721734166145325,,,,
11396,64,3,0.003505278844386339,,,,
11397,64,3,0.003986814990639687,,,,
11398,64,3,0.003227873472496867,,,,
11399,64,3,0.003365086391568184,,,,
11400,64,3,0.0035839583724737167,,,,
11401,64,3,0.0035711172968149185,,,,
11402,64,3,0.003773511154577136,,,,
11403,64,3,0.0035582417622208595,,,,
11404,64,3,0.0034153787419199944,,,,
11405,64,3,0.004397697281092405,,,,
11406,64,3,0.004006324801594019,,,,
11407,64,3,0.003808099776506424,,,,
11408,64,3,0.00403547240421176,,,,
11409,64,3,0.004209065809845924,,,,
11410,64,3,0.00389652862213552,,,,
11411,64,3,0.00436095567420125,,,,
11412,64,3,0.0035605262964963913,,,,
11413,64,3,0.003589099273085594,,,,
11414,64,3,0.004106810316443443,,,,
11415,64,3,0.0034768632613122463,,,,
11416,64,3,0.004279284738004208,,,,
11417,64,3,0.0043620578944683075,,,,
11418,64,3,0.0028121881186962128,,,,
11419,64,3,0.003395654959604144,,,,
11420,64,3,0.0034938068129122257,,,,
11421,64,3,0.003958055749535561,,,,
11422,64,3,0.0030123000033199787,,,,
11423,64,3,0.0041692848317325115,,,,
11424,64,3,0.004372710362076759,,,,
11425,64,3,0.0035264138132333755,,,,
11426,64,3,0.0033409155439585447,,,,
11427,64,3,0.0033385546412318945,,,,
11428,64,3,0.004042241256684065,,,,
11429,64,3,0.0032699645962566137,,,,
11430,64,3,0.0042567504569888115,,,,
11431,64,3,0.003914032131433487,,,,
11432,64,3,0.003580815624445677,,,,
11433,64,3,0.00317290797829628,,,,
11434,64,3,0.0033242362551391125,,,,
11435,64,3,0.0035284641198813915,,,,
11436,64,3,0.003834119765087962,,,,
11437,64,3,0.0035749259404838085,,,,
11438,64,3,0.0031840489245951176,,,,
11439,64,3,0.004039184655994177,,,,
11440,64,3,0.003750279312953353,,,,
11441,64,3,0.0035769676323980093,,,,
11442,64,3,0.004124601371586323,,,,
11443,64,3,0.0040421513840556145,,,,
11444,64,3,0.003247356042265892,,,,
11445,64,3,0.004228735342621803,,,,
11446,64,3,0.0033110897056758404,,,,
11447,64,3,0.0036034355871379375,,,,
11448,64,3,0.0037886144127696753,,,,
11449,64,3,0.003608639817684889,,,,
11450,64,3,0.0034871958196163177,,,,
11451,64,3,0.004840384237468243,,,,
11452,64,3,0.0048350077122449875,,,,
11453,64,3,0.0031287900637835264,,,,
11454,64,3,0.003887915750965476,,,,
11455,64,3,0.0039694351144135,,,,
11456,64,3,0.0034708515740931034,,,,
11457,64,3,0.0034713696222752333,,,,
11458,64,3,0.0033439844846725464,,,,
11459,64,3,0.0032881461083889008,,,,
11460,64,3,0.003684103488922119,,,,
11461,64,3,0.0030620559118688107,,,,
11462,64,3,0.0039107296615839005,,,,
11463,64,3,0.003696555271744728,,,,
11464,64,3,0.003315754234790802,,,,
11465,64,3,0.0041267359629273415,,,,
11466,64,3,0.0036163623444736004,,,,
11467,64,3,0.00418866565451026,,,,
11468,64,3,0.0038445075042545795,,,,
11469,64,3,0.0036715723108500242,,,,
11470,64,3,0.003619380760937929,,,,
11471,64,3,0.004007972776889801,,,,
11472,64,3,0.0037231980822980404,,,,
11473,64,3,0.003728130366653204,,,,
11474,64,3,0.004052218049764633,,,,
11475,64,3,0.0037621413357555866,,,,
11476,64,3,0.003349377540871501,,,,
11477,64,3,0.0039253998547792435,,,,
11478,64,3,0.003394525032490492,,,,
11479,64,3,0.004027858376502991,,,,
11480,64,3,0.0040495870634913445,,,,
11481,64,3,0.004184923600405455,,,,
11482,64,3,0.00311926007270813,,,,
11483,64,3,0.0032829707488417625,,,,
11484,64,3,0.0036134193651378155,,,,
11485,64,3,0.0038831476122140884,,,,
11486,64,3,0.0034337486140429974,,,,
11487,64,3,0.0034397835843265057,,,,
11488,64,3,0.0036203470081090927,,,,
11489,64,3,0.003793977899476886,,,,
11490,64,3,0.003561867168173194,,,,
11491,64,3,0.003489192109555006,,,,
11492,64,3,0.0034697623923420906,,,,
11493,64,3,0.0029449451249092817,,,,
11494,64,3,0.003654923988506198,,,,
11495,64,3,0.004158275667577982,,,,
11496,64,3,0.004294039681553841,,,,
11497,64,3,0.0032058432698249817,,,,
11498,64,3,0.0031621898524463177,,,,
11499,64,3,0.004242823924869299,,,,
11500,64,3,0.002943970961496234,,,,
11501,64,3,0.0036902804858982563,,,,
11502,64,3,0.0032200440764427185,,,,
11503,64,3,0.003699207678437233,,,,
11504,64,3,0.003472032491117716,,,,
11505,64,3,0.0030069639906287193,,,,
11506,64,3,0.0038797378074377775,,,,
11507,64,3,0.0030495747923851013,,,,
11508,64,3,0.0032906613778322935,,,,
11509,64,3,0.0037891119718551636,,,,
11510,64,3,0.0034444532357156277,,,,
11511,64,3,0.0038766185753047466,,,,
11512,64,3,0.003011080203577876,,,,
11513,64,3,0.004267084412276745,,,,
11514,64,3,0.0037374410312622786,,,,
11515,64,3,0.0033904332667589188,,,,
11516,64,3,0.003241412341594696,,,,
11517,64,3,0.0038621239364147186,,,,
11518,64,3,0.003234344534575939,,,,
11519,64,3,0.0038098404183983803,,,,
11520,64,3,0.0036514634266495705,,,,
11521,64,3,0.003398115513846278,,,,
11522,64,3,0.003172048134729266,,,,
11523,64,3,0.0039792777970433235,,,,
11524,64,3,0.0033238986507058144,,,,
11525,64,3,0.0039060101844370365,,,,
11526,64,3,0.0037418240681290627,,,,
11527,64,3,0.003473264165222645,,,,
11528,64,3,0.0030899271368980408,,,,
11529,64,3,0.0031948904506862164,,,,
11530,64,3,0.003325505880638957,,,,
11531,64,3,0.004003041889518499,,,,
11532,64,3,0.003408748423680663,,,,
11533,64,3,0.0031911591067910194,,,,
11534,64,3,0.0029661215376108885,,,,
11535,64,3,0.0032468396238982677,,,,
11536,64,3,0.0030951667577028275,,,,
11537,64,3,0.003727734787389636,,,,
11538,64,3,0.0032506845891475677,,,,
11539,64,3,0.004000226967036724,,,,
11540,64,3,0.0026945671997964382,,,,
11541,64,3,0.003135895822197199,,,,
11542,64,3,0.004156652372330427,,,,
11543,64,3,0.0038237355183809996,,,,
11544,64,3,0.003357481211423874,,,,
11545,64,3,0.00320464838296175,,,,
11546,64,3,0.003227137727662921,,,,
11547,64,3,0.0031375051476061344,,,,
11548,64,3,0.003242598380893469,,,,
11549,64,3,0.0031884764321148396,,,,
11550,64,3,0.004623432643711567,,,,
11551,64,3,0.0033602137118577957,,,,
11552,64,3,0.0037666847929358482,,,,
11553,64,3,0.004743101075291634,,,,
11554,64,3,0.0036289130803197622,,,,
11555,64,3,0.0036207991652190685,,,,
11556,64,3,0.003218551632016897,,,,
11557,64,3,0.003449060721322894,,,,
11558,64,3,0.003943912219256163,,,,
11559,64,3,0.0030105418991297483,,,,
11560,64,3,0.0035173618234694004,,,,
11561,64,3,0.0033882539719343185,,,,
11562,64,3,0.003372566308826208,,,,
11563,64,3,0.003270933171734214,,,,
11564,64,3,0.0036255940794944763,,,,
11565,64,3,0.004024947062134743,,,,
11566,64,3,0.0032217835541814566,,,,
11567,64,3,0.003401153488084674,,,,
11568,64,3,0.003214370459318161,,,,
11569,64,3,0.0032687222119420767,,,,
11570,64,3,0.0038572340272367,,,,
11571,64,3,0.0034272135235369205,,,,
11572,64,3,0.003237944096326828,,,,
11573,64,3,0.00346185895614326,,,,
11574,64,3,0.0033532679080963135,,,,
11575,64,3,0.0032959028612822294,,,,
11576,64,3,0.003340989351272583,,,,
11577,64,3,0.0036261300556361675,,,,
11578,64,3,0.003011828288435936,,,,
11579,64,3,0.003841735888272524,,,,
11580,64,3,0.00421562185510993,,,,
11581,64,3,0.004112517461180687,,,,
11582,64,3,0.003869643434882164,,,,
11583,64,3,0.0029761975165456533,,,,
11584,64,3,0.004644659347832203,,,,
11585,64,3,0.003728399518877268,,,,
11586,64,3,0.003667321754619479,,,,
11587,64,3,0.003371225669980049,,,,
11588,64,3,0.0039845118299126625,,,,
11589,64,3,0.0037328670732676983,,,,
11590,64,3,0.003584244754165411,,,,
11591,64,3,0.002982137259095907,,,,
11592,64,3,0.0034087682142853737,,,,
11593,64,3,0.0031806014012545347,,,,
11594,64,3,0.0035142134875059128,,,,
11595,64,3,0.0027274824678897858,,,,
11596,64,3,0.0033022414427250624,,,,
11597,64,3,0.0033438229002058506,,,,
11598,64,3,0.00378776784054935,,,,
11599,64,3,0.004068946465849876,,,,
11600,64,3,0.003612988628447056,,,,
11601,64,3,0.003896688809618354,,,,
11602,64,3,0.003535914234817028,,,,
11603,64,3,0.0030373800545930862,,,,
11604,64,3,0.003235815791413188,,,,
11605,64,3,0.003322561737149954,,,,
11606,64,3,0.004412551876157522,,,,
11607,64,3,0.0033820539247244596,,,,
11608,64,3,0.003586649429053068,,,,
11609,64,3,0.003802164923399687,,,,
11610,64,3,0.003661516821011901,,,,
11611,64,3,0.0033638360910117626,,,,
11612,64,3,0.0033195349387824535,,,,
11613,64,3,0.0031848351936787367,,,,
11614,64,3,0.0035977624356746674,,,,
11615,64,3,0.003292572218924761,,,,
11616,64,3,0.0031618119683116674,,,,
11617,64,3,0.0028365652542561293,,,,
11618,64,3,0.0032085261773318052,,,,
11619,64,3,0.003664279356598854,,,,
11620,64,3,0.0032148626632988453,,,,
11621,64,3,0.0035333100240677595,,,,
11622,64,3,0.0034646340645849705,,,,
11623,64,3,0.003840645309537649,,,,
11624,64,3,0.003780949395149946,,,,
11625,64,3,0.003805371932685375,,,,
11626,64,3,0.0037491614930331707,,,,
11627,64,3,0.0038125719875097275,,,,
11628,64,3,0.0033418822567909956,,,,
11629,64,3,0.003597425762563944,,,,
11630,64,3,0.003777775913476944,,,,
11631,64,3,0.004654484800994396,,,,
11632,64,3,0.003736811224371195,,,,
11633,64,3,0.0034663528203964233,,,,
11634,64,3,0.0033647704403847456,,,,
11635,64,3,0.004557168111205101,,,,
11636,64,3,0.00339342444203794,,,,
11637,64,3,0.003578470554202795,,,,
11638,64,3,0.0033041618298739195,,,,
11639,64,3,0.0033192294649779797,,,,
11640,64,3,0.003573592286556959,,,,
11641,64,3,0.003499054117128253,,,,
11642,64,3,0.0036354209296405315,,,,
11643,64,3,0.0035079519730061293,,,,
11644,64,3,0.00412331148982048,,,,
11645,64,3,0.003461797721683979,,,,
11646,64,3,0.0038806048687547445,,,,
11647,64,3,0.0034595304168760777,,,,
11648,64,3,0.004414278548210859,,,,
11649,64,3,0.0038615006487816572,,,,
11650,64,3,0.003237002296373248,,,,
11651,64,3,0.0036842329427599907,,,,
11652,64,3,0.0031235383357852697,,,,
11653,64,3,0.002835294231772423,,,,
11654,64,3,0.003829430788755417,,,,
11655,64,3,0.0034569352865219116,,,,
11656,64,3,0.0030431717168539762,,,,
11657,64,3,0.0036432240158319473,,,,
11658,64,3,0.0037548369728028774,,,,
11659,64,3,0.004052413161844015,,,,
11660,64,3,0.0031214558985084295,,,,
11661,64,3,0.004159973468631506,,,,
11662,64,3,0.003378403838723898,,,,
11663,64,3,0.0038312948308885098,,,,
11664,64,3,0.003623311873525381,,,,
11665,64,3,0.003754568053409457,,,,
11666,64,3,0.004073704592883587,,,,
11667,64,3,0.0032192165963351727,,,,
11668,64,3,0.0034717086236923933,,,,
11669,64,3,0.0037965085357427597,,,,
11670,64,3,0.0036331936717033386,,,,
11671,64,3,0.003928912803530693,,,,
11672,64,3,0.003792580682784319,,,,
11673,64,3,0.0033779151272028685,,,,
11674,64,3,0.003486940171569586,,,,
11675,64,3,0.0031729477923363447,,,,
11676,64,3,0.003155236830934882,,,,
11677,64,3,0.004074703436344862,,,,
11678,64,3,0.0034761950373649597,,,,
11679,64,3,0.003598833456635475,,,,
11680,64,3,0.002899492159485817,,,,
11681,64,3,0.003221975639462471,,,,
11682,64,3,0.0032135897781699896,,,,
11683,64,3,0.0038567539304494858,,,,
11684,64,3,0.00331890769302845,,,,
11685,64,3,0.0029808632098138332,,,,
11686,64,3,0.004056654870510101,,,,
11687,64,3,0.0030841620173305273,,,,
11688,64,3,0.003504836931824684,,,,
11689,64,3,0.0036585673224180937,,,,
11690,64,3,0.003829746972769499,,,,
11691,64,3,0.004073651973158121,,,,
11692,64,3,0.003061414696276188,,,,
11693,64,3,0.0039726486429572105,,,,
11694,64,3,0.004370860755443573,,,,
11695,64,3,0.0039027181919664145,,,,
11696,64,3,0.0036779928486794233,,,,
11697,64,3,0.003298091469332576,,,,
11698,64,3,0.003066577482968569,,,,
11699,64,3,0.003092514118179679,,,,
11700,64,3,0.003577782539650798,,,,
11701,64,3,0.004176759626716375,,,,
11702,64,3,0.0038446765393018723,,,,
11703,64,3,0.00334677891805768,,,,
11704,64,3,0.0032838773913681507,,,,
11705,64,3,0.004160073585808277,,,,
11706,64,3,0.0032654728274792433,,,,
11707,64,3,0.0033959976863116026,,,,
11708,64,3,0.00414653867483139,,,,
11709,64,3,0.003308086423203349,,,,
11710,64,3,0.00463319756090641,,,,
11711,64,3,0.0035816985182464123,,,,
11712,64,3,0.0031172465533018112,,,,
11713,64,3,0.0036598220467567444,,,,
11714,64,3,0.003809798276051879,,,,
11715,64,3,0.0032833521254360676,,,,
11716,64,3,0.003129414049908519,,,,
11717,64,3,0.003479966428130865,,,,
11718,64,3,0.0037061250768601894,,,,
11719,64,3,0.0034713305067270994,,,,
11720,64,3,0.0031106285750865936,,,,
11721,64,3,0.004266628995537758,,,,
11722,64,3,0.003168798517435789,,,,
11723,64,3,0.0034215999767184258,,,,
11724,64,3,0.0033747046254575253,,,,
11725,64,3,0.003550104796886444,,,,
11726,64,3,0.003401871770620346,,,,
11727,64,3,0.0031277774833142757,,,,
11728,64,3,0.0035382118076086044,,,,
11729,64,3,0.0043393648229539394,,,,
11730,64,3,0.0033582928590476513,,,,
11731,64,3,0.0035883919335901737,,,,
11732,64,3,0.0038240381982177496,,,,
11733,64,3,0.0034754443913698196,,,,
11734,64,3,0.003637355752289295,,,,
11735,64,3,0.003076887223869562,,,,
11736,64,3,0.00257739145308733,,,,
11737,64,3,0.0031351621728390455,,,,
11738,64,3,0.0033280602656304836,,,,
11739,64,3,0.0033857650123536587,,,,
11740,64,3,0.004320667125284672,,,,
11741,64,3,0.004032379016280174,,,,
11742,64,3,0.0034300019033253193,,,,
11743,64,3,0.004253079183399677,,,,
11744,64,3,0.0030072759836912155,,,,
11745,64,3,0.0032250038348138332,,,,
11746,64,3,0.0035827765241265297,,,,
11747,64,3,0.003068165620788932,,,,
11748,64,3,0.00360850035212934,,,,
11749,64,3,0.0034284680150449276,,,,
11750,64,3,0.0030777831561863422,,,,
11751,64,3,0.003247847780585289,,,,
11752,64,3,0.003269881010055542,,,,
11753,64,3,0.0029230043292045593,,,,
11754,64,3,0.0034576966427266598,,,,
11755,64,3,0.0040475158020854,,,,
11756,64,3,0.003551420522853732,,,,
11757,64,3,0.00326656736433506,,,,
11758,64,3,0.003622717224061489,,,,
11759,64,3,0.003189463634043932,,,,
11760,64,3,0.0027863874565809965,,,,
11761,64,3,0.003999791573733091,,,,
11762,64,3,0.0027579856105148792,,,,
11763,64,3,0.003697975305840373,,,,
11764,64,3,0.003620365634560585,,,,
11765,64,3,0.003412379417568445,,,,
11766,64,3,0.0038065973203629255,,,,
11767,64,3,0.00481454050168395,,,,
11768,64,3,0.0031295381486415863,,,,
11769,64,3,0.0034717970993369818,,,,
11770,64,3,0.003864501602947712,,,,
11771,64,3,0.0038301299791783094,,,,
11772,64,3,0.0034935350995510817,,,,
11773,64,3,0.0033159032464027405,,,,
11774,64,3,0.003180871717631817,,,,
11775,64,3,0.0035187024623155594,,,,
11776,64,3,0.0033414389472454786,,,,
11777,64,3,0.003274766495451331,,,,
11778,64,3,0.0030299839563667774,,,,
11779,64,3,0.004330486059188843,,,,
11780,64,3,0.003341068048030138,,,,
11781,64,3,0.0030685439705848694,,,,
11782,64,3,0.0035414504818618298,,,,
11783,64,3,0.00334133836440742,,,,
11784,64,3,0.0032422570511698723,,,,
11785,64,3,0.003719247644767165,,,,
11786,64,3,0.003899805946275592,,,,
11787,64,3,0.0038665977772325277,,,,
11788,64,3,0.003843337297439575,,,,
11789,64,3,0.0036826590076088905,,,,
11790,64,3,0.0034728646278381348,,,,
11791,64,3,0.004025588743388653,,,,
11792,64,3,0.0029785973019897938,,,,
11793,64,3,0.0033511058427393436,,,,
11794,64,3,0.0035465627443045378,,,,
11795,64,3,0.003595542861148715,,,,
11796,64,3,0.00417421106249094,,,,
11797,64,3,0.004256213083863258,,,,
11798,64,3,0.003575262613594532,,,,
11799,64,3,0.0037360619753599167,,,,
11800,64,3,0.0042171357199549675,,,,
11801,64,3,0.0036353308241814375,,,,
11802,64,3,0.0036712815053761005,,,,
11803,64,3,0.0038965288549661636,,,,
11804,64,3,0.003398169530555606,,,,
11805,64,3,0.0032463360112160444,,,,
11806,64,3,0.0036757648922502995,,,,
11807,64,3,0.003372815903276205,,,,
11808,64,3,0.003209274262189865,,,,
11809,64,3,0.0034295180812478065,,,,
11810,64,3,0.003672410501167178,,,,
11811,64,3,0.0033323215320706367,,,,
11812,64,3,0.0032423110678792,,,,
11813,64,3,0.003194086253643036,,,,
11814,64,3,0.003976569510996342,,,,
11815,64,3,0.0034637346398085356,,,,
11816,64,3,0.003939616493880749,,,,
11817,64,3,0.0031055319122970104,,,,
11818,64,3,0.0030952319502830505,,,,
11819,64,3,0.00308513967320323,,,,
11820,64,3,0.0031707119196653366,,,,
11821,64,3,0.0033338903449475765,,,,
11822,64,3,0.0032996488735079765,,,,
11823,64,3,0.0032275342382490635,,,,
11824,64,3,0.002940728794783354,,,,
11825,64,3,0.0031661037355661392,,,,
11826,64,3,0.003484779968857765,,,,
11827,64,3,0.003635318949818611,,,,
11828,64,3,0.002997469622641802,,,,
11829,64,3,0.0035287397913634777,,,,
11830,64,3,0.003579102922230959,,,,
11831,64,3,0.003034452674910426,,,,
11832,64,3,0.003489280119538307,,,,
11833,64,3,0.003476902609691024,,,,
11834,64,3,0.0032136503141373396,,,,
11835,64,3,0.004557575099170208,,,,
11836,64,3,0.00348373013548553,,,,
11837,64,3,0.0031157745979726315,,,,
11838,64,3,0.003943702206015587,,,,
11839,64,3,0.0039084237068891525,,,,
11840,64,3,0.0036515304818749428,,,,
11841,64,3,0.0028699953109025955,,,,
11842,64,3,0.004129075910896063,,,,
11843,64,3,0.004151821136474609,,,,
11844,64,3,0.003951268270611763,,,,
11845,64,3,0.0034302901476621628,,,,
11846,64,3,0.0031935530714690685,,,,
11847,64,3,0.0036429304163903,,,,
11848,64,3,0.003768565831705928,,,,
11849,64,3,0.0034942375496029854,,,,
11850,64,3,0.004389104433357716,,,,
11851,64,3,0.0038697384297847748,,,,
11852,64,3,0.003959518391638994,,,,
11853,64,3,0.0035424865782260895,,,,
11854,64,3,0.003412316320464015,,,,
11855,64,3,0.0036246206145733595,,,,
11856,64,3,0.0031688963063061237,,,,
11857,64,3,0.0034192739985883236,,,,
11858,64,3,0.003271890804171562,,,,
11859,64,3,0.0034935050643980503,,,,
11860,64,3,0.0038913253229111433,,,,
11861,64,3,0.0033892039209604263,,,,
11862,64,3,0.0038621551357209682,,,,
11863,64,3,0.003362919669598341,,,,
11864,64,3,0.003514602780342102,,,,
11865,64,3,0.0039852457121014595,,,,
11866,64,3,0.0032815623562783003,,,,
11867,64,3,0.0035872654989361763,,,,
11868,64,3,0.0037734340876340866,,,,
11869,64,3,0.0034076212905347347,,,,
11870,64,3,0.0029791221022605896,,,,
11871,64,3,0.0035692162346094847,,,,
11872,64,3,0.003950174897909164,,,,
11873,64,3,0.0035101654939353466,,,,
11874,64,3,0.003153232391923666,,,,
11875,64,3,0.003843078389763832,,,,
11876,64,3,0.003288277192041278,,,,
11877,64,3,0.003680347464978695,,,,
11878,64,3,0.00333906221203506,,,,
11879,64,3,0.0033852015621960163,,,,
11880,64,3,0.0032274480909109116,,,,
11881,64,3,0.0037010505329817533,,,,
11882,64,3,0.003515272168442607,,,,
11883,64,3,0.0039015605580061674,,,,
11884,64,3,0.003577092196792364,,,,
11885,64,3,0.0036526164039969444,,,,
11886,64,3,0.003579583717510104,,,,
11887,64,3,0.003313882276415825,,,,
11888,64,3,0.004879435524344444,,,,
11889,64,3,0.003544616512954235,,,,
11890,64,3,0.0034974594600498676,,,,
11891,64,3,0.003381467191502452,,,,
11892,64,3,0.003981993533670902,,,,
11893,64,3,0.0036292995791882277,,,,
11894,64,3,0.0034766271710395813,,,,
11895,64,3,0.004289496690034866,,,,
11896,64,3,0.003986820578575134,,,,
11897,64,3,0.0037835713010281324,,,,
11898,64,3,0.003035819623619318,,,,
11899,64,3,0.002994696144014597,,,,
11900,64,3,0.002428380772471428,,,,
11901,64,3,0.0034776306711137295,,,,
11902,64,3,0.003276512725278735,,,,
11903,64,3,0.003688401309773326,,,,
11904,64,3,0.004077630117535591,,,,
11905,64,3,0.0038893958553671837,,,,
11906,64,3,0.0032401762437075377,,,,
11907,64,3,0.004040397237986326,,,,
11908,64,3,0.003418751060962677,,,,
11909,64,3,0.0031271472107619047,,,,
11910,64,3,0.003986386116594076,,,,
11911,64,3,0.0037393688689917326,,,,
11912,64,3,0.0031092341523617506,,,,
11913,64,3,0.00360802817158401,,,,
11914,64,3,0.004778148606419563,,,,
11915,64,3,0.0035452377051115036,,,,
11916,64,3,0.003630721475929022,,,,
11917,64,3,0.0034179319627583027,,,,
11918,64,3,0.0033984091132879257,,,,
11919,64,3,0.0034306030720472336,,,,
11920,64,3,0.0034527943935245275,,,,
11921,64,3,0.003190448507666588,,,,
11922,64,3,0.003644555574283004,,,,
11923,64,3,0.0034002314787358046,,,,
11924,64,3,0.00360993854701519,,,,
11925,64,3,0.004130043089389801,,,,
11926,64,3,0.0035240063443779945,,,,
11927,64,3,0.004433879628777504,,,,
11928,64,3,0.0035777329467236996,,,,
11929,64,3,0.003324562683701515,,,,
11930,64,3,0.0037102852948009968,,,,
11931,64,3,0.003561372635886073,,,,
11932,64,3,0.003779680235311389,,,,
11933,64,3,0.0032147951424121857,,,,
11934,64,3,0.0031172852031886578,,,,
11935,64,3,0.003193468786776066,,,,
11936,64,3,0.0035309894010424614,,,,
11937,64,3,0.0035964250564575195,,,,
11938,64,3,0.0032288532238453627,,,,
11939,64,3,0.003674723207950592,,,,
11940,64,3,0.0031447075307369232,,,,
11941,64,3,0.0033289380371570587,,,,
11942,64,3,0.002947824075818062,,,,
11943,64,3,0.0033660330809652805,,,,
11944,64,3,0.004282442852854729,,,,
11945,64,3,0.0038314517587423325,,,,
11946,64,3,0.0034028757363557816,,,,
11947,64,3,0.003801744431257248,,,,
11948,64,3,0.0038876596372574568,,,,
11949,64,3,0.003604381810873747,,,,
11950,64,3,0.0034272554330527782,,,,
11951,64,3,0.0030399158131331205,,,,
11952,64,3,0.003201201092451811,,,,
11953,64,3,0.003775543998926878,,,,
11954,64,3,0.0035599148832261562,,,,
11955,64,3,0.002945026382803917,,,,
11956,64,3,0.003613172797486186,,,,
11957,64,3,0.0038645751774311066,,,,
11958,64,3,0.0029674663674086332,,,,
11959,64,3,0.0030118231661617756,,,,
11960,64,3,0.003070086007937789,,,,
11961,64,3,0.004005490802228451,,,,
11962,64,3,0.0037391684018075466,,,,
11963,64,3,0.0031238654628396034,,,,
11964,64,3,0.003495903452858329,,,,
11965,64,3,0.004118790850043297,,,,
11966,64,3,0.004021255765110254,,,,
11967,64,3,0.003071460872888565,,,,
11968,64,3,0.004003243520855904,,,,
11969,64,3,0.003771541640162468,,,,
11970,64,3,0.004346401896327734,,,,
11971,64,3,0.0028349149506539106,,,,
11972,64,3,0.0035235402174293995,,,,
11973,64,3,0.0032770351972430944,,,,
11974,64,3,0.00490917032584548,,,,
11975,64,3,0.003540701000019908,,,,
11976,64,3,0.0034146886318922043,,,,
11977,64,3,0.003886997699737549,,,,
11978,64,3,0.0036981990560889244,,,,
11979,64,3,0.0037121667992323637,,,,
11980,64,3,0.003963464871048927,,,,
11981,64,3,0.003888827282935381,,,,
11982,64,3,0.004208970814943314,,,,
11983,64,3,0.004438198637217283,,,,
11984,64,3,0.0033238455653190613,,,,
11985,64,3,0.004213039297610521,,,,
11986,64,3,0.0035087240394204855,,,,
11987,64,3,0.0035980059765279293,,,,
11988,64,3,0.0033793882466852665,,,,
11989,64,3,0.0037223452236503363,,,,
11990,64,3,0.003952274098992348,,,,
11991,64,3,0.0035688593052327633,,,,
11992,64,3,0.003941906150430441,,,,
11993,64,3,0.003521089209243655,,,,
11994,64,3,0.0034096580930054188,,,,
11995,64,3,0.003467133268713951,,,,
11996,64,3,0.005126317031681538,,,,
11997,64,3,0.0039294082671403885,,,,
11998,64,3,0.00353996641933918,,,,
11999,64,3,0.0035069368313997984,,,,
12000,64,3,0.004282286390662193,,0.007904112056650698,0.8207785316247063,22.177391083416122
12001,64,3,0.004851766861975193,,,,
12002,64,3,0.0036301303189247847,,,,
12003,64,3,0.0029710966628044844,,,,
12004,64,3,0.003719715867191553,,,,
12005,64,3,0.0036939457058906555,,,,
12006,64,3,0.0044759418815374374,,,,
12007,64,3,0.0037897273432463408,,,,
12008,64,3,0.0034603974781930447,,,,
12009,64,3,0.004500815644860268,,,,
12010,64,3,0.004208466038107872,,,,
12011,64,3,0.00409769406542182,,,,
12012,64,3,0.003548979526385665,,,,
12013,64,3,0.0037574328016489744,,,,
12014,64,3,0.003832190064713359,,,,
12015,64,3,0.004458437208086252,,,,
12016,64,3,0.003189483657479286,,,,
12017,64,3,0.004186123609542847,,,,
12018,64,3,0.00437778327614069,,,,
12019,64,3,0.004764989018440247,,,,
12020,64,3,0.003425756935030222,,,,
12021,64,3,0.004026084206998348,,,,
12022,64,3,0.003934547305107117,,,,
12023,64,3,0.0035381312482059,,,,
12024,64,3,0.003661657450720668,,,,
12025,64,3,0.0034277315717190504,,,,
12026,64,3,0.003706806106492877,,,,
12027,64,3,0.0044202194549143314,,,,
12028,64,3,0.0034530125558376312,,,,
12029,64,3,0.004783529322594404,,,,
12030,64,3,0.00464014895260334,,,,
12031,64,3,0.0042623067274689674,,,,
12032,64,3,0.003361539449542761,,,,
12033,64,3,0.0036129362415522337,,,,
12034,64,3,0.004226868040859699,,,,
12035,64,3,0.0040981704369187355,,,,
12036,64,3,0.004716680385172367,,,,
12037,64,3,0.003821680322289467,,,,
12038,64,3,0.00384122203104198,,,,
12039,64,3,0.003797632409259677,,,,
12040,64,3,0.004036498721688986,,,,
12041,64,3,0.003949539270251989,,,,
12042,64,3,0.003783262800425291,,,,
12043,64,3,0.004187143407762051,,,,
12044,64,3,0.0035861264914274216,,,,
12045,64,3,0.003357331734150648,,,,
12046,64,3,0.0035799145698547363,,,,
12047,64,3,0.004200710915029049,,,,
12048,64,3,0.003785032546147704,,,,
12049,64,3,0.0030401055701076984,,,,
12050,64,3,0.003935075365006924,,,,
12051,64,3,0.0037596633192151785,,,,
12052,64,3,0.003680744208395481,,,,
12053,64,3,0.00357281556352973,,,,
12054,64,3,0.004053842276334763,,,,
12055,64,3,0.0035180943086743355,,,,
12056,64,3,0.004595435224473476,,,,
12057,64,3,0.0030822306871414185,,,,
12058,64,3,0.0036833174526691437,,,,
12059,64,3,0.004079191014170647,,,,
12060,64,3,0.0030662871431559324,,,,
12061,64,3,0.0036007415037602186,,,,
12062,64,3,0.0035931221209466457,,,,
12063,64,3,0.003239429323002696,,,,
12064,64,3,0.003938909620046616,,,,
12065,64,3,0.0043116966262459755,,,,
12066,64,3,0.0034008368384093046,,,,
12067,64,3,0.003447203664109111,,,,
12068,64,3,0.0037313271313905716,,,,
12069,64,3,0.0040940591134130955,,,,
12070,64,3,0.0035284697078168392,,,,
12071,64,3,0.0041371360421180725,,,,
12072,64,3,0.004211032297462225,,,,
12073,64,3,0.0035806777887046337,,,,
12074,64,3,0.0036704931408166885,,,,
12075,64,3,0.0035631689243018627,,,,
12076,64,3,0.003466600552201271,,,,
12077,64,3,0.003199054626747966,,,,
12078,64,3,0.003788391826674342,,,,
12079,64,3,0.0034166404511779547,,,,
12080,64,3,0.0036314520984888077,,,,
12081,64,3,0.0036723054945468903,,,,
12082,64,3,0.0034967567771673203,,,,
12083,64,3,0.00328713096678257,,,,
12084,64,3,0.0030619229655712843,,,,
12085,64,3,0.0037329657934606075,,,,
12086,64,3,0.0035661901347339153,,,,
12087,64,3,0.003500325372442603,,,,
12088,64,3,0.0034723649732768536,,,,
12089,64,3,0.004585818387567997,,,,
12090,64,3,0.0034100234042853117,,,,
12091,64,3,0.0039711035788059235,,,,
12092,64,3,0.004416246898472309,,,,
12093,64,3,0.006018425803631544,,,,
12094,64,3,0.003948606550693512,,,,
12095,64,3,0.0037546083331108093,,,,
12096,64,3,0.0037921450566500425,,,,
12097,64,3,0.004121066071093082,,,,
12098,64,3,0.0033906586468219757,,,,
12099,64,3,0.003999132197350264,,,,
12100,64,3,0.004069056361913681,,,,
12101,64,3,0.0032768361270427704,,,,
12102,64,3,0.00400560675188899,,,,
12103,64,3,0.003921967931091785,,,,
12104,64,3,0.0040905289351940155,,,,
12105,64,3,0.0035295854322612286,,,,
12106,64,3,0.0037761793937534094,,,,
12107,64,3,0.002782712457701564,,,,
12108,64,3,0.004143614321947098,,,,
12109,64,3,0.003989795688539743,,,,
12110,64,3,0.004045083187520504,,,,
12111,64,3,0.004266445524990559,,,,
12112,64,3,0.0029991636984050274,,,,
12113,64,3,0.0028702830895781517,,,,
12114,64,3,0.003196459962055087,,,,
12115,64,3,0.004429878666996956,,,,
12116,64,3,0.003585743485018611,,,,
12117,64,3,0.00308621465228498,,,,
12118,64,3,0.0037092375569045544,,,,
12119,64,3,0.0036710426211357117,,,,
12120,64,3,0.003426269395276904,,,,
12121,64,3,0.003829069435596466,,,,
12122,64,3,0.0032812338322401047,,,,
12123,64,3,0.0031928084790706635,,,,
12124,64,3,0.0036594585981220007,,,,
12125,64,3,0.0037571415305137634,,,,
12126,64,3,0.0035544957499951124,,,,
12127,64,3,0.004188510589301586,,,,
12128,64,3,0.0036400649696588516,,,,
12129,64,3,0.0036065150052309036,,,,
12130,64,3,0.0035147040616720915,,,,
12131,64,3,0.003929107915610075,,,,
12132,64,3,0.0036019389517605305,,,,
12133,64,3,0.00366828590631485,,,,
12134,64,3,0.0033383439294993877,,,,
12135,64,3,0.0035576398950070143,,,,
12136,64,3,0.0030549101065844297,,,,
12137,64,3,0.0040589021518826485,,,,
12138,64,3,0.003666981589049101,,,,
12139,64,3,0.0035905286204069853,,,,
12140,64,3,0.0030705039389431477,,,,
12141,64,3,0.0035104299895465374,,,,
12142,64,3,0.004117305390536785,,,,
12143,64,3,0.0039495257660746574,,,,
12144,64,3,0.0033442541025578976,,,,
12145,64,3,0.004269866272807121,,,,
12146,64,3,0.0037909094244241714,,,,
12147,64,3,0.0037565347738564014,,,,
12148,64,3,0.0034948340617120266,,,,
12149,64,3,0.003316548652946949,,,,
12150,64,3,0.003181334352120757,,,,
12151,64,3,0.0033932537771761417,,,,
12152,64,3,0.0037539310287684202,,,,
12153,64,3,0.004203222692012787,,,,
12154,64,3,0.003350190818309784,,,,
12155,64,3,0.003199891187250614,,,,
12156,64,3,0.0038790758699178696,,,,
12157,64,3,0.003782876767218113,,,,
12158,64,3,0.003929730970412493,,,,
12159,64,3,0.0033799882512539625,,,,
12160,64,3,0.003789460752159357,,,,
12161,64,3,0.0034543590154498816,,,,
12162,64,3,0.0032293032854795456,,,,
12163,64,3,0.0044431183487176895,,,,
12164,64,3,0.004179213661700487,,,,
12165,64,3,0.0033208858221769333,,,,
12166,64,3,0.004457233473658562,,,,
12167,64,3,0.002877346705645323,,,,
12168,64,3,0.0033878327812999487,,,,
12169,64,3,0.003699975088238716,,,,
12170,64,3,0.004064120817929506,,,,
12171,64,3,0.003838789649307728,,,,
12172,64,3,0.004621561150997877,,,,
12173,64,3,0.004010068252682686,,,,
12174,64,3,0.00334754167124629,,,,
12175,64,3,0.0034541047643870115,,,,
12176,64,3,0.0036270665004849434,,,,
12177,64,3,0.003269375069066882,,,,
12178,64,3,0.003520024474710226,,,,
12179,64,3,0.003388718469068408,,,,
12180,64,3,0.003567476524040103,,,,
12181,64,3,0.003474196419119835,,,,
12182,64,3,0.004099135287106037,,,,
12183,64,3,0.003317643655464053,,,,
12184,64,3,0.003549435641616583,,,,
12185,64,3,0.0036192515399307013,,,,
12186,64,3,0.003249546978622675,,,,
12187,64,3,0.004535396583378315,,,,
12188,64,3,0.0033364761620759964,,,,
12189,64,3,0.0030483396258205175,,,,
12190,64,3,0.003294197842478752,,,,
12191,64,3,0.003371212398633361,,,,
12192,64,3,0.0037568137049674988,,,,
12193,64,3,0.0034526754170656204,,,,
12194,64,3,0.0038166537415236235,,,,
12195,64,3,0.004335805308073759,,,,
12196,64,3,0.0027233129367232323,,,,
12197,64,3,0.0033693525474518538,,,,
12198,64,3,0.004076804034411907,,,,
12199,64,3,0.003609487321227789,,,,
12200,64,3,0.0034884316846728325,,,,
12201,64,3,0.0028244778513908386,,,,
12202,64,3,0.003440283238887787,,,,
12203,64,3,0.003447082592174411,,,,
12204,64,3,0.0031109186820685863,,,,
12205,64,3,0.0036999047733843327,,,,
12206,64,3,0.004137353040277958,,,,
12207,64,3,0.003180088009685278,,,,
12208,64,3,0.0035729464143514633,,,,
12209,64,3,0.0032704677432775497,,,,
12210,64,3,0.004375663585960865,,,,
12211,64,3,0.003211704548448324,,,,
12212,64,3,0.0031388243660330772,,,,
12213,64,3,0.003606889396905899,,,,
12214,64,3,0.003397462423890829,,,,
12215,64,3,0.0035601246636360884,,,,
12216,64,3,0.0036834441125392914,,,,
12217,64,3,0.004234480671584606,,,,
12218,64,3,0.00435660732910037,,,,
12219,64,3,0.003353564999997616,,,,
12220,64,3,0.003997785970568657,,,,
12221,64,3,0.0038105284329503775,,,,
12222,64,3,0.0034659148659557104,,,,
12223,64,3,0.002969753695651889,,,,
12224,64,3,0.00351504934951663,,,,
12225,64,3,0.003713937010616064,,,,
12226,64,3,0.0036749965511262417,,,,
12227,64,3,0.004169627092778683,,,,
12228,64,3,0.0030833992641419172,,,,
12229,64,3,0.003328633261844516,,,,
12230,64,3,0.003319128882139921,,,,
12231,64,3,0.003989418502897024,,,,
12232,64,3,0.004283750429749489,,,,
12233,64,3,0.003990328870713711,,,,
12234,64,3,0.004029594361782074,,,,
12235,64,3,0.0037647103890776634,,,,
12236,64,3,0.003253944916650653,,,,
12237,64,3,0.003825755324214697,,,,
12238,64,3,0.0033669606782495975,,,,
12239,64,3,0.003996299579739571,,,,
12240,64,3,0.003955037333071232,,,,
12241,64,3,0.004144382197409868,,,,
12242,64,3,0.0033394116908311844,,,,
12243,64,3,0.0038545518182218075,,,,
12244,64,3,0.004238845314830542,,,,
12245,64,3,0.003860458731651306,,,,
12246,64,3,0.004378367215394974,,,,
12247,64,3,0.004071568138897419,,,,
12248,64,3,0.004272406920790672,,,,
12249,64,3,0.003525116480886936,,,,
12250,64,3,0.004096359014511108,,,,
12251,64,3,0.0037967036478221416,,,,
12252,64,3,0.0033709723502397537,,,,
12253,64,3,0.004077143967151642,,,,
12254,64,3,0.0037577319890260696,,,,
12255,64,3,0.0046617500483989716,,,,
12256,64,3,0.004337156191468239,,,,
12257,64,3,0.005821160972118378,,,,
12258,64,3,0.00434516416862607,,,,
12259,64,3,0.0039043761789798737,,,,
12260,64,3,0.004862528759986162,,,,
12261,64,3,0.004272811114788055,,,,
12262,64,3,0.003488006768748164,,,,
12263,64,3,0.003611456137150526,,,,
12264,64,3,0.004047830123454332,,,,
12265,64,3,0.003551214002072811,,,,
12266,64,3,0.0037878367584198713,,,,
12267,64,3,0.004543505609035492,,,,
12268,64,3,0.003540846286341548,,,,
12269,64,3,0.003241631668061018,,,,
12270,64,3,0.004083067178726196,,,,
12271,64,3,0.0036604800261557102,,,,
12272,64,3,0.0038325104396790266,,,,
12273,64,3,0.0038087680004537106,,,,
12274,64,3,0.0041658915579319,,,,
12275,64,3,0.003776328172534704,,,,
12276,64,3,0.0036915435921400785,,,,
12277,64,3,0.0037773801013827324,,,,
12278,64,3,0.0035908957943320274,,,,
12279,64,3,0.004103495739400387,,,,
12280,64,3,0.003279897151514888,,,,
12281,64,3,0.003964388743042946,,,,
12282,64,3,0.003424647031351924,,,,
12283,64,3,0.003874054877087474,,,,
12284,64,3,0.0035328748635947704,,,,
12285,64,3,0.0036112002562731504,,,,
12286,64,3,0.003844051156193018,,,,
12287,64,3,0.004152729641646147,,,,
12288,64,3,0.0036866783630102873,,,,
12289,64,3,0.003396306186914444,,,,
12290,64,3,0.00440509058535099,,,,
12291,64,3,0.0033225086517632008,,,,
12292,64,3,0.0037011895328760147,,,,
12293,64,3,0.004346037283539772,,,,
12294,64,3,0.003727830946445465,,,,
12295,64,3,0.0033588469959795475,,,,
12296,64,3,0.004283170215785503,,,,
12297,64,3,0.003805751446634531,,,,
12298,64,3,0.003390474012121558,,,,
12299,64,3,0.0032402228098362684,,,,
12300,64,3,0.0037246900610625744,,,,
12301,64,3,0.0037402035668492317,,,,
12302,64,3,0.003607732243835926,,,,
12303,64,3,0.0037151831202208996,,,,
12304,64,3,0.0036956341937184334,,,,
12305,64,3,0.0029844536911696196,,,,
12306,64,3,0.0033144145272672176,,,,
12307,64,3,0.004287141375243664,,,,
12308,64,3,0.003657616674900055,,,,
12309,64,3,0.003593393135815859,,,,
12310,64,3,0.003721661400049925,,,,
12311,64,3,0.003283662488684058,,,,
12312,64,3,0.0035445995163172483,,,,
12313,64,3,0.0037746536545455456,,,,
12314,64,3,0.0038919872604310513,,,,
12315,64,3,0.0035291453823447227,,,,
12316,64,3,0.0041775768622756,,,,
12317,64,3,0.003738508326932788,,,,
12318,64,3,0.0032552960328757763,,,,
12319,64,3,0.0038872435688972473,,,,
12320,64,3,0.0032650723587721586,,,,
12321,64,3,0.003494249191135168,,,,
12322,64,3,0.00296534295193851,,,,
12323,64,3,0.004392835311591625,,,,
12324,64,3,0.0033972039818763733,,,,
12325,64,3,0.0030554744880646467,,,,
12326,64,3,0.002875023055821657,,,,
12327,64,3,0.0037096356973052025,,,,
12328,64,3,0.003332388587296009,,,,
12329,64,3,0.0037892810069024563,,,,
12330,64,3,0.003518434939906001,,,,
12331,64,3,0.0036179996095597744,,,,
12332,64,3,0.002846624469384551,,,,
12333,64,3,0.0038727109786123037,,,,
12334,64,3,0.003309852909296751,,,,
12335,64,3,0.004570888355374336,,,,
12336,64,3,0.0043816533870995045,,,,
12337,64,3,0.003788800910115242,,,,
12338,64,3,0.0035900201182812452,,,,
12339,64,3,0.003565695136785507,,,,
12340,64,3,0.0033425779547542334,,,,
12341,64,3,0.0034758606925606728,,,,
12342,64,3,0.0032231956720352173,,,,
12343,64,3,0.0037841475568711758,,,,
12344,64,3,0.004734868183732033,,,,
12345,64,3,0.0036533891689032316,,,,
12346,64,3,0.003964787349104881,,,,
12347,64,3,0.0033251503482460976,,,,
12348,64,3,0.003938512876629829,,,,
12349,64,3,0.0040923673659563065,,,,
12350,64,3,0.004269116558134556,,,,
12351,64,3,0.002953422022983432,,,,
12352,64,3,0.0031053374987095594,,,,
12353,64,3,0.004350217990577221,,,,
12354,64,3,0.004276776686310768,,,,
12355,64,3,0.004106645006686449,,,,
12356,64,3,0.005214355885982513,,,,
12357,64,3,0.003911089617758989,,,,
12358,64,3,0.003387532662600279,,,,
12359,64,3,0.003674704348668456,,,,
12360,64,3,0.003545484971255064,,,,
12361,64,3,0.00329899275675416,,,,
12362,64,3,0.0035076490603387356,,,,
12363,64,3,0.0036864490248262882,,,,
12364,64,3,0.004368097987025976,,,,
12365,64,3,0.003199229948222637,,,,
12366,64,3,0.003471947740763426,,,,
12367,64,3,0.003924352116882801,,,,
12368,64,3,0.0038228891789913177,,,,
12369,64,3,0.0037412368692457676,,,,
12370,64,3,0.00335129676386714,,,,
12371,64,3,0.0037421451415866613,,,,
12372,64,3,0.0039259521290659904,,,,
12373,64,3,0.00331871653907001,,,,
12374,64,3,0.003901862306520343,,,,
12375,64,3,0.002863928209990263,,,,
12376,64,3,0.0033631715923547745,,,,
12377,64,3,0.003414881182834506,,,,
12378,64,3,0.002859161701053381,,,,
12379,64,3,0.002580071799457073,,,,
12380,64,3,0.0035868422128260136,,,,
12381,64,3,0.004727763589471579,,,,
12382,64,3,0.0037375378888100386,,,,
12383,64,3,0.0032909575384110212,,,,
12384,64,3,0.00299932062625885,,,,
12385,64,3,0.0037578351330012083,,,,
12386,64,3,0.0032770789694041014,,,,
12387,64,3,0.0036520343273878098,,,,
12388,64,3,0.0035468507558107376,,,,
12389,64,3,0.003078024834394455,,,,
12390,64,3,0.002931899158284068,,,,
12391,64,3,0.0033954214304685593,,,,
12392,64,3,0.003798570018261671,,,,
12393,64,3,0.0033387159928679466,,,,
12394,64,3,0.0037998685147613287,,,,
12395,64,3,0.002954472554847598,,,,
12396,64,3,0.0031543343793600798,,,,
12397,64,3,0.0034991286229342222,,,,
12398,64,3,0.0026629238855093718,,,,
12399,64,3,0.003491316456347704,,,,
12400,64,3,0.003015142632648349,,,,
12401,64,3,0.003463960252702236,,,,
12402,64,3,0.0034484441857784986,,,,
12403,64,3,0.0034102946519851685,,,,
12404,64,3,0.0037820523139089346,,,,
12405,64,3,0.003589185420423746,,,,
12406,64,3,0.0037806404288858175,,,,
12407,64,3,0.0035490242298692465,,,,
12408,64,3,0.0032669815700501204,,,,
12409,64,3,0.0035325000062584877,,,,
12410,64,3,0.0031004108022898436,,,,
12411,64,3,0.0033786073327064514,,,,
12412,64,3,0.00337692117318511,,,,
12413,64,3,0.002676350064575672,,,,
12414,64,3,0.003270895918831229,,,,
12415,64,3,0.003154102247208357,,,,
12416,64,3,0.0029067385476082563,,,,
12417,64,3,0.003644757904112339,,,,
12418,64,3,0.003401117166504264,,,,
12419,64,3,0.0033321776427328587,,,,
12420,64,3,0.003026430495083332,,,,
12421,64,3,0.0029678696300834417,,,,
12422,64,3,0.003204961773008108,,,,
12423,64,3,0.003622193820774555,,,,
12424,64,3,0.0030537298880517483,,,,
12425,64,3,0.0031264270655810833,,,,
12426,64,3,0.0033808439038693905,,,,
12427,64,3,0.0031102809589356184,,,,
12428,64,3,0.003536044619977474,,,,
12429,64,3,0.0029039992950856686,,,,
12430,64,3,0.0034543033689260483,,,,
12431,64,3,0.0029596961103379726,,,,
12432,64,3,0.0033241878263652325,,,,
12433,64,3,0.0035815457813441753,,,,
12434,64,3,0.0033754182513803244,,,,
12435,64,3,0.003853215603157878,,,,
12436,64,3,0.0030038533732295036,,,,
12437,64,3,0.003842361969873309,,,,
12438,64,3,0.0031600119546055794,,,,
12439,64,3,0.00335347349755466,,,,
12440,64,3,0.0032308390364050865,,,,
12441,64,3,0.003516324795782566,,,,
12442,64,3,0.002987331710755825,,,,
12443,64,3,0.0033783193212002516,,,,
12444,64,3,0.0027974345721304417,,,,
12445,64,3,0.0031667277216911316,,,,
12446,64,3,0.003012182889506221,,,,
12447,64,3,0.0038632755167782307,,,,
12448,64,3,0.004004467744380236,,,,
12449,64,3,0.003419870976358652,,,,
12450,64,3,0.003210869152098894,,,,
12451,64,3,0.0037653292529284954,,,,
12452,64,3,0.003944753669202328,,,,
12453,64,3,0.003262801095843315,,,,
12454,64,3,0.0028972947038710117,,,,
12455,64,3,0.003029800020158291,,,,
12456,64,3,0.0035993726924061775,,,,
12457,64,3,0.0031584585085511208,,,,
12458,64,3,0.003707578405737877,,,,
12459,64,3,0.003437589854001999,,,,
12460,64,3,0.0035765140783041716,,,,
12461,64,3,0.002865184796974063,,,,
12462,64,3,0.003787281457334757,,,,
12463,64,3,0.0033893827348947525,,,,
12464,64,3,0.0032649673521518707,,,,
12465,64,3,0.003973126411437988,,,,
12466,64,3,0.002850199118256569,,,,
12467,64,3,0.0028897016309201717,,,,
12468,64,3,0.0033130967058241367,,,,
12469,64,3,0.003128752112388611,,,,
12470,64,3,0.003510997397825122,,,,
12471,64,3,0.004585630260407925,,,,
12472,64,3,0.0033081050496548414,,,,
12473,64,3,0.003003334626555443,,,,
12474,64,3,0.004734684247523546,,,,
12475,64,3,0.004977054428309202,,,,
12476,64,3,0.0032085857819765806,,,,
12477,64,3,0.004332559183239937,,,,
12478,64,3,0.0031420006416738033,,,,
12479,64,3,0.0033268972765654325,,,,
12480,64,3,0.0029545160941779613,,,,
12481,64,3,0.00392408249899745,,,,
12482,64,3,0.0035386322997510433,,,,
12483,64,3,0.003711630590260029,,,,
12484,64,3,0.0034661460667848587,,,,
12485,64,3,0.004280629567801952,,,,
12486,64,3,0.0034707519225776196,,,,
12487,64,3,0.003667425364255905,,,,
12488,64,3,0.004722872748970985,,,,
12489,64,3,0.0030637304298579693,,,,
12490,64,3,0.003020478179678321,,,,
12491,64,3,0.004027096088975668,,,,
12492,64,3,0.003354255575686693,,,,
12493,64,3,0.0033193305134773254,,,,
12494,64,3,0.0043725138530135155,,,,
12495,64,3,0.0031847383361309767,,,,
12496,64,3,0.0038270042277872562,,,,
12497,64,3,0.003425144124776125,,,,
12498,64,3,0.005002723075449467,,,,
12499,64,3,0.003729680087417364,,,,
12500,64,3,0.003419817890971899,,,,
12501,64,3,0.003909253515303135,,,,
12502,64,3,0.004047795198857784,,,,
12503,64,3,0.003534602699801326,,,,
12504,64,3,0.003378606168553233,,,,
12505,64,3,0.0034280670806765556,,,,
12506,64,3,0.0028708891477435827,,,,
12507,64,3,0.00299513409845531,,,,
12508,64,3,0.003983031492680311,,,,
12509,64,3,0.003499538404867053,,,,
12510,64,3,0.00428308779373765,,,,
12511,64,3,0.0034544840455055237,,,,
12512,64,3,0.0033607855439186096,,,,
12513,64,3,0.003214531112462282,,,,
12514,64,3,0.004049570765346289,,,,
12515,64,3,0.0037350361235439777,,,,
12516,64,3,0.003174932673573494,,,,
12517,64,3,0.004103612154722214,,,,
12518,64,3,0.0030023627914488316,,,,
12519,64,3,0.0029993231873959303,,,,
12520,64,3,0.002854097168892622,,,,
12521,64,3,0.004121121019124985,,,,
12522,64,3,0.0035215546377003193,,,,
12523,64,3,0.0034724106080830097,,,,
12524,64,3,0.003682934446260333,,,,
12525,64,3,0.0037789838388562202,,,,
12526,64,3,0.0032982199918478727,,,,
12527,64,3,0.0035629328340291977,,,,
12528,64,3,0.0034903795458376408,,,,
12529,64,3,0.003829571884125471,,,,
12530,64,3,0.0029251445084810257,,,,
12531,64,3,0.0031500065233558416,,,,
12532,64,3,0.003263491205871105,,,,
12533,64,3,0.003561703022569418,,,,
12534,64,3,0.003106165211647749,,,,
12535,64,3,0.0030846900772303343,,,,
12536,64,3,0.003275275696069002,,,,
12537,64,3,0.002714938949793577,,,,
12538,64,3,0.003219630103558302,,,,
12539,64,3,0.00298119499348104,,,,
12540,64,3,0.003254780313000083,,,,
12541,64,3,0.0035165557637810707,,,,
12542,64,3,0.0043364232406020164,,,,
12543,64,3,0.0039027852471917868,,,,
12544,64,3,0.0035476849880069494,,,,
12545,64,3,0.004207930527627468,,,,
12546,64,3,0.003805972635746002,,,,
12547,64,3,0.003805565182119608,,,,
12548,64,3,0.00411092909052968,,,,
12549,64,3,0.004757772199809551,,,,
12550,64,3,0.003470425261184573,,,,
12551,64,3,0.0036556972190737724,,,,
12552,64,3,0.004587274044752121,,,,
12553,64,3,0.004538039676845074,,,,
12554,64,3,0.004557377193123102,,,,
12555,64,3,0.003401729743927717,,,,
12556,64,3,0.003570360830053687,,,,
12557,64,3,0.003411328187212348,,,,
12558,64,3,0.0031886883080005646,,,,
12559,64,3,0.003643464297056198,,,,
12560,64,3,0.003731885924935341,,,,
12561,64,3,0.003566587809473276,,,,
12562,64,3,0.0035062450915575027,,,,
12563,64,3,0.0034895152784883976,,,,
12564,64,3,0.003961020614951849,,,,
12565,64,3,0.0029873023740947247,,,,
12566,64,3,0.004348558373749256,,,,
12567,64,3,0.004139397758990526,,,,
12568,64,3,0.004076287150382996,,,,
12569,64,3,0.0035815523006021976,,,,
12570,64,3,0.003209032816812396,,,,
12571,64,3,0.003965325187891722,,,,
12572,64,3,0.004201923497021198,,,,
12573,64,3,0.0032782298512756824,,,,
12574,64,3,0.0031424290500581264,,,,
12575,64,3,0.004189820494502783,,,,
12576,64,3,0.003523751860484481,,,,
12577,64,3,0.0035220221616327763,,,,
12578,64,3,0.003080153837800026,,,,
12579,64,3,0.0032854601740837097,,,,
12580,64,3,0.0034854132682085037,,,,
12581,64,3,0.0032665026374161243,,,,
12582,64,3,0.0037812739610671997,,,,
12583,64,3,0.003578356932848692,,,,
12584,64,3,0.003797657787799835,,,,
12585,64,3,0.0033517288975417614,,,,
12586,64,3,0.0031140714418143034,,,,
12587,64,3,0.003434795420616865,,,,
12588,64,3,0.0037791214417666197,,,,
12589,64,3,0.003928417805582285,,,,
12590,64,3,0.003684870433062315,,,,
12591,64,3,0.003958485554903746,,,,
12592,64,3,0.003454917576164007,,,,
12593,64,3,0.0032386984676122665,,,,
12594,64,3,0.0030509084463119507,,,,
12595,64,3,0.003038274822756648,,,,
12596,64,3,0.0032926795538514853,,,,
12597,64,3,0.0029580879490822554,,,,
12598,64,3,0.0038037034682929516,,,,
12599,64,3,0.003331395797431469,,,,
12600,64,3,0.004358665086328983,,,,
12601,64,3,0.003314006607979536,,,,
12602,64,3,0.003479254199191928,,,,
12603,64,3,0.0033653746359050274,,,,
12604,64,3,0.0030702841468155384,,,,
12605,64,3,0.0033837563823908567,,,,
12606,64,3,0.00388212688267231,,,,
12607,64,3,0.0034999276977032423,,,,
12608,64,3,0.003484030719846487,,,,
12609,64,3,0.0035192053765058517,,,,
12610,64,3,0.0036965622566640377,,,,
12611,64,3,0.0038514097686856985,,,,
12612,64,3,0.0039530545473098755,,,,
12613,64,3,0.003347557969391346,,,,
12614,64,3,0.003279515542089939,,,,
12615,64,3,0.004804424941539764,,,,
12616,64,3,0.0036284849047660828,,,,
12617,64,3,0.0037906381767243147,,,,
12618,64,3,0.003227569628506899,,,,
12619,64,3,0.0038498088251799345,,,,
12620,64,3,0.0034846661146730185,,,,
12621,64,3,0.0033694026060402393,,,,
12622,64,3,0.003970032557845116,,,,
12623,64,3,0.004017125349491835,,,,
12624,64,3,0.0032634371891617775,,,,
12625,64,3,0.00443961750715971,,,,
12626,64,3,0.0038608878385275602,,,,
12627,64,3,0.004753728397190571,,,,
12628,64,3,0.0037134275771677494,,,,
12629,64,3,0.0034355311654508114,,,,
12630,64,3,0.003301352960988879,,,,
12631,64,3,0.004008177667856216,,,,
12632,64,3,0.0034680792596191168,,,,
12633,64,3,0.003771856427192688,,,,
12634,64,3,0.004310420714318752,,,,
12635,64,3,0.0039243982173502445,,,,
12636,64,3,0.0034023323096334934,,,,
12637,64,3,0.002876147162169218,,,,
12638,64,3,0.0037391912192106247,,,,
12639,64,3,0.003487861715257168,,,,
12640,64,3,0.0033877501264214516,,,,
12641,64,3,0.0027520922012627125,,,,
12642,64,3,0.003456871723756194,,,,
12643,64,3,0.003617106471210718,,,,
12644,64,3,0.003386781318113208,,,,
12645,64,3,0.0035930867306888103,,,,
12646,64,3,0.003456058679148555,,,,
12647,64,3,0.004073424730449915,,,,
12648,64,3,0.0032388027757406235,,,,
12649,64,3,0.0038601397536695004,,,,
12650,64,3,0.004368222318589687,,,,
12651,64,3,0.0042282952927052975,,,,
12652,64,3,0.004903837107121944,,,,
12653,64,3,0.004253685940057039,,,,
12654,64,3,0.003733182791620493,,,,
12655,64,3,0.003927640151232481,,,,
12656,64,3,0.0037839263677597046,,,,
12657,64,3,0.003235498210415244,,,,
12658,64,3,0.0038391496054828167,,,,
12659,64,3,0.003688742406666279,,,,
12660,64,3,0.0033740464132279158,,,,
12661,64,3,0.004139765165746212,,,,
12662,64,3,0.0035398106556385756,,,,
12663,64,3,0.003305664984509349,,,,
12664,64,3,0.0033787149004638195,,,,
12665,64,3,0.003301367163658142,,,,
12666,64,3,0.003920768853276968,,,,
12667,64,3,0.0037357553374022245,,,,
12668,64,3,0.002765285549685359,,,,
12669,64,3,0.0033393320627510548,,,,
12670,64,3,0.0030870174523442984,,,,
12671,64,3,0.003523301798850298,,,,
12672,64,3,0.0037371069192886353,,,,
12673,64,3,0.0032375294249504805,,,,
12674,64,3,0.0035831239074468613,,,,
12675,64,3,0.0034103437792509794,,,,
12676,64,3,0.0034525259397923946,,,,
12677,64,3,0.0028519078623503447,,,,
12678,64,3,0.00347501109354198,,,,
12679,64,3,0.0038015178870409727,,,,
12680,64,3,0.003384545911103487,,,,
12681,64,3,0.003794753924012184,,,,
12682,64,3,0.003130266908556223,,,,
12683,64,3,0.003262505866587162,,,,
12684,64,3,0.0033889960031956434,,,,
12685,64,3,0.0033030682243406773,,,,
12686,64,3,0.003093993989750743,,,,
12687,64,3,0.003777365665882826,,,,
12688,64,3,0.003533572657033801,,,,
12689,64,3,0.003413737751543522,,,,
12690,64,3,0.0033979928120970726,,,,
12691,64,3,0.002842274960130453,,,,
12692,64,3,0.0031984630040824413,,,,
12693,64,3,0.0035480500664561987,,,,
12694,64,3,0.0032428856939077377,,,,
12695,64,3,0.003711231518536806,,,,
12696,64,3,0.0033951937220990658,,,,
12697,64,3,0.003197170328348875,,,,
12698,64,3,0.0033898777328431606,,,,
12699,64,3,0.003201968502253294,,,,
12700,64,3,0.0035789706744253635,,,,
12701,64,3,0.0030290219001471996,,,,
12702,64,3,0.0031224326230585575,,,,
12703,64,3,0.0033933043014258146,,,,
12704,64,3,0.003481654217466712,,,,
12705,64,3,0.0027587104123085737,,,,
12706,64,3,0.0035198871046304703,,,,
12707,64,3,0.004087924491614103,,,,
12708,64,3,0.00298936921171844,,,,
12709,64,3,0.0032399622723460197,,,,
12710,64,3,0.004284033086150885,,,,
12711,64,3,0.003266371553763747,,,,
12712,64,3,0.0030968680512160063,,,,
12713,64,3,0.0032771481201052666,,,,
12714,64,3,0.0032956476788967848,,,,
12715,64,3,0.0032879351638257504,,,,
12716,64,3,0.00376630830578506,,,,
12717,64,3,0.0036261877976357937,,,,
12718,64,3,0.0030585459899157286,,,,
12719,64,3,0.003558096243068576,,,,
12720,64,3,0.0033083446323871613,,,,
12721,64,3,0.003880257485434413,,,,
12722,64,3,0.003356975968927145,,,,
12723,64,3,0.0039085401222109795,,,,
12724,64,3,0.003941774368286133,,,,
12725,64,3,0.003276690375059843,,,,
12726,64,3,0.003819965524598956,,,,
12727,64,3,0.0032470698934048414,,,,
12728,64,3,0.0034167123958468437,,,,
12729,64,3,0.0034595110919326544,,,,
12730,64,3,0.0038471452426165342,,,,
12731,64,3,0.004191472195088863,,,,
12732,64,3,0.0036259302869439125,,,,
12733,64,3,0.003245105966925621,,,,
12734,64,3,0.00317356176674366,,,,
12735,64,3,0.003504248335957527,,,,
12736,64,3,0.003719429951161146,,,,
12737,64,3,0.003161176573485136,,,,
12738,64,3,0.0038082613609731197,,,,
12739,64,3,0.0030529447831213474,,,,
12740,64,3,0.003534957766532898,,,,
12741,64,3,0.0032215691171586514,,,,
12742,64,3,0.003797603538259864,,,,
12743,64,3,0.0038942061364650726,,,,
12744,64,3,0.0034789375495165586,,,,
12745,64,3,0.0036828320007771254,,,,
12746,64,3,0.003494045464321971,,,,
12747,64,3,0.0033646838273853064,,,,
12748,64,3,0.003606460988521576,,,,
12749,64,3,0.0037840078584849834,,,,
12750,64,3,0.003815504489466548,,,,
12751,64,3,0.003933422267436981,,,,
12752,64,3,0.0035501676611602306,,,,
12753,64,3,0.0037109439726918936,,,,
12754,64,3,0.0032387524843215942,,,,
12755,64,3,0.0030443165451288223,,,,
12756,64,3,0.0030761209782212973,,,,
12757,64,3,0.004253552295267582,,,,
12758,64,3,0.003998551983386278,,,,
12759,64,3,0.0037095460575073957,,,,
12760,64,3,0.0034437738358974457,,,,
12761,64,3,0.0039271204732358456,,,,
12762,64,3,0.0030562763568013906,,,,
12763,64,3,0.0032610795460641384,,,,
12764,64,3,0.003139406442642212,,,,
12765,64,3,0.0037286384031176567,,,,
12766,64,3,0.0037666806019842625,,,,
12767,64,3,0.0038293004035949707,,,,
12768,64,3,0.003093976993113756,,,,
12769,64,3,0.003549737622961402,,,,
12770,64,3,0.0035143843851983547,,,,
12771,64,3,0.0032649170607328415,,,,
12772,64,3,0.0032853176817297935,,,,
12773,64,3,0.007151992525905371,,,,
12774,64,3,0.004007307812571526,,,,
12775,64,3,0.00425295066088438,,,,
12776,64,3,0.004862372297793627,,,,
12777,64,3,0.0039169457741081715,,,,
12778,64,3,0.00520127359777689,,,,
12779,64,3,0.004919230006635189,,,,
12780,64,3,0.003848531050607562,,,,
12781,64,3,0.0035551218315958977,,,,
12782,64,3,0.0047727907076478004,,,,
12783,64,3,0.004121897742152214,,,,
12784,64,3,0.0039008199237287045,,,,
12785,64,3,0.003764641471207142,,,,
12786,64,3,0.0040182387456297874,,,,
12787,64,3,0.00409276969730854,,,,
12788,64,3,0.003660149872303009,,,,
12789,64,3,0.003872375702485442,,,,
12790,64,3,0.0034848188515752554,,,,
12791,64,3,0.004253813996911049,,,,
12792,64,3,0.004572304897010326,,,,
12793,64,3,0.004264621529728174,,,,
12794,64,3,0.0034369458444416523,,,,
12795,64,3,0.003566594561561942,,,,
12796,64,3,0.0034400182776153088,,,,
12797,64,3,0.0030391744803637266,,,,
12798,64,3,0.003171658841893077,,,,
12799,64,3,0.0033639203757047653,,,,
12800,64,3,0.0035838948097079992,,,,
12801,64,3,0.0034680375829339027,,,,
12802,64,3,0.00334899197332561,,,,
12803,64,3,0.0038868957199156284,,,,
12804,64,3,0.003358944086357951,,,,
12805,64,3,0.0030918121337890625,,,,
12806,64,3,0.0030969828367233276,,,,
12807,64,3,0.004149201326072216,,,,
12808,64,3,0.0037522248458117247,,,,
12809,64,3,0.003589753760024905,,,,
12810,64,3,0.003694651648402214,,,,
12811,64,3,0.0038633067160844803,,,,
12812,64,3,0.0036523453891277313,,,,
12813,64,3,0.0037608761340379715,,,,
12814,64,3,0.0033210511319339275,,,,
12815,64,3,0.0037363681476563215,,,,
12816,64,3,0.0036800047382712364,,,,
12817,64,3,0.0035127780865877867,,,,
12818,64,3,0.003682750044390559,,,,
12819,64,3,0.003816219512373209,,,,
12820,64,3,0.003470851806923747,,,,
12821,64,3,0.0034731323830783367,,,,
12822,64,3,0.0033525486942380667,,,,
12823,64,3,0.0031675263307988644,,,,
12824,64,3,0.0038927532732486725,,,,
12825,64,3,0.0037623178213834763,,,,
12826,64,3,0.0037039516028016806,,,,
12827,64,3,0.0034839510917663574,,,,
12828,64,3,0.0036975424736738205,,,,
12829,64,3,0.00416376069188118,,,,
12830,64,3,0.003912560176104307,,,,
12831,64,3,0.0036836599465459585,,,,
12832,64,3,0.004001475404947996,,,,
12833,64,3,0.003476287703961134,,,,
12834,64,3,0.0045225475914776325,,,,
12835,64,3,0.0037964179646223783,,,,
12836,64,3,0.003650176338851452,,,,
12837,64,3,0.0035776577424257994,,,,
12838,64,3,0.0037889014929533005,,,,
12839,64,3,0.003943172283470631,,,,
12840,64,3,0.005055938847362995,,,,
12841,64,3,0.003129256423562765,,,,
12842,64,3,0.003190787276253104,,,,
12843,64,3,0.00324437627568841,,,,
12844,64,3,0.0034453142434358597,,,,
12845,64,3,0.0037977835163474083,,,,
12846,64,3,0.0032590227201581,,,,
12847,64,3,0.0036166429053992033,,,,
12848,64,3,0.0036567270290106535,,,,
12849,64,3,0.0038583199493587017,,,,
12850,64,3,0.004377331584692001,,,,
12851,64,3,0.0034680888056755066,,,,
12852,64,3,0.0031171091832220554,,,,
12853,64,3,0.003971181809902191,,,,
12854,64,3,0.0035874908789992332,,,,
12855,64,3,0.0028914520516991615,,,,
12856,64,3,0.003492884337902069,,,,
12857,64,3,0.0032561407424509525,,,,
12858,64,3,0.004278143867850304,,,,
12859,64,3,0.0036350951995700598,,,,
12860,64,3,0.004208255559206009,,,,
12861,64,3,0.0037592581938952208,,,,
12862,64,3,0.0032358504831790924,,,,
12863,64,3,0.004056097939610481,,,,
12864,64,3,0.0036827903240919113,,,,
12865,64,3,0.003914195112884045,,,,
12866,64,3,0.004136307630687952,,,,
12867,64,3,0.0033341343514621258,,,,
12868,64,3,0.0041207680478692055,,,,
12869,64,3,0.0031935095321387053,,,,
12870,64,3,0.0035011747386306524,,,,
12871,64,3,0.0037712864577770233,,,,
12872,64,3,0.003421639557927847,,,,
12873,64,3,0.0036648917011916637,,,,
12874,64,3,0.0034831473603844643,,,,
12875,64,3,0.003891943721100688,,,,
12876,64,3,0.0031348010525107384,,,,
12877,64,3,0.0032597011886537075,,,,
12878,64,3,0.004166353028267622,,,,
12879,64,3,0.0033529363572597504,,,,
12880,64,3,0.003832238493487239,,,,
12881,64,3,0.0036242855712771416,,,,
12882,64,3,0.003273481037467718,,,,
12883,64,3,0.0033800043165683746,,,,
12884,64,3,0.003933286294341087,,,,
12885,64,3,0.0037974005099385977,,,,
12886,64,3,0.0030793752521276474,,,,
12887,64,3,0.0031707920134067535,,,,
12888,64,3,0.0032354274298995733,,,,
12889,64,3,0.0032905787229537964,,,,
12890,64,3,0.004012532997876406,,,,
12891,64,3,0.0028639237862080336,,,,
12892,64,3,0.0038755256682634354,,,,
12893,64,3,0.0032095692586153746,,,,
12894,64,3,0.0029583079740405083,,,,
12895,64,3,0.0034199885558336973,,,,
12896,64,3,0.003483723383396864,,,,
12897,64,3,0.004105947446078062,,,,
12898,64,3,0.00353423273190856,,,,
12899,64,3,0.004331563133746386,,,,
12900,64,3,0.003577484516426921,,,,
12901,64,3,0.0031437170691788197,,,,
12902,64,3,0.003132028039544821,,,,
12903,64,3,0.003690246259793639,,,,
12904,64,3,0.004465918056666851,,,,
12905,64,3,0.0037891657557338476,,,,
12906,64,3,0.0031257523223757744,,,,
12907,64,3,0.0038919132202863693,,,,
12908,64,3,0.003362503834068775,,,,
12909,64,3,0.00331444526091218,,,,
12910,64,3,0.0035070094745606184,,,,
12911,64,3,0.0029696859419345856,,,,
12912,64,3,0.0030918167904019356,,,,
12913,64,3,0.003850263077765703,,,,
12914,64,3,0.0033922214061021805,,,,
12915,64,3,0.0036649859976023436,,,,
12916,64,3,0.003321543335914612,,,,
12917,64,3,0.003337070345878601,,,,
12918,64,3,0.003319353563711047,,,,
12919,64,3,0.0032374965958297253,,,,
12920,64,3,0.003268672153353691,,,,
12921,64,3,0.004090342670679092,,,,
12922,64,3,0.0027857457753270864,,,,
12923,64,3,0.0025175134651362896,,,,
12924,64,3,0.003427786286920309,,,,
12925,64,3,0.0029201447032392025,,,,
12926,64,3,0.0035712714307010174,,,,
12927,64,3,0.0032730153761804104,,,,
12928,64,3,0.0031294687651097775,,,,
12929,64,3,0.003895291592925787,,,,
12930,64,3,0.002902646316215396,,,,
12931,64,3,0.0034877739381045103,,,,
12932,64,3,0.0034683251287788153,,,,
12933,64,3,0.0031672350596636534,,,,
12934,64,3,0.0026992368511855602,,,,
12935,64,3,0.0031658783555030823,,,,
12936,64,3,0.002815085928887129,,,,
12937,64,3,0.003715159371495247,,,,
12938,64,3,0.0031040944159030914,,,,
12939,64,3,0.003606872633099556,,,,
12940,64,3,0.003163190558552742,,,,
12941,64,3,0.003505007131025195,,,,
12942,64,3,0.003519514575600624,,,,
12943,64,3,0.0029742573387920856,,,,
12944,64,3,0.0031702478881925344,,,,
12945,64,3,0.0033449004404246807,,,,
12946,64,3,0.003350001759827137,,,,
12947,64,3,0.0042051468044519424,,,,
12948,64,3,0.0027197985909879208,,,,
12949,64,3,0.004016957711428404,,,,
12950,64,3,0.004119280260056257,,,,
12951,64,3,0.00338158942759037,,,,
12952,64,3,0.0034029935486614704,,,,
12953,64,3,0.0027799680829048157,,,,
12954,64,3,0.0027926131151616573,,,,
12955,64,3,0.003627413883805275,,,,
12956,64,3,0.003007521852850914,,,,
12957,64,3,0.004441707395017147,,,,
12958,64,3,0.003981655463576317,,,,
12959,64,3,0.003952854312956333,,,,
12960,64,3,0.00296970596536994,,,,
12961,64,3,0.0024184773210436106,,,,
12962,64,3,0.0031766367610543966,,,,
12963,64,3,0.0037924773059785366,,,,
12964,64,3,0.003800162812694907,,,,
12965,64,3,0.0030996210407465696,,,,
12966,64,3,0.003005168167874217,,,,
12967,64,3,0.0034705172292888165,,,,
12968,64,3,0.0032712770625948906,,,,
12969,64,3,0.005314734764397144,,,,
12970,64,3,0.002948337933048606,,,,
12971,64,3,0.0035193809308111668,,,,
12972,64,3,0.003999756649136543,,,,
12973,64,3,0.0034727072343230247,,,,
12974,64,3,0.003438767744228244,,,,
12975,64,3,0.0035462589003145695,,,,
12976,64,3,0.003179043997079134,,,,
12977,64,3,0.003243653569370508,,,,
12978,64,3,0.0035880221985280514,,,,
12979,64,3,0.0032106353901326656,,,,
12980,64,3,0.0030065947212278843,,,,
12981,64,3,0.0035675165709108114,,,,
12982,64,3,0.00339204422198236,,,,
12983,64,3,0.0032695061527192593,,,,
12984,64,3,0.003764774650335312,,,,
12985,64,3,0.0033587301149964333,,,,
12986,64,3,0.003431301563978195,,,,
12987,64,3,0.0031811767257750034,,,,
12988,64,3,0.0033738217316567898,,,,
12989,64,3,0.0036448072642087936,,,,
12990,64,3,0.004131820052862167,,,,
12991,64,3,0.0036877866368740797,,,,
12992,64,3,0.003353471402078867,,,,
12993,64,3,0.0029771137051284313,,,,
12994,64,3,0.002941846614703536,,,,
12995,64,3,0.0045904600992798805,,,,
12996,64,3,0.0024935854598879814,,,,
12997,64,3,0.003970535472035408,,,,
12998,64,3,0.0035161867272108793,,,,
12999,64,3,0.0034688569139689207,,,,
13000,64,3,0.004175753332674503,,0.006977127352234056,0.8341393564646776,22.93124655859117
13001,64,3,0.003977078478783369,,,,
13002,64,3,0.003260236931964755,,,,
13003,64,3,0.0039479173719882965,,,,
13004,64,3,0.003830480854958296,,,,
13005,64,3,0.0031003067269921303,,,,
13006,64,3,0.0034458376467227936,,,,
13007,64,3,0.003050801809877157,,,,
13008,64,3,0.0034147805999964476,,,,
13009,64,3,0.003648657351732254,,,,
13010,64,3,0.00323304976336658,,,,
13011,64,3,0.0035048476420342922,,,,
13012,64,3,0.003683423390612006,,,,
13013,64,3,0.003650600789114833,,,,
13014,64,3,0.0028422032482922077,,,,
13015,64,3,0.00280499248765409,,,,
13016,64,3,0.003252715803682804,,,,
13017,64,3,0.002994297770783305,,,,
13018,64,3,0.0040569789707660675,,,,
13019,64,3,0.0030097169801592827,,,,
13020,64,3,0.0036096018739044666,,,,
13021,64,3,0.003496401011943817,,,,
13022,64,3,0.003379079280421138,,,,
13023,64,3,0.0031909761019051075,,,,
13024,64,3,0.0036579601000994444,,,,
13025,64,3,0.003278004704043269,,,,
13026,64,3,0.003513779491186142,,,,
13027,64,3,0.0028635370545089245,,,,
13028,64,3,0.0029809835832566023,,,,
13029,64,3,0.004481322132050991,,,,
13030,64,3,0.003874683752655983,,,,
13031,64,3,0.0032627671025693417,,,,
13032,64,3,0.0037980745546519756,,,,
13033,64,3,0.0038126378785818815,,,,
13034,64,3,0.003222377970814705,,,,
13035,64,3,0.005731686018407345,,,,
13036,64,3,0.0034685246646404266,,,,
13037,64,3,0.003278532763943076,,,,
13038,64,3,0.0035619749687612057,,,,
13039,64,3,0.00437581492587924,,,,
13040,64,3,0.0033770198933780193,,,,
13041,64,3,0.0035227718763053417,,,,
13042,64,3,0.0035481518134474754,,,,
13043,64,3,0.0031998404301702976,,,,
13044,64,3,0.002892500488087535,,,,
13045,64,3,0.003238194389268756,,,,
13046,64,3,0.0036544478498399258,,,,
13047,64,3,0.004127285908907652,,,,
13048,64,3,0.002747543854638934,,,,
13049,64,3,0.0032512429170310497,,,,
13050,64,3,0.003751654177904129,,,,
13051,64,3,0.0035224249586462975,,,,
13052,64,3,0.0035826335661113262,,,,
13053,64,3,0.003424130380153656,,,,
13054,64,3,0.0038871008437126875,,,,
13055,64,3,0.004809487611055374,,,,
13056,64,3,0.0036424349527806044,,,,
13057,64,3,0.0032914073672145605,,,,
13058,64,3,0.0037486301735043526,,,,
13059,64,3,0.0032800622284412384,,,,
13060,64,3,0.003657329361885786,,,,
13061,64,3,0.003849392756819725,,,,
13062,64,3,0.0040726205334067345,,,,
13063,64,3,0.0034400783479213715,,,,
13064,64,3,0.0033612377010285854,,,,
13065,64,3,0.0032629678025841713,,,,
13066,64,3,0.0050600613467395306,,,,
13067,64,3,0.003512658178806305,,,,
13068,64,3,0.0035363822244107723,,,,
13069,64,3,0.0047096977941691875,,,,
13070,64,3,0.0041149454191327095,,,,
13071,64,3,0.0034746192395687103,,,,
13072,64,3,0.003408490214496851,,,,
13073,64,3,0.004011179786175489,,,,
13074,64,3,0.0035150235053151846,,,,
13075,64,3,0.003837804775685072,,,,
13076,64,3,0.003747214563190937,,,,
13077,64,3,0.0037944833748042583,,,,
13078,64,3,0.003161454340443015,,,,
13079,64,3,0.0031990217976272106,,,,
13080,64,3,0.003375789849087596,,,,
13081,64,3,0.0030756506603211164,,,,
13082,64,3,0.003966244403272867,,,,
13083,64,3,0.003646131604909897,,,,
13084,64,3,0.0031656769569963217,,,,
13085,64,3,0.004027087707072496,,,,
13086,64,3,0.0029564700089395046,,,,
13087,64,3,0.003953493200242519,,,,
13088,64,3,0.00445325393229723,,,,
13089,64,3,0.0031894526910036802,,,,
13090,64,3,0.003443586640059948,,,,
13091,64,3,0.0031239502131938934,,,,
13092,64,3,0.0036263156216591597,,,,
13093,64,3,0.0037042112089693546,,,,
13094,64,3,0.0039036169182509184,,,,
13095,64,3,0.0033244886435568333,,,,
13096,64,3,0.0030848279129713774,,,,
13097,64,3,0.0032298192381858826,,,,
13098,64,3,0.0034660431556403637,,,,
13099,64,3,0.003676602616906166,,,,
13100,64,3,0.0026425491087138653,,,,
13101,64,3,0.0035908129066228867,,,,
13102,64,3,0.0036552040837705135,,,,
13103,64,3,0.002706066472455859,,,,
13104,64,3,0.002912030555307865,,,,
13105,64,3,0.003525273874402046,,,,
13106,64,3,0.003125841496512294,,,,
13107,64,3,0.0031004566699266434,,,,
13108,64,3,0.0030337064526975155,,,,
13109,64,3,0.0037931210827082396,,,,
13110,64,3,0.003442601300776005,,,,
13111,64,3,0.0037082545459270477,,,,
13112,64,3,0.002924013650044799,,,,
13113,64,3,0.003293656511232257,,,,
13114,64,3,0.0034096254967153072,,,,
13115,64,3,0.0027408692985773087,,,,
13116,64,3,0.004355150740593672,,,,
13117,64,3,0.00385416392236948,,,,
13118,64,3,0.003752483054995537,,,,
13119,64,3,0.0030490481294691563,,,,
13120,64,3,0.0042213089764118195,,,,
13121,64,3,0.003175843507051468,,,,
13122,64,3,0.0030856977682560682,,,,
13123,64,3,0.004076623357832432,,,,
13124,64,3,0.004535382613539696,,,,
13125,64,3,0.003308382583782077,,,,
13126,64,3,0.00331242848187685,,,,
13127,64,3,0.0038631269708275795,,,,
13128,64,3,0.0036510522477328777,,,,
13129,64,3,0.003579341573640704,,,,
13130,64,3,0.0048195719718933105,,,,
13131,64,3,0.003726322902366519,,,,
13132,64,3,0.003247841028496623,,,,
13133,64,3,0.0034173752646893263,,,,
13134,64,3,0.0040166559629142284,,,,
13135,64,3,0.003754585050046444,,,,
13136,64,3,0.0038739610463380814,,,,
13137,64,3,0.004476578440517187,,,,
13138,64,3,0.0026032868772745132,,,,
13139,64,3,0.004019328858703375,,,,
13140,64,3,0.0035704176407307386,,,,
13141,64,3,0.003061035182327032,,,,
13142,64,3,0.003041032701730728,,,,
13143,64,3,0.0037369858473539352,,,,
13144,64,3,0.003881429322063923,,,,
13145,64,3,0.0037722699344158173,,,,
13146,64,3,0.0036406167782843113,,,,
13147,64,3,0.0036123793106526136,,,,
13148,64,3,0.003244251012802124,,,,
13149,64,3,0.003403447102755308,,,,
13150,64,3,0.003888983279466629,,,,
13151,64,3,0.003725745715200901,,,,
13152,64,3,0.004053258337080479,,,,
13153,64,3,0.003344578668475151,,,,
13154,64,3,0.003037210088223219,,,,
13155,64,3,0.00329798087477684,,,,
13156,64,3,0.003273447509855032,,,,
13157,64,3,0.00378767354413867,,,,
13158,64,3,0.003395309206098318,,,,
13159,64,3,0.003631923347711563,,,,
13160,64,3,0.00362501572817564,,,,
13161,64,3,0.0035316969733685255,,,,
13162,64,3,0.00360576412640512,,,,
13163,64,3,0.003147605573758483,,,,
13164,64,3,0.0034469738602638245,,,,
13165,64,3,0.003183096181601286,,,,
13166,64,3,0.003649531863629818,,,,
13167,64,3,0.0040040817111730576,,,,
13168,64,3,0.0032582394778728485,,,,
13169,64,3,0.0036496403627097607,,,,
13170,64,3,0.0048445346765220165,,,,
13171,64,3,0.003474683500826359,,,,
13172,64,3,0.0035710304509848356,,,,
13173,64,3,0.003168501891195774,,,,
13174,64,3,0.003772351425141096,,,,
13175,64,3,0.003248461987823248,,,,
13176,64,3,0.0035905037075281143,,,,
13177,64,3,0.0031313763465732336,,,,
13178,64,3,0.003192204749211669,,,,
13179,64,3,0.003151657758280635,,,,
13180,64,3,0.003546969499439001,,,,
13181,64,3,0.003458966501057148,,,,
13182,64,3,0.0031566969119012356,,,,
13183,64,3,0.0038607963360846043,,,,
13184,64,3,0.0034127701073884964,,,,
13185,64,3,0.0030712836887687445,,,,
13186,64,3,0.0034750658087432384,,,,
13187,64,3,0.003276275238022208,,,,
13188,64,3,0.002946173772215843,,,,
13189,64,3,0.0031661689281463623,,,,
13190,64,3,0.003700719913467765,,,,
13191,64,3,0.003437597071751952,,,,
13192,64,3,0.003232290968298912,,,,
13193,64,3,0.003318462520837784,,,,
13194,64,3,0.0029808494728058577,,,,
13195,64,3,0.00319391000084579,,,,
13196,64,3,0.0032865682151168585,,,,
13197,64,3,0.00302054057829082,,,,
13198,64,3,0.0026319283060729504,,,,
13199,64,3,0.003333086846396327,,,,
13200,64,3,0.0035449694842100143,,,,
13201,64,3,0.003785080974921584,,,,
13202,64,3,0.0032350136898458004,,,,
13203,64,3,0.004020012449473143,,,,
13204,64,3,0.003176775760948658,,,,
13205,64,3,0.0033079739660024643,,,,
13206,64,3,0.0031542438082396984,,,,
13207,64,3,0.0035976413637399673,,,,
13208,64,3,0.0028262846171855927,,,,
13209,64,3,0.0029277324210852385,,,,
13210,64,3,0.003551885485649109,,,,
13211,64,3,0.003978662192821503,,,,
13212,64,3,0.0033849207684397697,,,,
13213,64,3,0.0034365863539278507,,,,
13214,64,3,0.0031304522417485714,,,,
13215,64,3,0.002785919699817896,,,,
13216,64,3,0.0032020816579461098,,,,
13217,64,3,0.0036730803549289703,,,,
13218,64,3,0.003502963576465845,,,,
13219,64,3,0.003566817380487919,,,,
13220,64,3,0.0037509321700781584,,,,
13221,64,3,0.003024925012141466,,,,
13222,64,3,0.003159696701914072,,,,
13223,64,3,0.003921229392290115,,,,
13224,64,3,0.002743364777415991,,,,
13225,64,3,0.0034125763922929764,,,,
13226,64,3,0.0028789392672479153,,,,
13227,64,3,0.0035208016633987427,,,,
13228,64,3,0.0037487333174794912,,,,
13229,64,3,0.0035998127423226833,,,,
13230,64,3,0.003672787919640541,,,,
13231,64,3,0.0033675115555524826,,,,
13232,64,3,0.00330847199074924,,,,
13233,64,3,0.0029637510888278484,,,,
13234,64,3,0.003127150936052203,,,,
13235,64,3,0.003123889211565256,,,,
13236,64,3,0.002967762527987361,,,,
13237,64,3,0.003644126933068037,,,,
13238,64,3,0.0032632206566631794,,,,
13239,64,3,0.0032453685998916626,,,,
13240,64,3,0.003730864729732275,,,,
13241,64,3,0.0034881806932389736,,,,
13242,64,3,0.0034975712187588215,,,,
13243,64,3,0.00404916238039732,,,,
13244,64,3,0.0036145304329693317,,,,
13245,64,3,0.003285291139036417,,,,
13246,64,3,0.0031904331408441067,,,,
13247,64,3,0.0030561673920601606,,,,
13248,64,3,0.0037463174667209387,,,,
13249,64,3,0.0040147919207811356,,,,
13250,64,3,0.003286755410954356,,,,
13251,64,3,0.0035667638294398785,,,,
13252,64,3,0.0028745175804942846,,,,
13253,64,3,0.003671236103400588,,,,
13254,64,3,0.003057977883145213,,,,
13255,64,3,0.0039298441261053085,,,,
13256,64,3,0.003102017566561699,,,,
13257,64,3,0.0037263277918100357,,,,
13258,64,3,0.003279203549027443,,,,
13259,64,3,0.0040517239831388,,,,
13260,64,3,0.003218493890017271,,,,
13261,64,3,0.0029207742772996426,,,,
13262,64,3,0.0033274085726588964,,,,
13263,64,3,0.002948335139080882,,,,
13264,64,3,0.0031990583520382643,,,,
13265,64,3,0.0033913212828338146,,,,
13266,64,3,0.0031747156754136086,,,,
13267,64,3,0.0038144332356750965,,,,
13268,64,3,0.003722576890140772,,,,
13269,64,3,0.003288967302069068,,,,
13270,64,3,0.003199782921001315,,,,
13271,64,3,0.0038363668136298656,,,,
13272,64,3,0.003119488013908267,,,,
13273,64,3,0.0034528844989836216,,,,
13274,64,3,0.003934118431061506,,,,
13275,64,3,0.003866829676553607,,,,
13276,64,3,0.002941069658845663,,,,
13277,64,3,0.003074615728110075,,,,
13278,64,3,0.0031959256157279015,,,,
13279,64,3,0.002899284241721034,,,,
13280,64,3,0.003205458400771022,,,,
13281,64,3,0.0029013995081186295,,,,
13282,64,3,0.0036055706441402435,,,,
13283,64,3,0.003988168202340603,,,,
13284,64,3,0.003070364473387599,,,,
13285,64,3,0.004032600671052933,,,,
13286,64,3,0.003217435209080577,,,,
13287,64,3,0.003434519050642848,,,,
13288,64,3,0.0034923977218568325,,,,
13289,64,3,0.003908849321305752,,,,
13290,64,3,0.0031576156616210938,,,,
13291,64,3,0.003511190414428711,,,,
13292,64,3,0.003941202070564032,,,,
13293,64,3,0.0042189946398139,,,,
13294,64,3,0.0035576678346842527,,,,
13295,64,3,0.0037496481090784073,,,,
13296,64,3,0.0037525491788983345,,,,
13297,64,3,0.003909054212272167,,,,
13298,64,3,0.003359247464686632,,,,
13299,64,3,0.0031776237301528454,,,,
13300,64,3,0.003373759798705578,,,,
13301,64,3,0.004809434060007334,,,,
13302,64,3,0.0026559424586594105,,,,
13303,64,3,0.0038778302259743214,,,,
13304,64,3,0.004180397372692823,,,,
13305,64,3,0.003872712142765522,,,,
13306,64,3,0.0037947907112538815,,,,
13307,64,3,0.004519344307482243,,,,
13308,64,3,0.0038325986824929714,,,,
13309,64,3,0.003089437959715724,,,,
13310,64,3,0.0038952778559178114,,,,
13311,64,3,0.003529918845742941,,,,
13312,64,3,0.003588564693927765,,,,
13313,64,3,0.003071798710152507,,,,
13314,64,3,0.0037578660994768143,,,,
13315,64,3,0.004117363132536411,,,,
13316,64,3,0.0033395839855074883,,,,
13317,64,3,0.0032091340981423855,,,,
13318,64,3,0.0038141661789268255,,,,
13319,64,3,0.0045336708426475525,,,,
13320,64,3,0.0031775892712175846,,,,
13321,64,3,0.0032402228098362684,,,,
13322,64,3,0.0031891881953924894,,,,
13323,64,3,0.003242276143282652,,,,
13324,64,3,0.0038748900406062603,,,,
13325,64,3,0.004316117148846388,,,,
13326,64,3,0.003190034069120884,,,,
13327,64,3,0.002530846744775772,,,,
13328,64,3,0.003526270855218172,,,,
13329,64,3,0.0032039321959018707,,,,
13330,64,3,0.004604724235832691,,,,
13331,64,3,0.0037970251869410276,,,,
13332,64,3,0.0037278688978403807,,,,
13333,64,3,0.0033462997525930405,,,,
13334,64,3,0.0037116981111466885,,,,
13335,64,3,0.003319433657452464,,,,
13336,64,3,0.0032538343220949173,,,,
13337,64,3,0.0031359014101326466,,,,
13338,64,3,0.0032252524979412556,,,,
13339,64,3,0.0035230908542871475,,,,
13340,64,3,0.003980524837970734,,,,
13341,64,3,0.0031211383175104856,,,,
13342,64,3,0.003108409931883216,,,,
13343,64,3,0.004226174205541611,,,,
13344,64,3,0.0033033457584679127,,,,
13345,64,3,0.0031404122710227966,,,,
13346,64,3,0.004164643120020628,,,,
13347,64,3,0.0032291673123836517,,,,
13348,64,3,0.0050291079096496105,,,,
13349,64,3,0.004002811387181282,,,,
13350,64,3,0.0029808715917170048,,,,
13351,64,3,0.004293819889426231,,,,
13352,64,3,0.0030839666724205017,,,,
13353,64,3,0.0036141867749392986,,,,
13354,64,3,0.0038879390340298414,,,,
13355,64,3,0.0031802826561033726,,,,
13356,64,3,0.003797695739194751,,,,
13357,64,3,0.0034850703086704016,,,,
13358,64,3,0.0038103065453469753,,,,
13359,64,3,0.003402815666049719,,,,
13360,64,3,0.002702506957575679,,,,
13361,64,3,0.0036703578662127256,,,,
13362,64,3,0.0030495445244014263,,,,
13363,64,3,0.003960995934903622,,,,
13364,64,3,0.003760521998628974,,,,
13365,64,3,0.0027743950486183167,,,,
13366,64,3,0.0032869670540094376,,,,
13367,64,3,0.003438894171267748,,,,
13368,64,3,0.003420364810153842,,,,
13369,64,3,0.003782993881031871,,,,
13370,64,3,0.002768938895314932,,,,
13371,64,3,0.0032283810433000326,,,,
13372,64,3,0.0032395736780017614,,,,
13373,64,3,0.004586910828948021,,,,
13374,64,3,0.0032959352247416973,,,,
13375,64,3,0.0034699353855103254,,,,
13376,64,3,0.0034178670030087233,,,,
13377,64,3,0.003505050204694271,,,,
13378,64,3,0.004196205176413059,,,,
13379,64,3,0.0032864424865692854,,,,
13380,64,3,0.0033826539292931557,,,,
13381,64,3,0.004225391428917646,,,,
13382,64,3,0.003055268432945013,,,,
13383,64,3,0.003950108774006367,,,,
13384,64,3,0.00458468496799469,,,,
13385,64,3,0.004395980387926102,,,,
13386,64,3,0.0032059564255177975,,,,
13387,64,3,0.0027981630992144346,,,,
13388,64,3,0.0037123034708201885,,,,
13389,64,3,0.0036175563000142574,,,,
13390,64,3,0.003607343416661024,,,,
13391,64,3,0.0032308478839695454,,,,
13392,64,3,0.0034545534290373325,,,,
13393,64,3,0.0032699010334908962,,,,
13394,64,3,0.003466036170721054,,,,
13395,64,3,0.0029628234915435314,,,,
13396,64,3,0.004024371970444918,,,,
13397,64,3,0.0035836761817336082,,,,
13398,64,3,0.0030854959040880203,,,,
13399,64,3,0.004522374831140041,,,,
13400,64,3,0.0031135305762290955,,,,
13401,64,3,0.003398188389837742,,,,
13402,64,3,0.0034249997697770596,,,,
13403,64,3,0.0032915982883423567,,,,
13404,64,3,0.0036626290529966354,,,,
13405,64,3,0.0035057119093835354,,,,
13406,64,3,0.002907735062763095,,,,
13407,64,3,0.003576234681531787,,,,
13408,64,3,0.0030333525501191616,,,,
13409,64,3,0.0029355192091315985,,,,
13410,64,3,0.003444107249379158,,,,
13411,64,3,0.003311182837933302,,,,
13412,64,3,0.0032545998692512512,,,,
13413,64,3,0.003421543166041374,,,,
13414,64,3,0.0029173202347010374,,,,
13415,64,3,0.003445349633693695,,,,
13416,64,3,0.0031160616781562567,,,,
13417,64,3,0.0034637991338968277,,,,
13418,64,3,0.0031332499347627163,,,,
13419,64,3,0.003159298561513424,,,,
13420,64,3,0.0037833477836102247,,,,
13421,64,3,0.0032782205380499363,,,,
13422,64,3,0.003382971975952387,,,,
13423,64,3,0.0029847342520952225,,,,
13424,64,3,0.003223762381821871,,,,
13425,64,3,0.003319281619042158,,,,
13426,64,3,0.0036883545108139515,,,,
13427,64,3,0.003539161290973425,,,,
13428,64,3,0.00335233798250556,,,,
13429,64,3,0.0035910173319280148,,,,
13430,64,3,0.0032060369849205017,,,,
13431,64,3,0.003653720486909151,,,,
13432,64,3,0.003814136376604438,,,,
13433,64,3,0.0033908491022884846,,,,
13434,64,3,0.0030562705360352993,,,,
13435,64,3,0.0046511460095644,,,,
13436,64,3,0.0029350544791668653,,,,
13437,64,3,0.0029934716876596212,,,,
13438,64,3,0.003069511381909251,,,,
13439,64,3,0.003150210715830326,,,,
13440,64,3,0.00386493606492877,,,,
13441,64,3,0.003100028960034251,,,,
13442,64,3,0.0039878711104393005,,,,
13443,64,3,0.0033906488679349422,,,,
13444,64,3,0.0032220862340182066,,,,
13445,64,3,0.003297945484519005,,,,
13446,64,3,0.003721856977790594,,,,
13447,64,3,0.00405492726713419,,,,
13448,64,3,0.003477367339655757,,,,
13449,64,3,0.003172128228470683,,,,
13450,64,3,0.003058990463614464,,,,
13451,64,3,0.003519948571920395,,,,
13452,64,3,0.003724505193531513,,,,
13453,64,3,0.003574434667825699,,,,
13454,64,3,0.0032999205868691206,,,,
13455,64,3,0.0033334929030388594,,,,
13456,64,3,0.00338670052587986,,,,
13457,64,3,0.0026556402444839478,,,,
13458,64,3,0.0029922667890787125,,,,
13459,64,3,0.0037651550956070423,,,,
13460,64,3,0.0035431606229394674,,,,
13461,64,3,0.003214347641915083,,,,
13462,64,3,0.003230499802157283,,,,
13463,64,3,0.0029080051463097334,,,,
13464,64,3,0.003388136625289917,,,,
13465,64,3,0.003373582847416401,,,,
13466,64,3,0.003045783843845129,,,,
13467,64,3,0.002841691952198744,,,,
13468,64,3,0.003191945608705282,,,,
13469,64,3,0.0032197486143559217,,,,
13470,64,3,0.0034839268773794174,,,,
13471,64,3,0.004805106204003096,,,,
13472,64,3,0.0031105480156838894,,,,
13473,64,3,0.0034042769111692905,,,,
13474,64,3,0.0030452932696789503,,,,
13475,64,3,0.003323926590383053,,,,
13476,64,3,0.0034485645592212677,,,,
13477,64,3,0.004047892056405544,,,,
13478,64,3,0.003268149448558688,,,,
13479,64,3,0.002973086666315794,,,,
13480,64,3,0.0030161540489643812,,,,
13481,64,3,0.003634213237091899,,,,
13482,64,3,0.003004443598911166,,,,
13483,64,3,0.0037753558717668056,,,,
13484,64,3,0.0036072887014597654,,,,
13485,64,3,0.004372708033770323,,,,
13486,64,3,0.0030674682930111885,,,,
13487,64,3,0.0037784080486744642,,,,
13488,64,3,0.0035834803711622953,,,,
13489,64,3,0.0033141791354864836,,,,
13490,64,3,0.0028551106806844473,,,,
13491,64,3,0.003596747061237693,,,,
13492,64,3,0.003590580075979233,,,,
13493,64,3,0.003462299471721053,,,,
13494,64,3,0.003750517498701811,,,,
13495,64,3,0.00362236425280571,,,,
13496,64,3,0.003049128223210573,,,,
13497,64,3,0.0032092100009322166,,,,
13498,64,3,0.0033957823179662228,,,,
13499,64,3,0.004707412328571081,,,,
13500,64,3,0.0035876657348126173,,,,
13501,64,3,0.003941750153899193,,,,
13502,64,3,0.0032829344272613525,,,,
13503,64,3,0.004222998395562172,,,,
13504,64,3,0.003290294436737895,,,,
13505,64,3,0.005078486632555723,,,,
13506,64,3,0.003747813170775771,,,,
13507,64,3,0.0035899532958865166,,,,
13508,64,3,0.004042015410959721,,,,
13509,64,3,0.0028223185800015926,,,,
13510,64,3,0.0038334294222295284,,,,
13511,64,3,0.0034023146145045757,,,,
13512,64,3,0.003463303204625845,,,,
13513,64,3,0.0032285205088555813,,,,
13514,64,3,0.0032216976396739483,,,,
13515,64,3,0.004221066832542419,,,,
13516,64,3,0.003896099515259266,,,,
13517,64,3,0.0037121509667485952,,,,
13518,64,3,0.0034304652363061905,,,,
13519,64,3,0.003069613827392459,,,,
13520,64,3,0.0032710691448301077,,,,
13521,64,3,0.003166862530633807,,,,
13522,64,3,0.003224206157028675,,,,
13523,64,3,0.00397944450378418,,,,
13524,64,3,0.0033667150419205427,,,,
13525,64,3,0.0028268820606172085,,,,
13526,64,3,0.0033902660943567753,,,,
13527,64,3,0.003197021782398224,,,,
13528,64,3,0.0035416199825704098,,,,
13529,64,3,0.0030568204820156097,,,,
13530,64,3,0.00380596611648798,,,,
13531,64,3,0.003930944018065929,,,,
13532,64,3,0.004010626580566168,,,,
13533,64,3,0.003044517245143652,,,,
13534,64,3,0.003598505165427923,,,,
13535,64,3,0.0037505028303712606,,,,
13536,64,3,0.003855170216411352,,,,
13537,64,3,0.003040919080376625,,,,
13538,64,3,0.0033835889771580696,,,,
13539,64,3,0.0030649842228740454,,,,
13540,64,3,0.0032803919166326523,,,,
13541,64,3,0.003613503184169531,,,,
13542,64,3,0.004556678235530853,,,,
13543,64,3,0.0032275496050715446,,,,
13544,64,3,0.003784216707572341,,,,
13545,64,3,0.003233082126826048,,,,
13546,64,3,0.0032502643298357725,,,,
13547,64,3,0.0030498958658427,,,,
13548,64,3,0.0035015586763620377,,,,
13549,64,3,0.003628902602940798,,,,
13550,64,3,0.003656251123175025,,,,
13551,64,3,0.0036613340489566326,,,,
13552,64,3,0.003963723313063383,,,,
13553,64,3,0.00336383655667305,,,,
13554,64,3,0.003255249001085758,,,,
13555,64,3,0.0032525178976356983,,,,
13556,64,3,0.0026803293731063604,,,,
13557,64,3,0.0032786037772893906,,,,
13558,64,3,0.004249913617968559,,,,
13559,64,3,0.003111408557742834,,,,
13560,64,3,0.0034583397209644318,,,,
13561,64,3,0.0028129061684012413,,,,
13562,64,3,0.002992053981870413,,,,
13563,64,3,0.002919138176366687,,,,
13564,64,3,0.004128159023821354,,,,
13565,64,3,0.00327502703294158,,,,
13566,64,3,0.0029013939201831818,,,,
13567,64,3,0.003340186085551977,,,,
13568,64,3,0.0032340451143682003,,,,
13569,64,3,0.0033113956451416016,,,,
13570,64,3,0.0031187860295176506,,,,
13571,64,3,0.0031570307910442352,,,,
13572,64,3,0.0036034956574440002,,,,
13573,64,3,0.006408605724573135,,,,
13574,64,3,0.0029603939037770033,,,,
13575,64,3,0.003748878836631775,,,,
13576,64,3,0.003778663231059909,,,,
13577,64,3,0.0037589098792523146,,,,
13578,64,3,0.003567209467291832,,,,
13579,64,3,0.0031931584235280752,,,,
13580,64,3,0.0031220708042383194,,,,
13581,64,3,0.003977691289037466,,,,
13582,64,3,0.002820668276399374,,,,
13583,64,3,0.003030184656381607,,,,
13584,64,3,0.0028315968811511993,,,,
13585,64,3,0.0030243198852986097,,,,
13586,64,3,0.003338172798976302,,,,
13587,64,3,0.003519779071211815,,,,
13588,64,3,0.0038264484610408545,,,,
13589,64,3,0.0037741046398878098,,,,
13590,64,3,0.0033245058730244637,,,,
13591,64,3,0.0032507386058568954,,,,
13592,64,3,0.0033453234937042,,,,
13593,64,3,0.0031178488861769438,,,,
13594,64,3,0.003258188022300601,,,,
13595,64,3,0.002909657545387745,,,,
13596,64,3,0.0036257882602512836,,,,
13597,64,3,0.0030414704233407974,,,,
13598,64,3,0.002730670152232051,,,,
13599,64,3,0.002381830010563135,,,,
13600,64,3,0.0036080237478017807,,,,
13601,64,3,0.003363960888236761,,,,
13602,64,3,0.0029367334209382534,,,,
13603,64,3,0.003597431816160679,,,,
13604,64,3,0.0031329537741839886,,,,
13605,64,3,0.003106644144281745,,,,
13606,64,3,0.002836869563907385,,,,
13607,64,3,0.003580627031624317,,,,
13608,64,3,0.0034240069799125195,,,,
13609,64,3,0.00307041360065341,,,,
13610,64,3,0.004017144441604614,,,,
13611,64,3,0.0030084773898124695,,,,
13612,64,3,0.0026547773741185665,,,,
13613,64,3,0.004123083781450987,,,,
13614,64,3,0.0031973058357834816,,,,
13615,64,3,0.003513830713927746,,,,
13616,64,3,0.003776642493903637,,,,
13617,64,3,0.0030754569452255964,,,,
13618,64,3,0.00300013879314065,,,,
13619,64,3,0.0031754763331264257,,,,
13620,64,3,0.00275155296549201,,,,
13621,64,3,0.003675040788948536,,,,
13622,64,3,0.0029112244956195354,,,,
13623,64,3,0.0051257796585559845,,,,
13624,64,3,0.0035484819673001766,,,,
13625,64,3,0.003061306430026889,,,,
13626,64,3,0.0040494175627827644,,,,
13627,64,3,0.0027175378054380417,,,,
13628,64,3,0.004078349098563194,,,,
13629,64,3,0.0038753009866923094,,,,
13630,64,3,0.005076049827039242,,,,
13631,64,3,0.003526081331074238,,,,
13632,64,3,0.003987506963312626,,,,
13633,64,3,0.0040886783972382545,,,,
13634,64,3,0.003004504833370447,,,,
13635,64,3,0.0032707382924854755,,,,
13636,64,3,0.0037209715228527784,,,,
13637,64,3,0.0039697131142020226,,,,
13638,64,3,0.003146939445286989,,,,
13639,64,3,0.004603790119290352,,,,
13640,64,3,0.00396912544965744,,,,
13641,64,3,0.0031319763511419296,,,,
13642,64,3,0.0036716386675834656,,,,
13643,64,3,0.003944523632526398,,,,
13644,64,3,0.0033231349661946297,,,,
13645,64,3,0.0038887166883796453,,,,
13646,64,3,0.004246954806149006,,,,
13647,64,3,0.003449148964136839,,,,
13648,64,3,0.003340910654515028,,,,
13649,64,3,0.0034955355804413557,,,,
13650,64,3,0.0032623284496366978,,,,
13651,64,3,0.004127155523747206,,,,
13652,64,3,0.004101470112800598,,,,
13653,64,3,0.004225585144013166,,,,
13654,64,3,0.0036569484509527683,,,,
13655,64,3,0.0032990933395922184,,,,
13656,64,3,0.0034243036061525345,,,,
13657,64,3,0.003226587548851967,,,,
13658,64,3,0.004113605245947838,,,,
13659,64,3,0.0035581798292696476,,,,
13660,64,3,0.0035921314265578985,,,,
13661,64,3,0.0036939899437129498,,,,
13662,64,3,0.0032814720179885626,,,,
13663,64,3,0.00372138200327754,,,,
13664,64,3,0.003637406975030899,,,,
13665,64,3,0.004039661958813667,,,,
13666,64,3,0.003801210317760706,,,,
13667,64,3,0.003324156627058983,,,,
13668,64,3,0.0037992566358298063,,,,
13669,64,3,0.003665199037641287,,,,
13670,64,3,0.004267869517207146,,,,
13671,64,3,0.003545645624399185,,,,
13672,64,3,0.003424753900617361,,,,
13673,64,3,0.0026658677961677313,,,,
13674,64,3,0.0037993472069501877,,,,
13675,64,3,0.0029002176597714424,,,,
13676,64,3,0.003490450559183955,,,,
13677,64,3,0.002893506083637476,,,,
13678,64,3,0.003190715564414859,,,,
13679,64,3,0.0029679141007363796,,,,
13680,64,3,0.003070250852033496,,,,
13681,64,3,0.003248127643018961,,,,
13682,64,3,0.0030219475738704205,,,,
13683,64,3,0.004052201751619577,,,,
13684,64,3,0.00342988851480186,,,,
13685,64,3,0.003271262627094984,,,,
13686,64,3,0.0037152464501559734,,,,
13687,64,3,0.002731820335611701,,,,
13688,64,3,0.0032661135774105787,,,,
13689,64,3,0.0029407329857349396,,,,
13690,64,3,0.0031736264936625957,,,,
13691,64,3,0.003379952162504196,,,,
13692,64,3,0.00384259270504117,,,,
13693,64,3,0.0031104087829589844,,,,
13694,64,3,0.003267217194661498,,,,
13695,64,3,0.002667088760063052,,,,
13696,64,3,0.00311096478253603,,,,
13697,64,3,0.0034009150695055723,,,,
13698,64,3,0.003156740218400955,,,,
13699,64,3,0.0031360075809061527,,,,
13700,64,3,0.003756148274987936,,,,
13701,64,3,0.003157826839014888,,,,
13702,64,3,0.003445042995736003,,,,
13703,64,3,0.002976249437779188,,,,
13704,64,3,0.005521857645362616,,,,
13705,64,3,0.0035303158219903708,,,,
13706,64,3,0.0034591490402817726,,,,
13707,64,3,0.003828885732218623,,,,
13708,64,3,0.003779270686209202,,,,
13709,64,3,0.003230760572478175,,,,
13710,64,3,0.0032626348547637463,,,,
13711,64,3,0.0033452860079705715,,,,
13712,64,3,0.0035052120219916105,,,,
13713,64,3,0.0035787178203463554,,,,
13714,64,3,0.0028356544207781553,,,,
13715,64,3,0.0030963763128966093,,,,
13716,64,3,0.003555003087967634,,,,
13717,64,3,0.003038237802684307,,,,
13718,64,3,0.0031665596179664135,,,,
13719,64,3,0.00351908290758729,,,,
13720,64,3,0.003769156988710165,,,,
13721,64,3,0.0036720444913953543,,,,
13722,64,3,0.0035886382684111595,,,,
13723,64,3,0.0037282053381204605,,,,
13724,64,3,0.003113277954980731,,,,
13725,64,3,0.0030409125611186028,,,,
13726,64,3,0.002975854557007551,,,,
13727,64,3,0.0029192306101322174,,,,
13728,64,3,0.0032041030935943127,,,,
13729,64,3,0.0031781315337866545,,,,
13730,64,3,0.0035660583525896072,,,,
13731,64,3,0.0029683890752494335,,,,
13732,64,3,0.0031578426714986563,,,,
13733,64,3,0.003315845038741827,,,,
13734,64,3,0.003452277509495616,,,,
13735,64,3,0.0034919525496661663,,,,
13736,64,3,0.0033705669920891523,,,,
13737,64,3,0.0033923934679478407,,,,
13738,64,3,0.0029338831081986427,,,,
13739,64,3,0.0036239835899323225,,,,
13740,64,3,0.0030886242166161537,,,,
13741,64,3,0.003741000546142459,,,,
13742,64,3,0.00418076291680336,,,,
13743,64,3,0.003485394176095724,,,,
13744,64,3,0.003387951757758856,,,,
13745,64,3,0.003280302509665489,,,,
13746,64,3,0.0034228104632347822,,,,
13747,64,3,0.004147971980273724,,,,
13748,64,3,0.0030054114758968353,,,,
13749,64,3,0.0035943398252129555,,,,
13750,64,3,0.0035333484411239624,,,,
13751,64,3,0.0031342972069978714,,,,
13752,64,3,0.0037408173084259033,,,,
13753,64,3,0.003819588106125593,,,,
13754,64,3,0.0032884329557418823,,,,
13755,64,3,0.0033967047929763794,,,,
13756,64,3,0.0030884358566254377,,,,
13757,64,3,0.0031892661936581135,,,,
13758,64,3,0.0024978111032396555,,,,
13759,64,3,0.0033197198063135147,,,,
13760,64,3,0.002928923349827528,,,,
13761,64,3,0.003156136255711317,,,,
13762,64,3,0.002843221416696906,,,,
13763,64,3,0.0028451671823859215,,,,
13764,64,3,0.0034697153605520725,,,,
13765,64,3,0.0030600852333009243,,,,
13766,64,3,0.0032173122745007277,,,,
13767,64,3,0.0033584418706595898,,,,
13768,64,3,0.003886524587869644,,,,
13769,64,3,0.003193387296050787,,,,
13770,64,3,0.0033603510819375515,,,,
13771,64,3,0.0030411528423428535,,,,
13772,64,3,0.003925628494471312,,,,
13773,64,3,0.0029866702388972044,,,,
13774,64,3,0.002848200034350157,,,,
13775,64,3,0.0036884183064103127,,,,
13776,64,3,0.0029691937379539013,,,,
13777,64,3,0.002988345455378294,,,,
13778,64,3,0.003689893987029791,,,,
13779,64,3,0.0027778081130236387,,,,
13780,64,3,0.003433982841670513,,,,
13781,64,3,0.0029309717938303947,,,,
13782,64,3,0.00249320175498724,,,,
13783,64,3,0.0028914716094732285,,,,
13784,64,3,0.003025311976671219,,,,
13785,64,3,0.003246838226914406,,,,
13786,64,3,0.0031606617849320173,,,,
13787,64,3,0.0030376166105270386,,,,
13788,64,3,0.00410598935559392,,,,
13789,64,3,0.0028581353835761547,,,,
13790,64,3,0.004209031350910664,,,,
13791,64,3,0.0032522331457585096,,,,
13792,64,3,0.003602821147069335,,,,
13793,64,3,0.0034644678235054016,,,,
13794,64,3,0.003648859914392233,,,,
13795,64,3,0.003253157949075103,,,,
13796,64,3,0.003688135650008917,,,,
13797,64,3,0.004406828433275223,,,,
13798,64,3,0.0036713574081659317,,,,
13799,64,3,0.00312210014089942,,,,
13800,64,3,0.00367038045078516,,,,
13801,64,3,0.003139821346849203,,,,
13802,64,3,0.003657675813883543,,,,
13803,64,3,0.0026997169479727745,,,,
13804,64,3,0.0035880431532859802,,,,
13805,64,3,0.0032652965746819973,,,,
13806,64,3,0.00317012844607234,,,,
13807,64,3,0.0037693995982408524,,,,
13808,64,3,0.002764290664345026,,,,
13809,64,3,0.003362571820616722,,,,
13810,64,3,0.0030667795799672604,,,,
13811,64,3,0.0032450021244585514,,,,
13812,64,3,0.0033627343364059925,,,,
13813,64,3,0.003888096660375595,,,,
13814,64,3,0.0037879066076129675,,,,
13815,64,3,0.0032874911557883024,,,,
13816,64,3,0.003198675811290741,,,,
13817,64,3,0.003034210531041026,,,,
13818,64,3,0.003555919975042343,,,,
13819,64,3,0.0030985623598098755,,,,
13820,64,3,0.0032630523201078176,,,,
13821,64,3,0.0032482824753969908,,,,
13822,64,3,0.0031311004422605038,,,,
13823,64,3,0.0036207162775099277,,,,
13824,64,3,0.0030063530430197716,,,,
13825,64,3,0.0037760958075523376,,,,
13826,64,3,0.0036874234210699797,,,,
13827,64,3,0.0033514872193336487,,,,
13828,64,3,0.0032878578640520573,,,,
13829,64,3,0.0030726108234375715,,,,
13830,64,3,0.0029652423691004515,,,,
13831,64,3,0.002982020378112793,,,,
13832,64,3,0.0028444535564631224,,,,
13833,64,3,0.0035520538222044706,,,,
13834,64,3,0.002897100057452917,,,,
13835,64,3,0.003300932701677084,,,,
13836,64,3,0.003087525023147464,,,,
13837,64,3,0.0029159998521208763,,,,
13838,64,3,0.0026835340540856123,,,,
13839,64,3,0.0032153611537069082,,,,
13840,64,3,0.002919487189501524,,,,
13841,64,3,0.002786543220281601,,,,
13842,64,3,0.00339459627866745,,,,
13843,64,3,0.0028631582390516996,,,,
13844,64,3,0.003214450553059578,,,,
13845,64,3,0.0032109215389937162,,,,
13846,64,3,0.0029773209244012833,,,,
13847,64,3,0.0029386146925389767,,,,
13848,64,3,0.003466499736532569,,,,
13849,64,3,0.0028008620720356703,,,,
13850,64,3,0.0029205556493252516,,,,
13851,64,3,0.0038606133311986923,,,,
13852,64,3,0.0037609203718602657,,,,
13853,64,3,0.0025748340412974358,,,,
13854,64,3,0.004031552467495203,,,,
13855,64,3,0.002936537144705653,,,,
13856,64,3,0.0043419646099209785,,,,
13857,64,3,0.0037174224853515625,,,,
13858,64,3,0.0038310603704303503,,,,
13859,64,3,0.0032318064477294683,,,,
13860,64,3,0.0034892212133854628,,,,
13861,64,3,0.00382201443426311,,,,
13862,64,3,0.003786838613450527,,,,
13863,64,3,0.003863952588289976,,,,
13864,64,3,0.0034116979222744703,,,,
13865,64,3,0.0036617331206798553,,,,
13866,64,3,0.0028380462899804115,,,,
13867,64,3,0.0037044775672256947,,,,
13868,64,3,0.0034299339167773724,,,,
13869,64,3,0.0032250506337732077,,,,
13870,64,3,0.004372215364128351,,,,
13871,64,3,0.0032656320836395025,,,,
13872,64,3,0.003469549585133791,,,,
13873,64,3,0.0041466993279755116,,,,
13874,64,3,0.002920204307883978,,,,
13875,64,3,0.003234606236219406,,,,
13876,64,3,0.0029030076693743467,,,,
13877,64,3,0.0037451477255672216,,,,
13878,64,3,0.0034419677685946226,,,,
13879,64,3,0.003499888814985752,,,,
13880,64,3,0.0036000069230794907,,,,
13881,64,3,0.0036450643092393875,,,,
13882,64,3,0.002993636531755328,,,,
13883,64,3,0.002651754766702652,,,,
13884,64,3,0.00470380112528801,,,,
13885,64,3,0.0033889655023813248,,,,
13886,64,3,0.0034981337375938892,,,,
13887,64,3,0.0028220764361321926,,,,
13888,64,3,0.0038722099270671606,,,,
13889,64,3,0.0032400600612163544,,,,
13890,64,3,0.0029401741921901703,,,,
13891,64,3,0.0026474595069885254,,,,
13892,64,3,0.002855964470654726,,,,
13893,64,3,0.0032666753977537155,,,,
13894,64,3,0.0032841176725924015,,,,
13895,64,3,0.004521488677710295,,,,
13896,64,3,0.0031227576546370983,,,,
13897,64,3,0.0032181330025196075,,,,
13898,64,3,0.003437047591432929,,,,
13899,64,3,0.0033023280557245016,,,,
13900,64,3,0.0030323886312544346,,,,
13901,64,3,0.003390881232917309,,,,
13902,64,3,0.005094168242067099,,,,
13903,64,3,0.0028568492271006107,,,,
13904,64,3,0.003225427819415927,,,,
13905,64,3,0.0034602973610162735,,,,
13906,64,3,0.003744522575289011,,,,
13907,64,3,0.004104985855519772,,,,
13908,64,3,0.0035970062017440796,,,,
13909,64,3,0.0032690363004803658,,,,
13910,64,3,0.003314532106742263,,,,
13911,64,3,0.003716586157679558,,,,
13912,64,3,0.0029740585014224052,,,,
13913,64,3,0.003288306063041091,,,,
13914,64,3,0.0033845684956759214,,,,
13915,64,3,0.002885066671296954,,,,
13916,64,3,0.003429706208407879,,,,
13917,64,3,0.003724992275238037,,,,
13918,64,3,0.0030209373217076063,,,,
13919,64,3,0.0034651695750653744,,,,
13920,64,3,0.004141657613217831,,,,
13921,64,3,0.0038920147344470024,,,,
13922,64,3,0.003105648560449481,,,,
13923,64,3,0.002821751404553652,,,,
13924,64,3,0.002657592762261629,,,,
13925,64,3,0.00345263397321105,,,,
13926,64,3,0.0036702360957860947,,,,
13927,64,3,0.004417018964886665,,,,
13928,64,3,0.0038001490756869316,,,,
13929,64,3,0.0034754606895148754,,,,
13930,64,3,0.0030218285974115133,,,,
13931,64,3,0.0039523630402982235,,,,
13932,64,3,0.003441351931542158,,,,
13933,64,3,0.0033779905643314123,,,,
13934,64,3,0.0036918767727911472,,,,
13935,64,3,0.0033324342221021652,,,,
13936,64,3,0.003139037638902664,,,,
13937,64,3,0.003853708505630493,,,,
13938,64,3,0.002979286713525653,,,,
13939,64,3,0.0033684447407722473,,,,
13940,64,3,0.0032155707012861967,,,,
13941,64,3,0.003327973885461688,,,,
13942,64,3,0.0029507845174521208,,,,
13943,64,3,0.003231300041079521,,,,
13944,64,3,0.0034719868563115597,,,,
13945,64,3,0.0034138388000428677,,,,
13946,64,3,0.002982502803206444,,,,
13947,64,3,0.0032558178063482046,,,,
13948,64,3,0.0030761784873902798,,,,
13949,64,3,0.003486699890345335,,,,
13950,64,3,0.0030467300675809383,,,,
13951,64,3,0.0030836747027933598,,,,
13952,64,3,0.003093163948506117,,,,
13953,64,3,0.0030394606292247772,,,,
13954,64,3,0.0034146474208682775,,,,
13955,64,3,0.004030619282275438,,,,
13956,64,3,0.0034521915949881077,,,,
13957,64,3,0.0034767414908856153,,,,
13958,64,3,0.0032429443672299385,,,,
13959,64,3,0.0036136037670075893,,,,
13960,64,3,0.0031905188225209713,,,,
13961,64,3,0.002942262217402458,,,,
13962,64,3,0.0032457467168569565,,,,
13963,64,3,0.002886236645281315,,,,
13964,64,3,0.0032705876510590315,,,,
13965,64,3,0.003358691930770874,,,,
13966,64,3,0.003030315740033984,,,,
13967,64,3,0.0037577764596790075,,,,
13968,64,3,0.003914402797818184,,,,
13969,64,3,0.0035697091370821,,,,
13970,64,3,0.003220871789380908,,,,
13971,64,3,0.0037632703315466642,,,,
13972,64,3,0.0029190878849476576,,,,
13973,64,3,0.002806827425956726,,,,
13974,64,3,0.0025832410901784897,,,,
13975,64,3,0.0035069796722382307,,,,
13976,64,3,0.002868952928110957,,,,
13977,64,3,0.003013225272297859,,,,
13978,64,3,0.0032137474045157433,,,,
13979,64,3,0.00379565148614347,,,,
13980,64,3,0.0036142016761004925,,,,
13981,64,3,0.002916195895522833,,,,
13982,64,3,0.003450664458796382,,,,
13983,64,3,0.002834724960848689,,,,
13984,64,3,0.0035076455678790808,,,,
13985,64,3,0.002908550901338458,,,,
13986,64,3,0.0033003641292452812,,,,
13987,64,3,0.003161301836371422,,,,
13988,64,3,0.0025193968322128057,,,,
13989,64,3,0.003151054261252284,,,,
13990,64,3,0.004260159097611904,,,,
13991,64,3,0.003150180447846651,,,,
13992,64,3,0.0028839651495218277,,,,
13993,64,3,0.0035912413150072098,,,,
13994,64,3,0.0031668588053435087,,,,
13995,64,3,0.0028104111552238464,,,,
13996,64,3,0.003391614882275462,,,,
13997,64,3,0.0027296459302306175,,,,
13998,64,3,0.0037308260798454285,,,,
13999,64,3,0.0038618415128439665,,,,
14000,64,3,0.0030376287177205086,,0.006890132683923745,0.8405572327461429,23.104518358058762
14001,64,3,0.0033127020578831434,,,,
14002,64,3,0.00329980137757957,,,,
14003,64,3,0.0037774168886244297,,,,
14004,64,3,0.002800206420943141,,,,
14005,64,3,0.002755081979557872,,,,
14006,64,3,0.003094577230513096,,,,
14007,64,3,0.003055003471672535,,,,
14008,64,3,0.0032307251822203398,,,,
14009,64,3,0.0034183762036263943,,,,
14010,64,3,0.003655250882729888,,,,
14011,64,3,0.0030266903340816498,,,,
14012,64,3,0.0032451297156512737,,,,
14013,64,3,0.0031266547739505768,,,,
14014,64,3,0.0035392832942306995,,,,
14015,64,3,0.003596213413402438,,,,
14016,64,3,0.0028274066280573606,,,,
14017,64,3,0.0037436054553836584,,,,
14018,64,3,0.003457405371591449,,,,
14019,64,3,0.0031200097873806953,,,,
14020,64,3,0.00399848073720932,,,,
14021,64,3,0.0029772422276437283,,,,
14022,64,3,0.0034903946798294783,,,,
14023,64,3,0.0034231403842568398,,,,
14024,64,3,0.0035541735123842955,,,,
14025,64,3,0.003903027158230543,,,,
14026,64,3,0.003576709656044841,,,,
14027,64,3,0.003449051408097148,,,,
14028,64,3,0.0034825592301785946,,,,
14029,64,3,0.0035948045551776886,,,,
14030,64,3,0.00347210094332695,,,,
14031,64,3,0.0036608472000807524,,,,
14032,64,3,0.0030394713394343853,,,,
14033,64,3,0.0028687575832009315,,,,
14034,64,3,0.002842007204890251,,,,
14035,64,3,0.0031338080298155546,,,,
14036,64,3,0.0030955765396356583,,,,
14037,64,3,0.0031486875377595425,,,,
14038,64,3,0.0028439140878617764,,,,
14039,64,3,0.003460839157924056,,,,
14040,64,3,0.0024950476363301277,,,,
14041,64,3,0.002892277901992202,,,,
14042,64,3,0.003298773430287838,,,,
14043,64,3,0.003302142024040222,,,,
14044,64,3,0.0030616007279604673,,,,
14045,64,3,0.004952744580805302,,,,
14046,64,3,0.003415983635932207,,,,
14047,64,3,0.0034343579318374395,,,,
14048,64,3,0.004270374774932861,,,,
14049,64,3,0.0033254472073167562,,,,
14050,64,3,0.0032235279213637114,,,,
14051,64,3,0.003917909227311611,,,,
14052,64,3,0.0035347347147762775,,,,
14053,64,3,0.0032784815412014723,,,,
14054,64,3,0.0031763981096446514,,,,
14055,64,3,0.002895605517551303,,,,
14056,64,3,0.003461437998339534,,,,
14057,64,3,0.0036225318908691406,,,,
14058,64,3,0.003373797982931137,,,,
14059,64,3,0.003376868087798357,,,,
14060,64,3,0.004730002023279667,,,,
14061,64,3,0.003923577722162008,,,,
14062,64,3,0.0032260098960250616,,,,
14063,64,3,0.00350940297357738,,,,
14064,64,3,0.004008064046502113,,,,
14065,64,3,0.0033514935057610273,,,,
14066,64,3,0.004123191814869642,,,,
14067,64,3,0.0034994343295693398,,,,
14068,64,3,0.00394995603710413,,,,
14069,64,3,0.003221169812604785,,,,
14070,64,3,0.003081203205510974,,,,
14071,64,3,0.0025265240110456944,,,,
14072,64,3,0.0027106287889182568,,,,
14073,64,3,0.0029736394062638283,,,,
14074,64,3,0.0036774035543203354,,,,
14075,64,3,0.0034346245229244232,,,,
14076,64,3,0.003012583591043949,,,,
14077,64,3,0.003035158384591341,,,,
14078,64,3,0.003535331692546606,,,,
14079,64,3,0.002866538939997554,,,,
14080,64,3,0.0031767997425049543,,,,
14081,64,3,0.0031125396490097046,,,,
14082,64,3,0.0032577773090451956,,,,
14083,64,3,0.003212821437045932,,,,
14084,64,3,0.003708109026774764,,,,
14085,64,3,0.0033939797431230545,,,,
14086,64,3,0.002871515229344368,,,,
14087,64,3,0.0034303562715649605,,,,
14088,64,3,0.002998853800818324,,,,
14089,64,3,0.0032496002968400717,,,,
14090,64,3,0.0031575257889926434,,,,
14091,64,3,0.0028454121202230453,,,,
14092,64,3,0.003158941399306059,,,,
14093,64,3,0.0025502147618681192,,,,
14094,64,3,0.002586705144494772,,,,
14095,64,3,0.0032011333387345076,,,,
14096,64,3,0.0026982480194419622,,,,
14097,64,3,0.003447137773036957,,,,
14098,64,3,0.0035615914966911077,,,,
14099,64,3,0.003650679951533675,,,,
14100,64,3,0.0028472195845097303,,,,
14101,64,3,0.004043472930788994,,,,
14102,64,3,0.003833368420600891,,,,
14103,64,3,0.0028345256578177214,,,,
14104,64,3,0.0029704177286475897,,,,
14105,64,3,0.003662853268906474,,,,
14106,64,3,0.0032665010076016188,,,,
14107,64,3,0.003313949331641197,,,,
14108,64,3,0.0026790264528244734,,,,
14109,64,3,0.0030472890939563513,,,,
14110,64,3,0.003143809735774994,,,,
14111,64,3,0.0030065756291151047,,,,
14112,64,3,0.0029472634196281433,,,,
14113,64,3,0.0042445724830031395,,,,
14114,64,3,0.0031825515907257795,,,,
14115,64,3,0.0038968101143836975,,,,
14116,64,3,0.0038559804670512676,,,,
14117,64,3,0.0038587849121540785,,,,
14118,64,3,0.002605264540761709,,,,
14119,64,3,0.0034056492149829865,,,,
14120,64,3,0.003779761493206024,,,,
14121,64,3,0.003445975249633193,,,,
14122,64,3,0.003554179798811674,,,,
14123,64,3,0.0035026788245886564,,,,
14124,64,3,0.0030701232608407736,,,,
14125,64,3,0.003541306359693408,,,,
14126,64,3,0.00270706950686872,,,,
14127,64,3,0.003750801784917712,,,,
14128,64,3,0.003447619266808033,,,,
14129,64,3,0.002959908451884985,,,,
14130,64,3,0.0030185761861503124,,,,
14131,64,3,0.003620932810008526,,,,
14132,64,3,0.004293205216526985,,,,
14133,64,3,0.003035556059330702,,,,
14134,64,3,0.003236645832657814,,,,
14135,64,3,0.003100204048678279,,,,
14136,64,3,0.0034858188591897488,,,,
14137,64,3,0.003940656781196594,,,,
14138,64,3,0.003472595941275358,,,,
14139,64,3,0.003928276710212231,,,,
14140,64,3,0.0032073126640170813,,,,
14141,64,3,0.0031115447636693716,,,,
14142,64,3,0.0035549774765968323,,,,
14143,64,3,0.003303952282294631,,,,
14144,64,3,0.0030426213052123785,,,,
14145,64,3,0.002765700686722994,,,,
14146,64,3,0.003321137046441436,,,,
14147,64,3,0.003118290565907955,,,,
14148,64,3,0.0036108549684286118,,,,
14149,64,3,0.003076060675084591,,,,
14150,64,3,0.003812848124653101,,,,
14151,64,3,0.0033147986978292465,,,,
14152,64,3,0.002862329361960292,,,,
14153,64,3,0.0026585671585053205,,,,
14154,64,3,0.0031836754642426968,,,,
14155,64,3,0.0033754303585737944,,,,
14156,64,3,0.003255492774769664,,,,
14157,64,3,0.003270480316132307,,,,
14158,64,3,0.003150889417156577,,,,
14159,64,3,0.002790417056530714,,,,
14160,64,3,0.002946315798908472,,,,
14161,64,3,0.003403102047741413,,,,
14162,64,3,0.002805018797516823,,,,
14163,64,3,0.0028522664215415716,,,,
14164,64,3,0.00331317400559783,,,,
14165,64,3,0.003381808288395405,,,,
14166,64,3,0.00382024422287941,,,,
14167,64,3,0.0030779640655964613,,,,
14168,64,3,0.003054230473935604,,,,
14169,64,3,0.004093722440302372,,,,
14170,64,3,0.0034796230029314756,,,,
14171,64,3,0.003695167601108551,,,,
14172,64,3,0.0036204084753990173,,,,
14173,64,3,0.003157402155920863,,,,
14174,64,3,0.0032577335368841887,,,,
14175,64,3,0.0032677222043275833,,,,
14176,64,3,0.0028942646458745003,,,,
14177,64,3,0.0031465296633541584,,,,
14178,64,3,0.0031963323708623648,,,,
14179,64,3,0.0029991623014211655,,,,
14180,64,3,0.0031022182665765285,,,,
14181,64,3,0.0030551357194781303,,,,
14182,64,3,0.002684026025235653,,,,
14183,64,3,0.0028717301320284605,,,,
14184,64,3,0.003153204685077071,,,,
14185,64,3,0.0031761317513883114,,,,
14186,64,3,0.0032947089057415724,,,,
14187,64,3,0.003372790990397334,,,,
14188,64,3,0.0038865364622324705,,,,
14189,64,3,0.0033669162075966597,,,,
14190,64,3,0.0030599194578826427,,,,
14191,64,3,0.003756115911528468,,,,
14192,64,3,0.003059799550101161,,,,
14193,64,3,0.003074313048273325,,,,
14194,64,3,0.003471432253718376,,,,
14195,64,3,0.004140582866966724,,,,
14196,64,3,0.003078384790569544,,,,
14197,64,3,0.0032457648776471615,,,,
14198,64,3,0.0028096584137529135,,,,
14199,64,3,0.0031351051293313503,,,,
14200,64,3,0.003375025000423193,,,,
14201,64,3,0.0032972395420074463,,,,
14202,64,3,0.0035242708399891853,,,,
14203,64,3,0.002573489909991622,,,,
14204,64,3,0.003606193233281374,,,,
14205,64,3,0.00320926564745605,,,,
14206,64,3,0.003571072593331337,,,,
14207,64,3,0.003437622217461467,,,,
14208,64,3,0.0029065439011901617,,,,
14209,64,3,0.003064490854740143,,,,
14210,64,3,0.003499050159007311,,,,
14211,64,3,0.0030246167443692684,,,,
14212,64,3,0.0037079534959048033,,,,
14213,64,3,0.0032219383865594864,,,,
14214,64,3,0.002729306695982814,,,,
14215,64,3,0.0031176682095974684,,,,
14216,64,3,0.0034308601170778275,,,,
14217,64,3,0.003180014668032527,,,,
14218,64,3,0.0025982800871133804,,,,
14219,64,3,0.0032301265746355057,,,,
14220,64,3,0.002604876412078738,,,,
14221,64,3,0.003004616592079401,,,,
14222,64,3,0.0030974119435995817,,,,
14223,64,3,0.003196094883605838,,,,
14224,64,3,0.0029005464166402817,,,,
14225,64,3,0.0030581443570554256,,,,
14226,64,3,0.0029839295893907547,,,,
14227,64,3,0.003093820996582508,,,,
14228,64,3,0.003498183563351631,,,,
14229,64,3,0.0037444750778377056,,,,
14230,64,3,0.0034385286271572113,,,,
14231,64,3,0.002872145501896739,,,,
14232,64,3,0.0032377908937633038,,,,
14233,64,3,0.002920549362897873,,,,
14234,64,3,0.0029423795640468597,,,,
14235,64,3,0.0034219492226839066,,,,
14236,64,3,0.0035771687980741262,,,,
14237,64,3,0.0032967147417366505,,,,
14238,64,3,0.002673916518688202,,,,
14239,64,3,0.0034368240740150213,,,,
14240,64,3,0.0030173752456903458,,,,
14241,64,3,0.0029802783392369747,,,,
14242,64,3,0.0029945839196443558,,,,
14243,64,3,0.0032140780240297318,,,,
14244,64,3,0.0036660812329500914,,,,
14245,64,3,0.0032649594359099865,,,,
14246,64,3,0.0032193809747695923,,,,
14247,64,3,0.0032907361164689064,,,,
14248,64,3,0.003305025165900588,,,,
14249,64,3,0.0028115101158618927,,,,
14250,64,3,0.002924868371337652,,,,
14251,64,3,0.0036157534923404455,,,,
14252,64,3,0.0032840478233993053,,,,
14253,64,3,0.0029634132515639067,,,,
14254,64,3,0.002755617257207632,,,,
14255,64,3,0.00317365862429142,,,,
14256,64,3,0.003896167501807213,,,,
14257,64,3,0.0027527078054845333,,,,
14258,64,3,0.0031354939565062523,,,,
14259,64,3,0.003841215744614601,,,,
14260,64,3,0.0034525133669376373,,,,
14261,64,3,0.0031292045023292303,,,,
14262,64,3,0.0031849094666540623,,,,
14263,64,3,0.0033430454786866903,,,,
14264,64,3,0.0029094330966472626,,,,
14265,64,3,0.0029155644588172436,,,,
14266,64,3,0.002803180366754532,,,,
14267,64,3,0.003091431688517332,,,,
14268,64,3,0.0027700690552592278,,,,
14269,64,3,0.0035176777746528387,,,,
14270,64,3,0.00363673223182559,,,,
14271,64,3,0.0032467469573020935,,,,
14272,64,3,0.0032643189188092947,,,,
14273,64,3,0.004975858144462109,,,,
14274,64,3,0.003517875913530588,,,,
14275,64,3,0.003286862513050437,,,,
14276,64,3,0.003992144949734211,,,,
14277,64,3,0.0032876578625291586,,,,
14278,64,3,0.0035293209366500378,,,,
14279,64,3,0.003304949728772044,,,,
14280,64,3,0.003410257399082184,,,,
14281,64,3,0.003152466844767332,,,,
14282,64,3,0.0035955002531409264,,,,
14283,64,3,0.0029682847671210766,,,,
14284,64,3,0.0030343772377818823,,,,
14285,64,3,0.0035029451828449965,,,,
14286,64,3,0.003219766076654196,,,,
14287,64,3,0.002906567882746458,,,,
14288,64,3,0.0031346797477453947,,,,
14289,64,3,0.00263344869017601,,,,
14290,64,3,0.002993820235133171,,,,
14291,64,3,0.003291435306891799,,,,
14292,64,3,0.0029206592589616776,,,,
14293,64,3,0.0031934785656630993,,,,
14294,64,3,0.003101376350969076,,,,
14295,64,3,0.002899260725826025,,,,
14296,64,3,0.0036315135657787323,,,,
14297,64,3,0.0031632669270038605,,,,
14298,64,3,0.003576473332941532,,,,
14299,64,3,0.0027689733542501926,,,,
14300,64,3,0.002673204056918621,,,,
14301,64,3,0.0031728404574096203,,,,
14302,64,3,0.003175240010023117,,,,
14303,64,3,0.0033676072489470243,,,,
14304,64,3,0.0030828709714114666,,,,
14305,64,3,0.003300513606518507,,,,
14306,64,3,0.0028536710888147354,,,,
14307,64,3,0.0034615620970726013,,,,
14308,64,3,0.002972894813865423,,,,
14309,64,3,0.0032409457489848137,,,,
14310,64,3,0.003258754266425967,,,,
14311,64,3,0.002894931472837925,,,,
14312,64,3,0.0031014415435492992,,,,
14313,64,3,0.002830473706126213,,,,
14314,64,3,0.002833288861438632,,,,
14315,64,3,0.0025440328754484653,,,,
14316,64,3,0.0038703817408531904,,,,
14317,64,3,0.0036633217241615057,,,,
14318,64,3,0.0029217477422207594,,,,
14319,64,3,0.0030839673709124327,,,,
14320,64,3,0.003213990479707718,,,,
14321,64,3,0.0024972890969365835,,,,
14322,64,3,0.0031503066420555115,,,,
14323,64,3,0.003598487004637718,,,,
14324,64,3,0.0033680349588394165,,,,
14325,64,3,0.0032336756121367216,,,,
14326,64,3,0.0028920460026711226,,,,
14327,64,3,0.0029795910231769085,,,,
14328,64,3,0.003386974334716797,,,,
14329,64,3,0.0037882025353610516,,,,
14330,64,3,0.0031636860221624374,,,,
14331,64,3,0.003299066796898842,,,,
14332,64,3,0.0030219440814107656,,,,
14333,64,3,0.002711472101509571,,,,
14334,64,3,0.002909984439611435,,,,
14335,64,3,0.003152186516672373,,,,
14336,64,3,0.003557211719453335,,,,
14337,64,3,0.0034468460362404585,,,,
14338,64,3,0.0027594659477472305,,,,
14339,64,3,0.0030922587029635906,,,,
14340,64,3,0.0026563152205199003,,,,
14341,64,3,0.0032600946724414825,,,,
14342,64,3,0.0028688651509582996,,,,
14343,64,3,0.0031737652607262135,,,,
14344,64,3,0.002953487215563655,,,,
14345,64,3,0.002883926499634981,,,,
14346,64,3,0.002928390633314848,,,,
14347,64,3,0.0030821231193840504,,,,
14348,64,3,0.00371538451872766,,,,
14349,64,3,0.003245467320084572,,,,
14350,64,3,0.003231405047699809,,,,
14351,64,3,0.0032055056653916836,,,,
14352,64,3,0.0030321755912154913,,,,
14353,64,3,0.0036116221453994513,,,,
14354,64,3,0.003551644738763571,,,,
14355,64,3,0.002822329057380557,,,,
14356,64,3,0.0031320066191256046,,,,
14357,64,3,0.00397023931145668,,,,
14358,64,3,0.004066930618137121,,,,
14359,64,3,0.0029357243329286575,,,,
14360,64,3,0.0031688062008470297,,,,
14361,64,3,0.0038676164112985134,,,,
14362,64,3,0.003483715234324336,,,,
14363,64,3,0.003558166790753603,,,,
14364,64,3,0.0037731712218374014,,,,
14365,64,3,0.003108611097559333,,,,
14366,64,3,0.0033733020536601543,,,,
14367,64,3,0.0033246714156121016,,,,
14368,64,3,0.003945778124034405,,,,
14369,64,3,0.0032236806582659483,,,,
14370,64,3,0.003557236399501562,,,,
14371,64,3,0.0033009431790560484,,,,
14372,64,3,0.0038246996700763702,,,,
14373,64,3,0.0031531713902950287,,,,
14374,64,3,0.0028676255606114864,,,,
14375,64,3,0.003136914223432541,,,,
14376,64,3,0.0030917625408619642,,,,
14377,64,3,0.003623391967266798,,,,
14378,64,3,0.003374275518581271,,,,
14379,64,3,0.0031855846755206585,,,,
14380,64,3,0.0035324206110090017,,,,
14381,64,3,0.0027384781278669834,,,,
14382,64,3,0.0032015990000218153,,,,
14383,64,3,0.0029869850259274244,,,,
14384,64,3,0.0034414217807352543,,,,
14385,64,3,0.0027696702163666487,,,,
14386,64,3,0.002923597116023302,,,,
14387,64,3,0.0035053237807005644,,,,
14388,64,3,0.0031364504247903824,,,,
14389,64,3,0.0030850889161229134,,,,
14390,64,3,0.0030786870047450066,,,,
14391,64,3,0.003178014187142253,,,,
14392,64,3,0.0030098832212388515,,,,
14393,64,3,0.0030641304329037666,,,,
14394,64,3,0.0032355203293263912,,,,
14395,64,3,0.0034126117825508118,,,,
14396,64,3,0.00295352004468441,,,,
14397,64,3,0.0031112395226955414,,,,
14398,64,3,0.002776172012090683,,,,
14399,64,3,0.003075942862778902,,,,
14400,64,3,0.0028331740759313107,,,,
14401,64,3,0.0033332370221614838,,,,
14402,64,3,0.0036499882116913795,,,,
14403,64,3,0.003072823164984584,,,,
14404,64,3,0.003160599386319518,,,,
14405,64,3,0.003069452941417694,,,,
14406,64,3,0.0033199950121343136,,,,
14407,64,3,0.002962613943964243,,,,
14408,64,3,0.003157594008371234,,,,
14409,64,3,0.002822780515998602,,,,
14410,64,3,0.0034669542219489813,,,,
14411,64,3,0.0032393313013017178,,,,
14412,64,3,0.003446803893893957,,,,
14413,64,3,0.0033180168829858303,,,,
14414,64,3,0.0036299272906035185,,,,
14415,64,3,0.0031558810733258724,,,,
14416,64,3,0.0032548215240240097,,,,
14417,64,3,0.0032919207587838173,,,,
14418,64,3,0.0030827652662992477,,,,
14419,64,3,0.0027346136048436165,,,,
14420,64,3,0.003414648352190852,,,,
14421,64,3,0.0032256189733743668,,,,
14422,64,3,0.002679095370694995,,,,
14423,64,3,0.00303454021923244,,,,
14424,64,3,0.002413814887404442,,,,
14425,64,3,0.0026443381793797016,,,,
14426,64,3,0.0032563672866672277,,,,
14427,64,3,0.003095134161412716,,,,
14428,64,3,0.0031245723366737366,,,,
14429,64,3,0.002889102790504694,,,,
14430,64,3,0.003375413827598095,,,,
14431,64,3,0.0031653475016355515,,,,
14432,64,3,0.0030353651382029057,,,,
14433,64,3,0.004532518796622753,,,,
14434,64,3,0.00368192489258945,,,,
14435,64,3,0.002918786834925413,,,,
14436,64,3,0.0030915779061615467,,,,
14437,64,3,0.0029775022994726896,,,,
14438,64,3,0.0029602372087538242,,,,
14439,64,3,0.0032523544505238533,,,,
14440,64,3,0.003631463274359703,,,,
14441,64,3,0.0029875733889639378,,,,
14442,64,3,0.003395169973373413,,,,
14443,64,3,0.003245588159188628,,,,
14444,64,3,0.003649407997727394,,,,
14445,64,3,0.0031265257857739925,,,,
14446,64,3,0.0025710375048220158,,,,
14447,64,3,0.0038145442958921194,,,,
14448,64,3,0.0031151443254202604,,,,
14449,64,3,0.0028308413457125425,,,,
14450,64,3,0.0033978214487433434,,,,
14451,64,3,0.0038311562966555357,,,,
14452,64,3,0.0030882875435054302,,,,
14453,64,3,0.00344010628759861,,,,
14454,64,3,0.0031536128371953964,,,,
14455,64,3,0.003482681466266513,,,,
14456,64,3,0.0028288026805967093,,,,
14457,64,3,0.0030355630442500114,,,,
14458,64,3,0.003566572442650795,,,,
14459,64,3,0.002957553369924426,,,,
14460,64,3,0.002908891998231411,,,,
14461,64,3,0.003344194032251835,,,,
14462,64,3,0.0038042012602090836,,,,
14463,64,3,0.0031525767408311367,,,,
14464,64,3,0.003246042411774397,,,,
14465,64,3,0.0029618681874126196,,,,
14466,64,3,0.002975740237161517,,,,
14467,64,3,0.0030207333620637655,,,,
14468,64,3,0.0027664066292345524,,,,
14469,64,3,0.0030638377647846937,,,,
14470,64,3,0.0040328772738575935,,,,
14471,64,3,0.002990208100527525,,,,
14472,64,3,0.003373458981513977,,,,
14473,64,3,0.0032253339886665344,,,,
14474,64,3,0.003143487498164177,,,,
14475,64,3,0.003322781529277563,,,,
14476,64,3,0.002843216061592102,,,,
14477,64,3,0.0030481526628136635,,,,
14478,64,3,0.003583350917324424,,,,
14479,64,3,0.0031033754348754883,,,,
14480,64,3,0.0031964443624019623,,,,
14481,64,3,0.0031523271463811398,,,,
14482,64,3,0.0032555540092289448,,,,
14483,64,3,0.0031702369451522827,,,,
14484,64,3,0.0032103934790939093,,,,
14485,64,3,0.002843877300620079,,,,
14486,64,3,0.0028549390845000744,,,,
14487,64,3,0.003318306989967823,,,,
14488,64,3,0.0026146331802010536,,,,
14489,64,3,0.0034313879441469908,,,,
14490,64,3,0.003526103449985385,,,,
14491,64,3,0.002707253908738494,,,,
14492,64,3,0.003650907427072525,,,,
14493,64,3,0.003470319090411067,,,,
14494,64,3,0.0035874571185559034,,,,
14495,64,3,0.0034713391214609146,,,,
14496,64,3,0.0038703996688127518,,,,
14497,64,3,0.0029795735608786345,,,,
14498,64,3,0.0030180271714925766,,,,
14499,64,3,0.0027539110742509365,,,,
14500,64,3,0.0034999314229935408,,,,
14501,64,3,0.003662255359813571,,,,
14502,64,3,0.0034357847180217505,,,,
14503,64,3,0.003737286664545536,,,,
14504,64,3,0.003198120277374983,,,,
14505,64,3,0.0036359603982418776,,,,
14506,64,3,0.0032315950375050306,,,,
14507,64,3,0.003008507192134857,,,,
14508,64,3,0.00373133085668087,,,,
14509,64,3,0.003388515440747142,,,,
14510,64,3,0.0032557423692196608,,,,
14511,64,3,0.00342117203399539,,,,
14512,64,3,0.004342124331742525,,,,
14513,64,3,0.003257621079683304,,,,
14514,64,3,0.002848146017640829,,,,
14515,64,3,0.0035452616866678,,,,
14516,64,3,0.0038569418247789145,,,,
14517,64,3,0.0034199897199869156,,,,
14518,64,3,0.003070591017603874,,,,
14519,64,3,0.0035284608602523804,,,,
14520,64,3,0.003009761217981577,,,,
14521,64,3,0.0030456127133220434,,,,
14522,64,3,0.0034056545700877905,,,,
14523,64,3,0.0031966431997716427,,,,
14524,64,3,0.00313204200938344,,,,
14525,64,3,0.0034705689176917076,,,,
14526,64,3,0.003407880198210478,,,,
14527,64,3,0.003106992691755295,,,,
14528,64,3,0.003602581098675728,,,,
14529,64,3,0.003196975216269493,,,,
14530,64,3,0.004274363629519939,,,,
14531,64,3,0.00307853682897985,,,,
14532,64,3,0.0028330094646662474,,,,
14533,64,3,0.0034392359666526318,,,,
14534,64,3,0.0031176588963717222,,,,
14535,64,3,0.0038277464918792248,,,,
14536,64,3,0.003490119706839323,,,,
14537,64,3,0.003590645268559456,,,,
14538,64,3,0.0032252934761345387,,,,
14539,64,3,0.0028384136967360973,,,,
14540,64,3,0.0035007658880203962,,,,
14541,64,3,0.002862175926566124,,,,
14542,64,3,0.00259491428732872,,,,
14543,64,3,0.0032701673917472363,,,,
14544,64,3,0.002675824798643589,,,,
14545,64,3,0.003985651768743992,,,,
14546,64,3,0.00283637922257185,,,,
14547,64,3,0.004079563543200493,,,,
14548,64,3,0.002775108441710472,,,,
14549,64,3,0.003304730635136366,,,,
14550,64,3,0.0027546787168830633,,,,
14551,64,3,0.0039295656606554985,,,,
14552,64,3,0.0035328164231032133,,,,
14553,64,3,0.002832506550475955,,,,
14554,64,3,0.003754726145416498,,,,
14555,64,3,0.003992934711277485,,,,
14556,64,3,0.003431404009461403,,,,
14557,64,3,0.0028435885906219482,,,,
14558,64,3,0.003354795277118683,,,,
14559,64,3,0.002968191634863615,,,,
14560,64,3,0.0032525132410228252,,,,
14561,64,3,0.0034937195014208555,,,,
14562,64,3,0.0034160460345447063,,,,
14563,64,3,0.0027420520782470703,,,,
14564,64,3,0.0031969789415597916,,,,
14565,64,3,0.0028850312810391188,,,,
14566,64,3,0.003190938150510192,,,,
14567,64,3,0.0034496262669563293,,,,
14568,64,3,0.003068711142987013,,,,
14569,64,3,0.003545084036886692,,,,
14570,64,3,0.003557049436494708,,,,
14571,64,3,0.0031599763315171003,,,,
14572,64,3,0.004239674191921949,,,,
14573,64,3,0.002757525071501732,,,,
14574,64,3,0.0034531604032963514,,,,
14575,64,3,0.0034421044401824474,,,,
14576,64,3,0.0028256685473024845,,,,
14577,64,3,0.003241846105083823,,,,
14578,64,3,0.004023432265967131,,,,
14579,64,3,0.003944803029298782,,,,
14580,64,3,0.00395775493234396,,,,
14581,64,3,0.0034173789899796247,,,,
14582,64,3,0.0034548412077128887,,,,
14583,64,3,0.0030248730909079313,,,,
14584,64,3,0.004225331358611584,,,,
14585,64,3,0.0030234823934733868,,,,
14586,64,3,0.003638999070972204,,,,
14587,64,3,0.003113902173936367,,,,
14588,64,3,0.003490180242806673,,,,
14589,64,3,0.0032450328581035137,,,,
14590,64,3,0.003152055200189352,,,,
14591,64,3,0.0034759221598505974,,,,
14592,64,3,0.003396297339349985,,,,
14593,64,3,0.003492403542622924,,,,
14594,64,3,0.0039206333458423615,,,,
14595,64,3,0.00323980743996799,,,,
14596,64,3,0.003785728244110942,,,,
14597,64,3,0.0036255724262446165,,,,
14598,64,3,0.0036306860856711864,,,,
14599,64,3,0.0032722349278628826,,,,
14600,64,3,0.0032664041500538588,,,,
14601,64,3,0.0031924350187182426,,,,
14602,64,3,0.0034963663201779127,,,,
14603,64,3,0.0030990520026534796,,,,
14604,64,3,0.0033873249776661396,,,,
14605,64,3,0.003852306865155697,,,,
14606,64,3,0.003169221803545952,,,,
14607,64,3,0.0036439516115933657,0.0034872752881832296,,,
14608,64,4,0.003175425808876753,,,,
14609,64,4,0.0032358127646148205,,,,
14610,64,4,0.002744528232142329,,,,
14611,64,4,0.0028942390345036983,,,,
14612,64,4,0.0032334141433238983,,,,
14613,64,4,0.003155885264277458,,,,
14614,64,4,0.0028350220527499914,,,,
14615,64,4,0.002707946812734008,,,,
14616,64,4,0.0027862756978720427,,,,
14617,64,4,0.0029973816126585007,,,,
14618,64,4,0.002951942151412368,,,,
14619,64,4,0.0027710492722690105,,,,
14620,64,4,0.0033753695897758007,,,,
14621,64,4,0.0031610988080501556,,,,
14622,64,4,0.002894758014008403,,,,
14623,64,4,0.0030183091294020414,,,,
14624,64,4,0.0033042053692042828,,,,
14625,64,4,0.003412752179428935,,,,
14626,64,4,0.0034324151929467916,,,,
14627,64,4,0.002415255643427372,,,,
14628,64,4,0.002617734484374523,,,,
14629,64,4,0.0031964839436113834,,,,
14630,64,4,0.00280904583632946,,,,
14631,64,4,0.002786274766549468,,,,
14632,64,4,0.00314409751445055,,,,
14633,64,4,0.003212984185665846,,,,
14634,64,4,0.0030510942451655865,,,,
14635,64,4,0.0028925184160470963,,,,
14636,64,4,0.0029784436337649822,,,,
14637,64,4,0.0025665387511253357,,,,
14638,64,4,0.002843413269147277,,,,
14639,64,4,0.0027559325098991394,,,,
14640,64,4,0.002772753592580557,,,,
14641,64,4,0.0027086036279797554,,,,
14642,64,4,0.0027963684406131506,,,,
14643,64,4,0.00303617469035089,,,,
14644,64,4,0.0029071816243231297,,,,
14645,64,4,0.0026203920133411884,,,,
14646,64,4,0.0029060612432658672,,,,
14647,64,4,0.0031601188238710165,,,,
14648,64,4,0.002784722950309515,,,,
14649,64,4,0.0024230233393609524,,,,
14650,64,4,0.00270082033239305,,,,
14651,64,4,0.002895024372264743,,,,
14652,64,4,0.0025828126817941666,,,,
14653,64,4,0.002673279494047165,,,,
14654,64,4,0.0027013602666556835,,,,
14655,64,4,0.0028148461133241653,,,,
14656,64,4,0.0031053172424435616,,,,
14657,64,4,0.002552045276388526,,,,
14658,64,4,0.002465552417561412,,,,
14659,64,4,0.002739856718108058,,,,
14660,64,4,0.002751874504610896,,,,
14661,64,4,0.0028444144409149885,,,,
14662,64,4,0.0026850502472370863,,,,
14663,64,4,0.002876758575439453,,,,
14664,64,4,0.0025907778181135654,,,,
14665,64,4,0.003169791307300329,,,,
14666,64,4,0.0025844364427030087,,,,
14667,64,4,0.0031194351613521576,,,,
14668,64,4,0.002832572441548109,,,,
14669,64,4,0.0025948300026357174,,,,
14670,64,4,0.002961138729006052,,,,
14671,64,4,0.002505176467821002,,,,
14672,64,4,0.0032030530273914337,,,,
14673,64,4,0.0029433290474116802,,,,
14674,64,4,0.002675700467079878,,,,
14675,64,4,0.003041050396859646,,,,
14676,64,4,0.002487913705408573,,,,
14677,64,4,0.0028895526193082333,,,,
14678,64,4,0.0029939196538180113,,,,
14679,64,4,0.0027231313288211823,,,,
14680,64,4,0.002334099030122161,,,,
14681,64,4,0.002575118560343981,,,,
14682,64,4,0.002769015496596694,,,,
14683,64,4,0.0028422633185982704,,,,
14684,64,4,0.002956422045826912,,,,
14685,64,4,0.0029666805639863014,,,,
14686,64,4,0.0026438026688992977,,,,
14687,64,4,0.0026141952257603407,,,,
14688,64,4,0.002660517580807209,,,,
14689,64,4,0.0031513595022261143,,,,
14690,64,4,0.002955899341031909,,,,
14691,64,4,0.0029566227458417416,,,,
14692,64,4,0.0026896751951426268,,,,
14693,64,4,0.0028053740970790386,,,,
14694,64,4,0.0030590463429689407,,,,
14695,64,4,0.0027174102142453194,,,,
14696,64,4,0.0027492204681038857,,,,
14697,64,4,0.002555404556915164,,,,
14698,64,4,0.002712821587920189,,,,
14699,64,4,0.0021545453928411007,,,,
14700,64,4,0.002818675246089697,,,,
14701,64,4,0.00272350013256073,,,,
14702,64,4,0.002703191712498665,,,,
14703,64,4,0.003567781299352646,,,,
14704,64,4,0.0026396550238132477,,,,
14705,64,4,0.003332987893372774,,,,
14706,64,4,0.0030945176258683205,,,,
14707,64,4,0.0025078540202230215,,,,
14708,64,4,0.0031787275802344084,,,,
14709,64,4,0.0025345580652356148,,,,
14710,64,4,0.0025562678929418325,,,,
14711,64,4,0.0025146235711872578,,,,
14712,64,4,0.0027540922164916992,,,,
14713,64,4,0.002932857722043991,,,,
14714,64,4,0.0024513518437743187,,,,
14715,64,4,0.002696245675906539,,,,
14716,64,4,0.002686695661395788,,,,
14717,64,4,0.002762818243354559,,,,
14718,64,4,0.0029882395174354315,,,,
14719,64,4,0.0022255713120102882,,,,
14720,64,4,0.0030043458100408316,,,,
14721,64,4,0.002497836947441101,,,,
14722,64,4,0.00313592329621315,,,,
14723,64,4,0.002719742711633444,,,,
14724,64,4,0.0023966399021446705,,,,
14725,64,4,0.002474048174917698,,,,
14726,64,4,0.002972980495542288,,,,
14727,64,4,0.002544765593484044,,,,
14728,64,4,0.0025471854023635387,,,,
14729,64,4,0.003003971418365836,,,,
14730,64,4,0.002781534567475319,,,,
14731,64,4,0.0025968633126467466,,,,
14732,64,4,0.00298040802590549,,,,
14733,64,4,0.00250662537291646,,,,
14734,64,4,0.0027581914328038692,,,,
14735,64,4,0.002484959317371249,,,,
14736,64,4,0.002950760070234537,,,,
14737,64,4,0.002583605470135808,,,,
14738,64,4,0.0026399455964565277,,,,
14739,64,4,0.002625358058139682,,,,
14740,64,4,0.0027950312942266464,,,,
14741,64,4,0.0026573564391583204,,,,
14742,64,4,0.0024909006897360086,,,,
14743,64,4,0.0024665489327162504,,,,
14744,64,4,0.0032764910720288754,,,,
14745,64,4,0.0023831031285226345,,,,
14746,64,4,0.0025994267780333757,,,,
14747,64,4,0.0028310881461948156,,,,
14748,64,4,0.00256560742855072,,,,
14749,64,4,0.00316208740696311,,,,
14750,64,4,0.002975895768031478,,,,
14751,64,4,0.003812463954091072,,,,
14752,64,4,0.002525197109207511,,,,
14753,64,4,0.0035901996307075024,,,,
14754,64,4,0.002630793023854494,,,,
14755,64,4,0.0028307156171649694,,,,
14756,64,4,0.002700997516512871,,,,
14757,64,4,0.0037349523045122623,,,,
14758,64,4,0.0032305491622537374,,,,
14759,64,4,0.0029844155069440603,,,,
14760,64,4,0.002885663416236639,,,,
14761,64,4,0.0037155323661863804,,,,
14762,64,4,0.0032904937397688627,,,,
14763,64,4,0.002441804390400648,,,,
14764,64,4,0.002831361023709178,,,,
14765,64,4,0.002927840454503894,,,,
14766,64,4,0.003905950114130974,,,,
14767,64,4,0.0037147640250623226,,,,
14768,64,4,0.0029441125225275755,,,,
14769,64,4,0.0032699662260711193,,,,
14770,64,4,0.00307087111286819,,,,
14771,64,4,0.0026169370394200087,,,,
14772,64,4,0.0029784864746034145,,,,
14773,64,4,0.003144705668091774,,,,
14774,64,4,0.0026790867559611797,,,,
14775,64,4,0.0032388432882726192,,,,
14776,64,4,0.003129783784970641,,,,
14777,64,4,0.00285683898255229,,,,
14778,64,4,0.0029235808178782463,,,,
14779,64,4,0.003137323074042797,,,,
14780,64,4,0.0032296436838805676,,,,
14781,64,4,0.0035073214676231146,,,,
14782,64,4,0.002492413390427828,,,,
14783,64,4,0.002335750497877598,,,,
14784,64,4,0.0025800238363444805,,,,
14785,64,4,0.0028618797659873962,,,,
14786,64,4,0.0030648703686892986,,,,
14787,64,4,0.002713434863835573,,,,
14788,64,4,0.002705976366996765,,,,
14789,64,4,0.0028002390172332525,,,,
14790,64,4,0.0031909840181469917,,,,
14791,64,4,0.0032002991065382957,,,,
14792,64,4,0.003140206914395094,,,,
14793,64,4,0.0030214048456400633,,,,
14794,64,4,0.002802893053740263,,,,
14795,64,4,0.0029920265078544617,,,,
14796,64,4,0.0028940681368112564,,,,
14797,64,4,0.0032376511953771114,,,,
14798,64,4,0.0030322764068841934,,,,
14799,64,4,0.0025054756551980972,,,,
14800,64,4,0.0028170733712613583,,,,
14801,64,4,0.0027307558339089155,,,,
14802,64,4,0.0028289309702813625,,,,
14803,64,4,0.0029780343174934387,,,,
14804,64,4,0.0025054882280528545,,,,
14805,64,4,0.0032855956815183163,,,,
14806,64,4,0.0031096981838345528,,,,
14807,64,4,0.0027343095280230045,,,,
14808,64,4,0.0030955865513533354,,,,
14809,64,4,0.002644370310008526,,,,
14810,64,4,0.002330636605620384,,,,
14811,64,4,0.0029984961729496717,,,,
14812,64,4,0.002852221019566059,,,,
14813,64,4,0.0029182664584368467,,,,
14814,64,4,0.0027129286900162697,,,,
14815,64,4,0.002916183089837432,,,,
14816,64,4,0.0024814018979668617,,,,
14817,64,4,0.0026777309831231833,,,,
14818,64,4,0.0033683660440146923,,,,
14819,64,4,0.002531524747610092,,,,
14820,64,4,0.002884064568206668,,,,
14821,64,4,0.0034493058919906616,,,,
14822,64,4,0.0030159575399011374,,,,
14823,64,4,0.003170179668813944,,,,
14824,64,4,0.002648133784532547,,,,
14825,64,4,0.0034992615692317486,,,,
14826,64,4,0.0028637759387493134,,,,
14827,64,4,0.00295459758490324,,,,
14828,64,4,0.0036044600419700146,,,,
14829,64,4,0.002674927469342947,,,,
14830,64,4,0.002774398773908615,,,,
14831,64,4,0.0026712920516729355,,,,
14832,64,4,0.0028254545759409666,,,,
14833,64,4,0.0025735748931765556,,,,
14834,64,4,0.003168047172948718,,,,
14835,64,4,0.0029249738436192274,,,,
14836,64,4,0.0028878976590931416,,,,
14837,64,4,0.0026883683167397976,,,,
14838,64,4,0.0028945845551788807,,,,
14839,64,4,0.0030547878704965115,,,,
14840,64,4,0.0029314912389963865,,,,
14841,64,4,0.0028365065809339285,,,,
14842,64,4,0.0027186451479792595,,,,
14843,64,4,0.0027651009149849415,,,,
14844,64,4,0.0035005095414817333,,,,
14845,64,4,0.0028031792026013136,,,,
14846,64,4,0.0023426860570907593,,,,
14847,64,4,0.003046759869903326,,,,
14848,64,4,0.003470677649602294,,,,
14849,64,4,0.0032382148783653975,,,,
14850,64,4,0.0024385182186961174,,,,
14851,64,4,0.003078773617744446,,,,
14852,64,4,0.0028335964307188988,,,,
14853,64,4,0.0027326445560902357,,,,
14854,64,4,0.002860561478883028,,,,
14855,64,4,0.002429344691336155,,,,
14856,64,4,0.0029050898738205433,,,,
14857,64,4,0.0029896728228777647,,,,
14858,64,4,0.0025941457133740187,,,,
14859,64,4,0.002471854444593191,,,,
14860,64,4,0.002774325665086508,,,,
14861,64,4,0.0030503738671541214,,,,
14862,64,4,0.0026481475215405226,,,,
14863,64,4,0.002428540028631687,,,,
14864,64,4,0.0028056036680936813,,,,
14865,64,4,0.0030056058894842863,,,,
14866,64,4,0.002799726091325283,,,,
14867,64,4,0.0028812268283218145,,,,
14868,64,4,0.002219219459220767,,,,
14869,64,4,0.002900064690038562,,,,
14870,64,4,0.002988531719893217,,,,
14871,64,4,0.003321498166769743,,,,
14872,64,4,0.003137353342026472,,,,
14873,64,4,0.002764158882200718,,,,
14874,64,4,0.003595540998503566,,,,
14875,64,4,0.002641478320583701,,,,
14876,64,4,0.0029393737204372883,,,,
14877,64,4,0.0028320318087935448,,,,
14878,64,4,0.0032779357861727476,,,,
14879,64,4,0.002562946639955044,,,,
14880,64,4,0.002706428524106741,,,,
14881,64,4,0.0023581087589263916,,,,
14882,64,4,0.0027084636967629194,,,,
14883,64,4,0.003173330333083868,,,,
14884,64,4,0.0023515108041465282,,,,
14885,64,4,0.0031712872441858053,,,,
14886,64,4,0.00300425267778337,,,,
14887,64,4,0.003314569592475891,,,,
14888,64,4,0.0031089556869119406,,,,
14889,64,4,0.0026918272487819195,,,,
14890,64,4,0.0026884120889008045,,,,
14891,64,4,0.0035709645599126816,,,,
14892,64,4,0.002651121001690626,,,,
14893,64,4,0.0030759163200855255,,,,
14894,64,4,0.002664737170562148,,,,
14895,64,4,0.003216396551579237,,,,
14896,64,4,0.002605302259325981,,,,
14897,64,4,0.003632559906691313,,,,
14898,64,4,0.0024165064096450806,,,,
14899,64,4,0.0025330549106001854,,,,
14900,64,4,0.0025082684587687254,,,,
14901,64,4,0.0028721268754452467,,,,
14902,64,4,0.003254414303228259,,,,
14903,64,4,0.0030580058228224516,,,,
14904,64,4,0.00294038699939847,,,,
14905,64,4,0.002980308374390006,,,,
14906,64,4,0.0027931705117225647,,,,
14907,64,4,0.002392927184700966,,,,
14908,64,4,0.002837263746187091,,,,
14909,64,4,0.0027098495047539473,,,,
14910,64,4,0.002513822168111801,,,,
14911,64,4,0.003090793965384364,,,,
14912,64,4,0.0025140196084976196,,,,
14913,64,4,0.002518482506275177,,,,
14914,64,4,0.0028929435648024082,,,,
14915,64,4,0.0025264627765864134,,,,
14916,64,4,0.0027841581031680107,,,,
14917,64,4,0.0028412239626049995,,,,
14918,64,4,0.002721292432397604,,,,
14919,64,4,0.003508184105157852,,,,
14920,64,4,0.0025538033805787563,,,,
14921,64,4,0.0024426905438303947,,,,
14922,64,4,0.0030573992989957333,,,,
14923,64,4,0.0026563270948827267,,,,
14924,64,4,0.002531627658754587,,,,
14925,64,4,0.0029472406022250652,,,,
14926,64,4,0.0027908170595765114,,,,
14927,64,4,0.002787507139146328,,,,
14928,64,4,0.003853937378153205,,,,
14929,64,4,0.002670049434527755,,,,
14930,64,4,0.0029036710038781166,,,,
14931,64,4,0.0028128554113209248,,,,
14932,64,4,0.0028834985569119453,,,,
14933,64,4,0.002802424132823944,,,,
14934,64,4,0.003217716235667467,,,,
14935,64,4,0.0028720672708004713,,,,
14936,64,4,0.0029146436136215925,,,,
14937,64,4,0.003074131440371275,,,,
14938,64,4,0.0027957032434642315,,,,
14939,64,4,0.0031879222951829433,,,,
14940,64,4,0.002994009293615818,,,,
14941,64,4,0.0030736196786165237,,,,
14942,64,4,0.0035760789178311825,,,,
14943,64,4,0.002924682106822729,,,,
14944,64,4,0.003634731052443385,,,,
14945,64,4,0.002591613680124283,,,,
14946,64,4,0.003285154700279236,,,,
14947,64,4,0.0030050156638026237,,,,
14948,64,4,0.002619247417896986,,,,
14949,64,4,0.0024989135563373566,,,,
14950,64,4,0.002781631425023079,,,,
14951,64,4,0.0033969345968216658,,,,
14952,64,4,0.0026230248622596264,,,,
14953,64,4,0.0029637115076184273,,,,
14954,64,4,0.002843892201781273,,,,
14955,64,4,0.0026565659791231155,,,,
14956,64,4,0.0032249120995402336,,,,
14957,64,4,0.00359073793515563,,,,
14958,64,4,0.003143585054203868,,,,
14959,64,4,0.0030087819322943687,,,,
14960,64,4,0.0029689837247133255,,,,
14961,64,4,0.0026911559980362654,,,,
14962,64,4,0.0030476104002445936,,,,
14963,64,4,0.002824649913236499,,,,
14964,64,4,0.0033505826722830534,,,,
14965,64,4,0.0025898145977407694,,,,
14966,64,4,0.0031478223390877247,,,,
14967,64,4,0.0027942031156271696,,,,
14968,64,4,0.002487190067768097,,,,
14969,64,4,0.0031659386586397886,,,,
14970,64,4,0.0024932478554546833,,,,
14971,64,4,0.002883911831304431,,,,
14972,64,4,0.0026285466738045216,,,,
14973,64,4,0.0025332339573651552,,,,
14974,64,4,0.002672391477972269,,,,
14975,64,4,0.003158604260534048,,,,
14976,64,4,0.002962771337479353,,,,
14977,64,4,0.0028328606858849525,,,,
14978,64,4,0.0028734803199768066,,,,
14979,64,4,0.003044717712327838,,,,
14980,64,4,0.0028429150115698576,,,,
14981,64,4,0.0024539269506931305,,,,
14982,64,4,0.0028938837349414825,,,,
14983,64,4,0.002727779094129801,,,,
14984,64,4,0.002479021204635501,,,,
14985,64,4,0.002808687277138233,,,,
14986,64,4,0.0024754933547228575,,,,
14987,64,4,0.002665441483259201,,,,
14988,64,4,0.002908413764089346,,,,
14989,64,4,0.002422378398478031,,,,
14990,64,4,0.0028222319670021534,,,,
14991,64,4,0.002570111770182848,,,,
14992,64,4,0.0024913661181926727,,,,
14993,64,4,0.0025856480933725834,,,,
14994,64,4,0.00273849512450397,,,,
14995,64,4,0.002741315169259906,,,,
14996,64,4,0.002967803506180644,,,,
14997,64,4,0.002740583848208189,,,,
14998,64,4,0.002989095402881503,,,,
14999,64,4,0.002917454345151782,,,,
15000,64,4,0.002736419439315796,,0.00677291081693182,0.8434263148783172,23.002057361496167
15001,64,4,0.00303349900059402,,,,
15002,64,4,0.0027300461661070585,,,,
15003,64,4,0.0027417901437729597,,,,
15004,64,4,0.002957361750304699,,,,
15005,64,4,0.0023751200642436743,,,,
15006,64,4,0.0038073379546403885,,,,
15007,64,4,0.0025578434579074383,,,,
15008,64,4,0.0027494640089571476,,,,
15009,64,4,0.002864561742171645,,,,
15010,64,4,0.003594518406316638,,,,
15011,64,4,0.002560928463935852,,,,
15012,64,4,0.0026816311292350292,,,,
15013,64,4,0.002392888069152832,,,,
15014,64,4,0.0025947263929992914,,,,
15015,64,4,0.0024038085248321295,,,,
15016,64,4,0.002614078111946583,,,,
15017,64,4,0.0031331065110862255,,,,
15018,64,4,0.0026340398471802473,,,,
15019,64,4,0.0024847546592354774,,,,
15020,64,4,0.002746348734945059,,,,
15021,64,4,0.002324641216546297,,,,
15022,64,4,0.002473169006407261,,,,
15023,64,4,0.00276385061442852,,,,
15024,64,4,0.002592617180198431,,,,
15025,64,4,0.0027165813371539116,,,,
15026,64,4,0.003414588514715433,,,,
15027,64,4,0.0030625476501882076,,,,
15028,64,4,0.003686506301164627,,,,
15029,64,4,0.002937980694696307,,,,
15030,64,4,0.0030949737410992384,,,,
15031,64,4,0.003441188018769026,,,,
15032,64,4,0.0022743847221136093,,,,
15033,64,4,0.0026749293319880962,,,,
15034,64,4,0.0026484853588044643,,,,
15035,64,4,0.0025597948115319014,,,,
15036,64,4,0.0027580640744417906,,,,
15037,64,4,0.0024506403133273125,,,,
15038,64,4,0.0023634172976017,,,,
15039,64,4,0.0032138172537088394,,,,
15040,64,4,0.0028948914259672165,,,,
15041,64,4,0.0026263240724802017,,,,
15042,64,4,0.003096163971349597,,,,
15043,64,4,0.0032024825923144817,,,,
15044,64,4,0.0030026528984308243,,,,
15045,64,4,0.0024459962733089924,,,,
15046,64,4,0.002911892719566822,,,,
15047,64,4,0.002897966653108597,,,,
15048,64,4,0.0027561942115426064,,,,
15049,64,4,0.002398144919425249,,,,
15050,64,4,0.0028976094909012318,,,,
15051,64,4,0.0025348756462335587,,,,
15052,64,4,0.002673105802386999,,,,
15053,64,4,0.0026194006204605103,,,,
15054,64,4,0.002501277020201087,,,,
15055,64,4,0.0028120605275034904,,,,
15056,64,4,0.0025720568373799324,,,,
15057,64,4,0.002313761506229639,,,,
15058,64,4,0.0025487253442406654,,,,
15059,64,4,0.002837574575096369,,,,
15060,64,4,0.002813663799315691,,,,
15061,64,4,0.0025864155031740665,,,,
15062,64,4,0.002656263764947653,,,,
15063,64,4,0.0023253613617271185,,,,
15064,64,4,0.002616435056552291,,,,
15065,64,4,0.0025634446647018194,,,,
15066,64,4,0.002482034033164382,,,,
15067,64,4,0.0025333052035421133,,,,
15068,64,4,0.0026668403297662735,,,,
15069,64,4,0.00266207754611969,,,,
15070,64,4,0.002572581171989441,,,,
15071,64,4,0.0029023538809269667,,,,
15072,64,4,0.0029170308262109756,,,,
15073,64,4,0.0027955607511103153,,,,
15074,64,4,0.003020321950316429,,,,
15075,64,4,0.0033408133313059807,,,,
15076,64,4,0.0028132745064795017,,,,
15077,64,4,0.0024601262994110584,,,,
15078,64,4,0.002847235416993499,,,,
15079,64,4,0.0030622228514403105,,,,
15080,64,4,0.0029738899320364,,,,
15081,64,4,0.0024498342536389828,,,,
15082,64,4,0.0027650482952594757,,,,
15083,64,4,0.00261960132047534,,,,
15084,64,4,0.002225663512945175,,,,
15085,64,4,0.0027756779454648495,,,,
15086,64,4,0.0026774397119879723,,,,
15087,64,4,0.0029732929542660713,,,,
15088,64,4,0.0028463907074183226,,,,
15089,64,4,0.0030884966254234314,,,,
15090,64,4,0.0023180292919278145,,,,
15091,64,4,0.0030225436203181744,,,,
15092,64,4,0.002940456150099635,,,,
15093,64,4,0.0031014420092105865,,,,
15094,64,4,0.0025845468044281006,,,,
15095,64,4,0.0025013943668454885,,,,
15096,64,4,0.0029667424969375134,,,,
15097,64,4,0.0027209403924643993,,,,
15098,64,4,0.0031746081076562405,,,,
15099,64,4,0.0024443042930215597,,,,
15100,64,4,0.0024715480394661427,,,,
15101,64,4,0.0028353859670460224,,,,
15102,64,4,0.002734954236075282,,,,
15103,64,4,0.0025597994681447744,,,,
15104,64,4,0.0023800204508006573,,,,
15105,64,4,0.0026311620604246855,,,,
15106,64,4,0.0029248790815472603,,,,
15107,64,4,0.0026994384825229645,,,,
15108,64,4,0.002600079867988825,,,,
15109,64,4,0.002815344138070941,,,,
15110,64,4,0.0028527784161269665,,,,
15111,64,4,0.002425890415906906,,,,
15112,64,4,0.002770415972918272,,,,
15113,64,4,0.0025994242168962955,,,,
15114,64,4,0.0027544263284653425,,,,
15115,64,4,0.002683080267161131,,,,
15116,64,4,0.0028844967018812895,,,,
15117,64,4,0.0026792956050485373,,,,
15118,64,4,0.003093671053647995,,,,
15119,64,4,0.0026340640615671873,,,,
15120,64,4,0.0027581676840782166,,,,
15121,64,4,0.002181410323828459,,,,
15122,64,4,0.002597749000415206,,,,
15123,64,4,0.0025680316612124443,,,,
15124,64,4,0.003604663535952568,,,,
15125,64,4,0.00306173088029027,,,,
15126,64,4,0.0023628496564924717,,,,
15127,64,4,0.0034472024999558926,,,,
15128,64,4,0.00284262141212821,,,,
15129,64,4,0.00256411824375391,,,,
15130,64,4,0.003465527668595314,,,,
15131,64,4,0.0025214573834091425,,,,
15132,64,4,0.002413391135632992,,,,
15133,64,4,0.0027071009390056133,,,,
15134,64,4,0.0024824142456054688,,,,
15135,64,4,0.0030976631678640842,,,,
15136,64,4,0.002993015106767416,,,,
15137,64,4,0.0027811299078166485,,,,
15138,64,4,0.002622441854327917,,,,
15139,64,4,0.0030784886330366135,,,,
15140,64,4,0.0028788684867322445,,,,
15141,64,4,0.003046424128115177,,,,
15142,64,4,0.002836449071764946,,,,
15143,64,4,0.0026185642927885056,,,,
15144,64,4,0.002916478319093585,,,,
15145,64,4,0.003055136650800705,,,,
15146,64,4,0.0024796174839138985,,,,
15147,64,4,0.0027593523263931274,,,,
15148,64,4,0.0025199458468705416,,,,
15149,64,4,0.002648124471306801,,,,
15150,64,4,0.002470029518008232,,,,
15151,64,4,0.0027512703090906143,,,,
15152,64,4,0.0022865384817123413,,,,
15153,64,4,0.00268330005928874,,,,
15154,64,4,0.0022957827895879745,,,,
15155,64,4,0.0026343348436057568,,,,
15156,64,4,0.002618650905787945,,,,
15157,64,4,0.002647773828357458,,,,
15158,64,4,0.002418017480522394,,,,
15159,64,4,0.0031496228184551,,,,
15160,64,4,0.0029182895086705685,,,,
15161,64,4,0.0025234753265976906,,,,
15162,64,4,0.0027589374221861362,,,,
15163,64,4,0.002408295404165983,,,,
15164,64,4,0.002273027552291751,,,,
15165,64,4,0.003062579780817032,,,,
15166,64,4,0.0031666606664657593,,,,
15167,64,4,0.0026768092066049576,,,,
15168,64,4,0.002674578223377466,,,,
15169,64,4,0.0022910817060619593,,,,
15170,64,4,0.002648054389283061,,,,
15171,64,4,0.002834171988070011,,,,
15172,64,4,0.0034163850359618664,,,,
15173,64,4,0.0025464098434895277,,,,
15174,64,4,0.002791142789646983,,,,
15175,64,4,0.0027536964043974876,,,,
15176,64,4,0.0027823017444461584,,,,
15177,64,4,0.003135809674859047,,,,
15178,64,4,0.0032221307046711445,,,,
15179,64,4,0.002701099030673504,,,,
15180,64,4,0.002864276757463813,,,,
15181,64,4,0.003198687918484211,,,,
15182,64,4,0.002598792314529419,,,,
15183,64,4,0.0030064850579947233,,,,
15184,64,4,0.002962562721222639,,,,
15185,64,4,0.0027510782238096,,,,
15186,64,4,0.0029626009054481983,,,,
15187,64,4,0.0029380726628005505,,,,
15188,64,4,0.0032335601281374693,,,,
15189,64,4,0.002826337469741702,,,,
15190,64,4,0.002249179407954216,,,,
15191,64,4,0.0030351378954946995,,,,
15192,64,4,0.0026421193033456802,,,,
15193,64,4,0.00364513136446476,,,,
15194,64,4,0.0032026469707489014,,,,
15195,64,4,0.0029423607047647238,,,,
15196,64,4,0.002636522753164172,,,,
15197,64,4,0.002898299600929022,,,,
15198,64,4,0.0033395374193787575,,,,
15199,64,4,0.0030754951294511557,,,,
15200,64,4,0.0032642853911966085,,,,
15201,64,4,0.0027944331523030996,,,,
15202,64,4,0.0027186106890439987,,,,
15203,64,4,0.0026083416305482388,,,,
15204,64,4,0.0025790459476411343,,,,
15205,64,4,0.002510562539100647,,,,
15206,64,4,0.0033855668734759092,,,,
15207,64,4,0.002593463519588113,,,,
15208,64,4,0.002910446375608444,,,,
15209,64,4,0.002806887961924076,,,,
15210,64,4,0.0029660146683454514,,,,
15211,64,4,0.0031081768684089184,,,,
15212,64,4,0.002846590243279934,,,,
15213,64,4,0.0026557520031929016,,,,
15214,64,4,0.0026681465096771717,,,,
15215,64,4,0.002730508102104068,,,,
15216,64,4,0.0027032727375626564,,,,
15217,64,4,0.0024766153655946255,,,,
15218,64,4,0.002268473617732525,,,,
15219,64,4,0.0030725765973329544,,,,
15220,64,4,0.0028792887460440397,,,,
15221,64,4,0.002808583667501807,,,,
15222,64,4,0.002484079683199525,,,,
15223,64,4,0.0028558901976794004,,,,
15224,64,4,0.002728567225858569,,,,
15225,64,4,0.0027463368605822325,,,,
15226,64,4,0.0026626482140272856,,,,
15227,64,4,0.002798020374029875,,,,
15228,64,4,0.003013257635757327,,,,
15229,64,4,0.002375728916376829,,,,
15230,64,4,0.002505259122699499,,,,
15231,64,4,0.0026375669986009598,,,,
15232,64,4,0.0027513056993484497,,,,
15233,64,4,0.0024323652032762766,,,,
15234,64,4,0.002386745298281312,,,,
15235,64,4,0.00303941173478961,,,,
15236,64,4,0.003014778718352318,,,,
15237,64,4,0.0025382875464856625,,,,
15238,64,4,0.0024214957375079393,,,,
15239,64,4,0.0025763348676264286,,,,
15240,64,4,0.002929256996139884,,,,
15241,64,4,0.0027819452807307243,,,,
15242,64,4,0.002662869170308113,,,,
15243,64,4,0.002863694680854678,,,,
15244,64,4,0.0024203879293054342,,,,
15245,64,4,0.0025766296312212944,,,,
15246,64,4,0.002901841653510928,,,,
15247,64,4,0.0020917211659252644,,,,
15248,64,4,0.002746386919170618,,,,
15249,64,4,0.0031396914273500443,,,,
15250,64,4,0.0029030954465270042,,,,
15251,64,4,0.002759048715233803,,,,
15252,64,4,0.003295760601758957,,,,
15253,64,4,0.002332474337890744,,,,
15254,64,4,0.0022819216828793287,,,,
15255,64,4,0.0028432165272533894,,,,
15256,64,4,0.0024389796890318394,,,,
15257,64,4,0.0025670859031379223,,,,
15258,64,4,0.002939151367172599,,,,
15259,64,4,0.0025863228365778923,,,,
15260,64,4,0.0033479153644293547,,,,
15261,64,4,0.002549185184761882,,,,
15262,64,4,0.002742248587310314,,,,
15263,64,4,0.002977983560413122,,,,
15264,64,4,0.0025663957931101322,,,,
15265,64,4,0.002836517058312893,,,,
15266,64,4,0.0024845730513334274,,,,
15267,64,4,0.0033046125900000334,,,,
15268,64,4,0.0029660852160304785,,,,
15269,64,4,0.0024275616742670536,,,,
15270,64,4,0.0029357094317674637,,,,
15271,64,4,0.003074775217100978,,,,
15272,64,4,0.0034069400280714035,,,,
15273,64,4,0.002596962731331587,,,,
15274,64,4,0.002654468175023794,,,,
15275,64,4,0.003176376922056079,,,,
15276,64,4,0.0025234571658074856,,,,
15277,64,4,0.0032601947896182537,,,,
15278,64,4,0.003327953163534403,,,,
15279,64,4,0.002726322039961815,,,,
15280,64,4,0.002440321259200573,,,,
15281,64,4,0.0026695262640714645,,,,
15282,64,4,0.0029069874435663223,,,,
15283,64,4,0.0024947819765657187,,,,
15284,64,4,0.0027023283764719963,,,,
15285,64,4,0.0030117002315819263,,,,
15286,64,4,0.0027886589523404837,,,,
15287,64,4,0.002224958036094904,,,,
15288,64,4,0.002385222353041172,,,,
15289,64,4,0.0030749316792935133,,,,
15290,64,4,0.0029389308765530586,,,,
15291,64,4,0.0025883405469357967,,,,
15292,64,4,0.002702513476833701,,,,
15293,64,4,0.0028157001361250877,,,,
15294,64,4,0.002538138534873724,,,,
15295,64,4,0.002731258049607277,,,,
15296,64,4,0.003070422215387225,,,,
15297,64,4,0.0028999715577811003,,,,
15298,64,4,0.002952230628579855,,,,
15299,64,4,0.002829329576343298,,,,
15300,64,4,0.002736776601523161,,,,
15301,64,4,0.0029577440582215786,,,,
15302,64,4,0.003588497405871749,,,,
15303,64,4,0.002440650947391987,,,,
15304,64,4,0.002622018102556467,,,,
15305,64,4,0.0030156676657497883,,,,
15306,64,4,0.002746452111750841,,,,
15307,64,4,0.0028877947479486465,,,,
15308,64,4,0.003126565832644701,,,,
15309,64,4,0.003100744215771556,,,,
15310,64,4,0.0027359144296497107,,,,
15311,64,4,0.0022858071606606245,,,,
15312,64,4,0.002920640166848898,,,,
15313,64,4,0.003052717074751854,,,,
15314,64,4,0.0026309010572731495,,,,
15315,64,4,0.0024568091612309217,,,,
15316,64,4,0.0025328872725367546,,,,
15317,64,4,0.0029813670553267,,,,
15318,64,4,0.0028086979873478413,,,,
15319,64,4,0.0033533487003296614,,,,
15320,64,4,0.0025050844997167587,,,,
15321,64,4,0.0025619452353566885,,,,
15322,64,4,0.002866080030798912,,,,
15323,64,4,0.0028291144408285618,,,,
15324,64,4,0.002373203169554472,,,,
15325,64,4,0.0022262204438447952,,,,
15326,64,4,0.002737979870289564,,,,
15327,64,4,0.003184247761964798,,,,
15328,64,4,0.002673523034900427,,,,
15329,64,4,0.0030133184045553207,,,,
15330,64,4,0.002878493396565318,,,,
15331,64,4,0.0025655576027929783,,,,
15332,64,4,0.00307169440202415,,,,
15333,64,4,0.0031670795287936926,,,,
15334,64,4,0.003037544898688793,,,,
15335,64,4,0.00273574679158628,,,,
15336,64,4,0.003070703474804759,,,,
15337,64,4,0.0028023701161146164,,,,
15338,64,4,0.002960698213428259,,,,
15339,64,4,0.003018920077010989,,,,
15340,64,4,0.0047636814415454865,,,,
15341,64,4,0.0033954777754843235,,,,
15342,64,4,0.003126061288639903,,,,
15343,64,4,0.003104193601757288,,,,
15344,64,4,0.002701298100873828,,,,
15345,64,4,0.003999745473265648,,,,
15346,64,4,0.0032505677081644535,,,,
15347,64,4,0.002753376727923751,,,,
15348,64,4,0.0029443413950502872,,,,
15349,64,4,0.002936841920018196,,,,
15350,64,4,0.0030803843401372433,,,,
15351,64,4,0.0028975175227969885,,,,
15352,64,4,0.0025986458640545607,,,,
15353,64,4,0.0027360469102859497,,,,
15354,64,4,0.002507130615413189,,,,
15355,64,4,0.003220861777663231,,,,
15356,64,4,0.0030240656342357397,,,,
15357,64,4,0.00303069269284606,,,,
15358,64,4,0.0024616073351353407,,,,
15359,64,4,0.0031767457257956266,,,,
15360,64,4,0.002245411742478609,,,,
15361,64,4,0.0027439664117991924,,,,
15362,64,4,0.0022841477766633034,,,,
15363,64,4,0.0026927944272756577,,,,
15364,64,4,0.0025920767802745104,,,,
15365,64,4,0.002463801298290491,,,,
15366,64,4,0.0028493753634393215,,,,
15367,64,4,0.0026196823455393314,,,,
15368,64,4,0.0028695545624941587,,,,
15369,64,4,0.0029343063943088055,,,,
15370,64,4,0.002701209392398596,,,,
15371,64,4,0.0026517906226217747,,,,
15372,64,4,0.002932000905275345,,,,
15373,64,4,0.002531567821279168,,,,
15374,64,4,0.00269888318143785,,,,
15375,64,4,0.0028695291839540005,,,,
15376,64,4,0.0031193408649414778,,,,
15377,64,4,0.0027258601039648056,,,,
15378,64,4,0.0029423634987324476,,,,
15379,64,4,0.0031323409639298916,,,,
15380,64,4,0.0032806224189698696,,,,
15381,64,4,0.0031265784054994583,,,,
15382,64,4,0.002815528539940715,,,,
15383,64,4,0.0028790300711989403,,,,
15384,64,4,0.0028900373727083206,,,,
15385,64,4,0.0029563128482550383,,,,
15386,64,4,0.0031597348861396313,,,,
15387,64,4,0.0029332484118640423,,,,
15388,64,4,0.0026882030069828033,,,,
15389,64,4,0.003405970288440585,,,,
15390,64,4,0.002747962949797511,,,,
15391,64,4,0.00326907797716558,,,,
15392,64,4,0.003450132440775633,,,,
15393,64,4,0.002516559325158596,,,,
15394,64,4,0.0027200232725590467,,,,
15395,64,4,0.0022988663986325264,,,,
15396,64,4,0.002980087650939822,,,,
15397,64,4,0.0031532044522464275,,,,
15398,64,4,0.0026599206030368805,,,,
15399,64,4,0.002408958738669753,,,,
15400,64,4,0.003003537654876709,,,,
15401,64,4,0.002860585693269968,,,,
15402,64,4,0.002792544197291136,,,,
15403,64,4,0.0024274399038404226,,,,
15404,64,4,0.0031600198708474636,,,,
15405,64,4,0.0026266598142683506,,,,
15406,64,4,0.002733515575528145,,,,
15407,64,4,0.0029948647134006023,,,,
15408,64,4,0.0035453392192721367,,,,
15409,64,4,0.003123460104689002,,,,
15410,64,4,0.0027416497468948364,,,,
15411,64,4,0.0027677833568304777,,,,
15412,64,4,0.003243179526180029,,,,
15413,64,4,0.0031754705123603344,,,,
15414,64,4,0.0025128889828920364,,,,
15415,64,4,0.002452885964885354,,,,
15416,64,4,0.002868880284950137,,,,
15417,64,4,0.0028358816634863615,,,,
15418,64,4,0.0027528635691851377,,,,
15419,64,4,0.0026497989892959595,,,,
15420,64,4,0.0026645096950232983,,,,
15421,64,4,0.0032100488897413015,,,,
15422,64,4,0.002640223130583763,,,,
15423,64,4,0.002390325767919421,,,,
15424,64,4,0.0029317864682525396,,,,
15425,64,4,0.002494943095371127,,,,
15426,64,4,0.002275974489748478,,,,
15427,64,4,0.002730011474341154,,,,
15428,64,4,0.003212900599464774,,,,
15429,64,4,0.002647300250828266,,,,
15430,64,4,0.003709322540089488,,,,
15431,64,4,0.0026337523013353348,,,,
15432,64,4,0.0027779124211519957,,,,
15433,64,4,0.003272270318120718,,,,
15434,64,4,0.0025132845621556044,,,,
15435,64,4,0.002902541309595108,,,,
15436,64,4,0.00272079068236053,,,,
15437,64,4,0.003010358428582549,,,,
15438,64,4,0.0026766422670334578,,,,
15439,64,4,0.0032187539618462324,,,,
15440,64,4,0.0029055997729301453,,,,
15441,64,4,0.002629944821819663,,,,
15442,64,4,0.0027849278412759304,,,,
15443,64,4,0.0024205301888287067,,,,
15444,64,4,0.002888775896281004,,,,
15445,64,4,0.003792810719460249,,,,
15446,64,4,0.0026738622691482306,,,,
15447,64,4,0.002432220382615924,,,,
15448,64,4,0.0033748687710613012,,,,
15449,64,4,0.002508084289729595,,,,
15450,64,4,0.0024870464112609625,,,,
15451,64,4,0.002631589537486434,,,,
15452,64,4,0.0026604614686220884,,,,
15453,64,4,0.0023192670196294785,,,,
15454,64,4,0.0028124216478317976,,,,
15455,64,4,0.002819826826453209,,,,
15456,64,4,0.003001265227794647,,,,
15457,64,4,0.002686559222638607,,,,
15458,64,4,0.0028241747058928013,,,,
15459,64,4,0.0027574351988732815,,,,
15460,64,4,0.0027857921086251736,,,,
15461,64,4,0.002378577832132578,,,,
15462,64,4,0.002832924947142601,,,,
15463,64,4,0.003285118145868182,,,,
15464,64,4,0.002801429247483611,,,,
15465,64,4,0.0032889624126255512,,,,
15466,64,4,0.0028093610890209675,,,,
15467,64,4,0.00335064809769392,,,,
15468,64,4,0.003216855926439166,,,,
15469,64,4,0.002665643347427249,,,,
15470,64,4,0.002913033589720726,,,,
15471,64,4,0.003120658453553915,,,,
15472,64,4,0.006315821316093206,,,,
15473,64,4,0.002871714299544692,,,,
15474,64,4,0.0030327821150422096,,,,
15475,64,4,0.0028226624708622694,,,,
15476,64,4,0.002625742694362998,,,,
15477,64,4,0.0030774350743740797,,,,
15478,64,4,0.003090407233685255,,,,
15479,64,4,0.003090044017881155,,,,
15480,64,4,0.0031222589313983917,,,,
15481,64,4,0.0025590944569557905,,,,
15482,64,4,0.002733736764639616,,,,
15483,64,4,0.0031128060072660446,,,,
15484,64,4,0.0029498403891921043,,,,
15485,64,4,0.002593802521005273,,,,
15486,64,4,0.003400229848921299,,,,
15487,64,4,0.0031296040397137403,,,,
15488,64,4,0.002613002434372902,,,,
15489,64,4,0.0027607593219727278,,,,
15490,64,4,0.002854774473235011,,,,
15491,64,4,0.0026442334055900574,,,,
15492,64,4,0.003366934135556221,,,,
15493,64,4,0.002883338136598468,,,,
15494,64,4,0.003012467175722122,,,,
15495,64,4,0.0025939857587218285,,,,
15496,64,4,0.0029834057204425335,,,,
15497,64,4,0.0029711714014410973,,,,
15498,64,4,0.0024916664697229862,,,,
15499,64,4,0.002648330060765147,,,,
15500,64,4,0.0024581330362707376,,,,
15501,64,4,0.0027762744575738907,,,,
15502,64,4,0.002437971532344818,,,,
15503,64,4,0.002662739483639598,,,,
15504,64,4,0.0032423860393464565,,,,
15505,64,4,0.002754818182438612,,,,
15506,64,4,0.002513834973797202,,,,
15507,64,4,0.0026180618442595005,,,,
15508,64,4,0.003368866164237261,,,,
15509,64,4,0.0028926855884492397,,,,
15510,64,4,0.002444714307785034,,,,
15511,64,4,0.0028685680590569973,,,,
15512,64,4,0.0025232338812202215,,,,
15513,64,4,0.0026697078719735146,,,,
15514,64,4,0.002860858105123043,,,,
15515,64,4,0.0033554891124367714,,,,
15516,64,4,0.0028931773267686367,,,,
15517,64,4,0.0026986263692378998,,,,
15518,64,4,0.0028729846235364676,,,,
15519,64,4,0.002926081418991089,,,,
15520,64,4,0.002790342550724745,,,,
15521,64,4,0.002801598748192191,,,,
15522,64,4,0.00260603497736156,,,,
15523,64,4,0.0026146434247493744,,,,
15524,64,4,0.003160401014611125,,,,
15525,64,4,0.0023845494724810123,,,,
15526,64,4,0.002698900643736124,,,,
15527,64,4,0.0029822029173374176,,,,
15528,64,4,0.002928153146058321,,,,
15529,64,4,0.002413724549114704,,,,
15530,64,4,0.003118665888905525,,,,
15531,64,4,0.003112277714535594,,,,
15532,64,4,0.0030336957424879074,,,,
15533,64,4,0.0026113330386579037,,,,
15534,64,4,0.003081804607063532,,,,
15535,64,4,0.0029434110037982464,,,,
15536,64,4,0.002687594620510936,,,,
15537,64,4,0.003750753356143832,,,,
15538,64,4,0.0034563287626951933,,,,
15539,64,4,0.0031283735297620296,,,,
15540,64,4,0.0026749656535685062,,,,
15541,64,4,0.0036683741491287947,,,,
15542,64,4,0.0029905717819929123,,,,
15543,64,4,0.003291413653641939,,,,
15544,64,4,0.003260500729084015,,,,
15545,64,4,0.003211837261915207,,,,
15546,64,4,0.0026467754505574703,,,,
15547,64,4,0.003344353986904025,,,,
15548,64,4,0.0033794399350881577,,,,
15549,64,4,0.0032062462996691465,,,,
15550,64,4,0.0026379141490906477,,,,
15551,64,4,0.0027034515514969826,,,,
15552,64,4,0.003776952624320984,,,,
15553,64,4,0.0024636229500174522,,,,
15554,64,4,0.0030299031641334295,,,,
15555,64,4,0.003068599384278059,,,,
15556,64,4,0.0024083778262138367,,,,
15557,64,4,0.0029298788867890835,,,,
15558,64,4,0.003699228633195162,,,,
15559,64,4,0.002762945368885994,,,,
15560,64,4,0.0026634307578206062,,,,
15561,64,4,0.0028924415819346905,,,,
15562,64,4,0.003183869644999504,,,,
15563,64,4,0.00269634323194623,,,,
15564,64,4,0.0027796458452939987,,,,
15565,64,4,0.003141342429444194,,,,
15566,64,4,0.002534478437155485,,,,
15567,64,4,0.002481632400304079,,,,
15568,64,4,0.0028153499588370323,,,,
15569,64,4,0.002432533074170351,,,,
15570,64,4,0.0032932842150330544,,,,
15571,64,4,0.0033471500501036644,,,,
15572,64,4,0.002678557764738798,,,,
15573,64,4,0.0028547514230012894,,,,
15574,64,4,0.0031394155230373144,,,,
15575,64,4,0.0029405970126390457,,,,
15576,64,4,0.0026315534487366676,,,,
15577,64,4,0.0028944695368409157,,,,
15578,64,4,0.003140989225357771,,,,
15579,64,4,0.0032341962214559317,,,,
15580,64,4,0.003112281206995249,,,,
15581,64,4,0.002886174013838172,,,,
15582,64,4,0.0029288993682712317,,,,
15583,64,4,0.0024467813782393932,,,,
15584,64,4,0.002630925504490733,,,,
15585,64,4,0.0026645767502486706,,,,
15586,64,4,0.0031402558088302612,,,,
15587,64,4,0.003185126930475235,,,,
15588,64,4,0.0032189213670790195,,,,
15589,64,4,0.0024919125717133284,,,,
15590,64,4,0.0031642706599086523,,,,
15591,64,4,0.0025384051259607077,,,,
15592,64,4,0.002760929986834526,,,,
15593,64,4,0.0025086395908147097,,,,
15594,64,4,0.00267457845620811,,,,
15595,64,4,0.002817156258970499,,,,
15596,64,4,0.003041568910703063,,,,
15597,64,4,0.0027386245783418417,,,,
15598,64,4,0.0026353751309216022,,,,
15599,64,4,0.002515945350751281,,,,
15600,64,4,0.0026896949857473373,,,,
15601,64,4,0.0029461781959980726,,,,
15602,64,4,0.002758850809186697,,,,
15603,64,4,0.0026069479063153267,,,,
15604,64,4,0.0026220474392175674,,,,
15605,64,4,0.0027593784034252167,,,,
15606,64,4,0.0029999385587871075,,,,
15607,64,4,0.0026865536347031593,,,,
15608,64,4,0.003246994223445654,,,,
15609,64,4,0.003052397398278117,,,,
15610,64,4,0.0028108577243983746,,,,
15611,64,4,0.0030775340273976326,,,,
15612,64,4,0.00315566873177886,,,,
15613,64,4,0.002925930079072714,,,,
15614,64,4,0.0024444730952382088,,,,
15615,64,4,0.002510797930881381,,,,
15616,64,4,0.0023541427217423916,,,,
15617,64,4,0.002465286524966359,,,,
15618,64,4,0.002645086497068405,,,,
15619,64,4,0.002388752531260252,,,,
15620,64,4,0.0023135077208280563,,,,
15621,64,4,0.003068164922297001,,,,
15622,64,4,0.002684426261112094,,,,
15623,64,4,0.00286409305408597,,,,
15624,64,4,0.002832453465089202,,,,
15625,64,4,0.0024416311644017696,,,,
15626,64,4,0.00331392465159297,,,,
15627,64,4,0.0020791380666196346,,,,
15628,64,4,0.003067478071898222,,,,
15629,64,4,0.0028016953729093075,,,,
15630,64,4,0.0028767201583832502,,,,
15631,64,4,0.0023933937773108482,,,,
15632,64,4,0.0023172046057879925,,,,
15633,64,4,0.0028198924846947193,,,,
15634,64,4,0.00293253967538476,,,,
15635,64,4,0.002564095426350832,,,,
15636,64,4,0.0027191108092665672,,,,
15637,64,4,0.002484807977452874,,,,
15638,64,4,0.003115916159003973,,,,
15639,64,4,0.0024587211664766073,,,,
15640,64,4,0.0027460705023258924,,,,
15641,64,4,0.002604884561151266,,,,
15642,64,4,0.0030761032830923796,,,,
15643,64,4,0.002508758334442973,,,,
15644,64,4,0.0033088771160691977,,,,
15645,64,4,0.003200074192136526,,,,
15646,64,4,0.0030124259646981955,,,,
15647,64,4,0.0030417703092098236,,,,
15648,64,4,0.003000763012096286,,,,
15649,64,4,0.002683840226382017,,,,
15650,64,4,0.0026475933846086264,,,,
15651,64,4,0.0028908781241625547,,,,
15652,64,4,0.0028824107721447945,,,,
15653,64,4,0.002506434917449951,,,,
15654,64,4,0.0027824516873806715,,,,
15655,64,4,0.0026428778655827045,,,,
15656,64,4,0.0026026577688753605,,,,
15657,64,4,0.0028767897747457027,,,,
15658,64,4,0.0020712229888886213,,,,
15659,64,4,0.0026631560176610947,,,,
15660,64,4,0.0025874089915305376,,,,
15661,64,4,0.002659300109371543,,,,
15662,64,4,0.0028934436850249767,,,,
15663,64,4,0.0026058820076286793,,,,
15664,64,4,0.002808602061122656,,,,
15665,64,4,0.002829213161021471,,,,
15666,64,4,0.0028907442465424538,,,,
15667,64,4,0.0029845070093870163,,,,
15668,64,4,0.0027224719524383545,,,,
15669,64,4,0.0028257749509066343,,,,
15670,64,4,0.002630316186696291,,,,
15671,64,4,0.0028688409365713596,,,,
15672,64,4,0.002953566610813141,,,,
15673,64,4,0.002865952905267477,,,,
15674,64,4,0.0027883630245923996,,,,
15675,64,4,0.0028138149064034224,,,,
15676,64,4,0.0030246302485466003,,,,
15677,64,4,0.003030400723218918,,,,
15678,64,4,0.002526546362787485,,,,
15679,64,4,0.0029808254912495613,,,,
15680,64,4,0.0030184313654899597,,,,
15681,64,4,0.0026975355576723814,,,,
15682,64,4,0.0026668317150324583,,,,
15683,64,4,0.002638715784996748,,,,
15684,64,4,0.002801715862005949,,,,
15685,64,4,0.002868718933314085,,,,
15686,64,4,0.0026291548274457455,,,,
15687,64,4,0.0028876718133687973,,,,
15688,64,4,0.003252479014918208,,,,
15689,64,4,0.002872191369533539,,,,
15690,64,4,0.002711766865104437,,,,
15691,64,4,0.002869485877454281,,,,
15692,64,4,0.0024166360963135958,,,,
15693,64,4,0.002183253411203623,,,,
15694,64,4,0.0025746850296854973,,,,
15695,64,4,0.002972512971609831,,,,
15696,64,4,0.0022818376310169697,,,,
15697,64,4,0.003059599082916975,,,,
15698,64,4,0.0026150494813919067,,,,
15699,64,4,0.0031956646125763655,,,,
15700,64,4,0.0027363633271306753,,,,
15701,64,4,0.0032498962245881557,,,,
15702,64,4,0.002638394944369793,,,,
15703,64,4,0.0025241111870855093,,,,
15704,64,4,0.002611982636153698,,,,
15705,64,4,0.0025695357471704483,,,,
15706,64,4,0.002698315307497978,,,,
15707,64,4,0.002675902098417282,,,,
15708,64,4,0.0024151336401700974,,,,
15709,64,4,0.0028039677999913692,,,,
15710,64,4,0.002547275274991989,,,,
15711,64,4,0.0029250909574329853,,,,
15712,64,4,0.0028252778574824333,,,,
15713,64,4,0.002309238538146019,,,,
15714,64,4,0.0027699375059455633,,,,
15715,64,4,0.0027116406708955765,,,,
15716,64,4,0.003163503250107169,,,,
15717,64,4,0.0025874192360788584,,,,
15718,64,4,0.00250833248719573,,,,
15719,64,4,0.00396130234003067,,,,
15720,64,4,0.0025018888991326094,,,,
15721,64,4,0.0026322274934500456,,,,
15722,64,4,0.0031732600182294846,,,,
15723,64,4,0.0025882390327751637,,,,
15724,64,4,0.0029215074609965086,,,,
15725,64,4,0.003002830548211932,,,,
15726,64,4,0.0028653740882873535,,,,
15727,64,4,0.002618619939312339,,,,
15728,64,4,0.0028217206709086895,,,,
15729,64,4,0.0035889435093849897,,,,
15730,64,4,0.0029651380609720945,,,,
15731,64,4,0.0028913053683936596,,,,
15732,64,4,0.00292910635471344,,,,
15733,64,4,0.0026854786556214094,,,,
15734,64,4,0.002728514838963747,,,,
15735,64,4,0.0030253808945417404,,,,
15736,64,4,0.0029892525635659695,,,,
15737,64,4,0.0032247640192508698,,,,
15738,64,4,0.002670296235010028,,,,
15739,64,4,0.003361339448019862,,,,
15740,64,4,0.002761442679911852,,,,
15741,64,4,0.003195216879248619,,,,
15742,64,4,0.0027974057011306286,,,,
15743,64,4,0.0036941661965101957,,,,
15744,64,4,0.002688152249902487,,,,
15745,64,4,0.0030581054743379354,,,,
15746,64,4,0.002352017443627119,,,,
15747,64,4,0.002360908780246973,,,,
15748,64,4,0.0028069789987057447,,,,
15749,64,4,0.0028703520074486732,,,,
15750,64,4,0.002883146982640028,,,,
15751,64,4,0.002694163005799055,,,,
15752,64,4,0.0028466018848121166,,,,
15753,64,4,0.0033615408465266228,,,,
15754,64,4,0.002430584281682968,,,,
15755,64,4,0.002655160380527377,,,,
15756,64,4,0.0028502480126917362,,,,
15757,64,4,0.002388331573456526,,,,
15758,64,4,0.002841554582118988,,,,
15759,64,4,0.003589391242712736,,,,
15760,64,4,0.002381433267146349,,,,
15761,64,4,0.0026933508925139904,,,,
15762,64,4,0.002762689022347331,,,,
15763,64,4,0.0034005651250481606,,,,
15764,64,4,0.0025539391208440065,,,,
15765,64,4,0.003084735479205847,,,,
15766,64,4,0.0027634608559310436,,,,
15767,64,4,0.002847875002771616,,,,
15768,64,4,0.002992924302816391,,,,
15769,64,4,0.00279031484387815,,,,
15770,64,4,0.002737359143793583,,,,
15771,64,4,0.00308092194609344,,,,
15772,64,4,0.002929219976067543,,,,
15773,64,4,0.0033089718781411648,,,,
15774,64,4,0.003225667867809534,,,,
15775,64,4,0.002545714844018221,,,,
15776,64,4,0.003007836639881134,,,,
15777,64,4,0.00293909152969718,,,,
15778,64,4,0.0031207483261823654,,,,
15779,64,4,0.00291677238419652,,,,
15780,64,4,0.0033709488343447447,,,,
15781,64,4,0.0029149148613214493,,,,
15782,64,4,0.0031102250795811415,,,,
15783,64,4,0.0027771329041570425,,,,
15784,64,4,0.002503767376765609,,,,
15785,64,4,0.0023169019259512424,,,,
15786,64,4,0.003116318956017494,,,,
15787,64,4,0.0027607984375208616,,,,
15788,64,4,0.0029528322629630566,,,,
15789,64,4,0.002572770696133375,,,,
15790,64,4,0.0027737519703805447,,,,
15791,64,4,0.002864477690309286,,,,
15792,64,4,0.0027183396741747856,,,,
15793,64,4,0.00278697581961751,,,,
15794,64,4,0.0033932439982891083,,,,
15795,64,4,0.002885863883420825,,,,
15796,64,4,0.0027281190268695354,,,,
15797,64,4,0.0028236478101462126,,,,
15798,64,4,0.002622998785227537,,,,
15799,64,4,0.002543495036661625,,,,
15800,64,4,0.003087398363277316,,,,
15801,64,4,0.0028779422864317894,,,,
15802,64,4,0.003049395512789488,,,,
15803,64,4,0.0030954431276768446,,,,
15804,64,4,0.0024825935252010822,,,,
15805,64,4,0.003313083201646805,,,,
15806,64,4,0.0032521586399525404,,,,
15807,64,4,0.0025022774934768677,,,,
15808,64,4,0.0031254803761839867,,,,
15809,64,4,0.0026109374593943357,,,,
15810,64,4,0.002834036946296692,,,,
15811,64,4,0.0032274154946208,,,,
15812,64,4,0.0025418265722692013,,,,
15813,64,4,0.0030476716347038746,,,,
15814,64,4,0.002682977356016636,,,,
15815,64,4,0.0031147394329309464,,,,
15816,64,4,0.002594715217128396,,,,
15817,64,4,0.0031930147670209408,,,,
15818,64,4,0.0033454836811870337,,,,
15819,64,4,0.0026778418105095625,,,,
15820,64,4,0.0029801211785525084,,,,
15821,64,4,0.0024688555859029293,,,,
15822,64,4,0.003232390619814396,,,,
15823,64,4,0.0029940116219222546,,,,
15824,64,4,0.0028342297300696373,,,,
15825,64,4,0.0032007135450839996,,,,
15826,64,4,0.004391609691083431,,,,
15827,64,4,0.002651289803907275,,,,
15828,64,4,0.00297718308866024,,,,
15829,64,4,0.002989785512909293,,,,
15830,64,4,0.0030099961441010237,,,,
15831,64,4,0.0030490905046463013,,,,
15832,64,4,0.0025242932606488466,,,,
15833,64,4,0.003323466284200549,,,,
15834,64,4,0.0027117165736854076,,,,
15835,64,4,0.0033659073524177074,,,,
15836,64,4,0.0037066685035824776,,,,
15837,64,4,0.0033011040650308132,,,,
15838,64,4,0.0025926055386662483,,,,
15839,64,4,0.003171515418216586,,,,
15840,64,4,0.002936221659183502,,,,
15841,64,4,0.002832012018188834,,,,
15842,64,4,0.0038413675501942635,,,,
15843,64,4,0.002543581649661064,,,,
15844,64,4,0.0029985837172716856,,,,
15845,64,4,0.002862085122615099,,,,
15846,64,4,0.0030785645358264446,,,,
15847,64,4,0.0037668233271688223,,,,
15848,64,4,0.002579763066023588,,,,
15849,64,4,0.0036367960274219513,,,,
15850,64,4,0.0031396818812936544,,,,
15851,64,4,0.004416706506162882,,,,
15852,64,4,0.0035778607707470655,,,,
15853,64,4,0.0046226768754422665,,,,
15854,64,4,0.003042972180992365,,,,
15855,64,4,0.0036116219125688076,,,,
15856,64,4,0.003274156479164958,,,,
15857,64,4,0.0025097737088799477,,,,
15858,64,4,0.003072611754760146,,,,
15859,64,4,0.004218677990138531,,,,
15860,64,4,0.0027461720164865255,,,,
15861,64,4,0.0038947665598243475,,,,
15862,64,4,0.002953627612441778,,,,
15863,64,4,0.0031051444821059704,,,,
15864,64,4,0.003359186230227351,,,,
15865,64,4,0.0036726221442222595,,,,
15866,64,4,0.00325613166205585,,,,
15867,64,4,0.0036084367893636227,,,,
15868,64,4,0.0036061357241123915,,,,
15869,64,4,0.0038380862679332495,,,,
15870,64,4,0.0034873895347118378,,,,
15871,64,4,0.003737217513844371,,,,
15872,64,4,0.0032092693727463484,,,,
15873,64,4,0.0031091764103621244,,,,
15874,64,4,0.0028328564949333668,,,,
15875,64,4,0.0030836150981485844,,,,
15876,64,4,0.0032736039720475674,,,,
15877,64,4,0.002775980159640312,,,,
15878,64,4,0.002780471695587039,,,,
15879,64,4,0.003067942336201668,,,,
15880,64,4,0.0029500601813197136,,,,
15881,64,4,0.0031485185027122498,,,,
15882,64,4,0.003942131530493498,,,,
15883,64,4,0.002976593328639865,,,,
15884,64,4,0.0030896528623998165,,,,
15885,64,4,0.0028027668595314026,,,,
15886,64,4,0.003190087154507637,,,,
15887,64,4,0.003485198598355055,,,,
15888,64,4,0.0031515848822891712,,,,
15889,64,4,0.002586950082331896,,,,
15890,64,4,0.0031224775593727827,,,,
15891,64,4,0.0024342879187315702,,,,
15892,64,4,0.0029931762255728245,,,,
15893,64,4,0.0033493470400571823,,,,
15894,64,4,0.0032592667266726494,,,,
15895,64,4,0.002722911536693573,,,,
15896,64,4,0.003463560715317726,,,,
15897,64,4,0.0028733471408486366,,,,
15898,64,4,0.002876854268833995,,,,
15899,64,4,0.0025617266073822975,,,,
15900,64,4,0.0031233089976012707,,,,
15901,64,4,0.002809701021760702,,,,
15902,64,4,0.002896437421441078,,,,
15903,64,4,0.003049743827432394,,,,
15904,64,4,0.003392923390492797,,,,
15905,64,4,0.0029370493721216917,,,,
15906,64,4,0.0030659788753837347,,,,
15907,64,4,0.002644194755703211,,,,
15908,64,4,0.002940479200333357,,,,
15909,64,4,0.003228355897590518,,,,
15910,64,4,0.0032974015921354294,,,,
15911,64,4,0.0024006138555705547,,,,
15912,64,4,0.0030306647531688213,,,,
15913,64,4,0.002518697641789913,,,,
15914,64,4,0.0025737041141837835,,,,
15915,64,4,0.003022950142621994,,,,
15916,64,4,0.0023933756165206432,,,,
15917,64,4,0.0031947323586791754,,,,
15918,64,4,0.003071428742259741,,,,
15919,64,4,0.002422108082100749,,,,
15920,64,4,0.0031131196301430464,,,,
15921,64,4,0.0031833420507609844,,,,
15922,64,4,0.002818127628415823,,,,
15923,64,4,0.002918623387813568,,,,
15924,64,4,0.0032371848355978727,,,,
15925,64,4,0.0034949209075421095,,,,
15926,64,4,0.002825477859005332,,,,
15927,64,4,0.002750610699877143,,,,
15928,64,4,0.003584621474146843,,,,
15929,64,4,0.003119187895208597,,,,
15930,64,4,0.0027572389226406813,,,,
15931,64,4,0.0026365562807768583,,,,
15932,64,4,0.0029276739805936813,,,,
15933,64,4,0.00300801545381546,,,,
15934,64,4,0.002562045818194747,,,,
15935,64,4,0.002700362354516983,,,,
15936,64,4,0.0027999922167509794,,,,
15937,64,4,0.002918789628893137,,,,
15938,64,4,0.0030373013578355312,,,,
15939,64,4,0.0031874726992100477,,,,
15940,64,4,0.0028073915746062994,,,,
15941,64,4,0.002600005827844143,,,,
15942,64,4,0.0027454858645796776,,,,
15943,64,4,0.0027947514317929745,,,,
15944,64,4,0.0032650798093527555,,,,
15945,64,4,0.0022037974558770657,,,,
15946,64,4,0.002755234017968178,,,,
15947,64,4,0.003224337473511696,,,,
15948,64,4,0.003495238721370697,,,,
15949,64,4,0.0034317858517169952,,,,
15950,64,4,0.0032674369867891073,,,,
15951,64,4,0.0027580976020544767,,,,
15952,64,4,0.0030999945010989904,,,,
15953,64,4,0.003273509442806244,,,,
15954,64,4,0.0029979622922837734,,,,
15955,64,4,0.0026631345972418785,,,,
15956,64,4,0.0028380658477544785,,,,
15957,64,4,0.0026031064335256815,,,,
15958,64,4,0.0029501160606741905,,,,
15959,64,4,0.002414072398096323,,,,
15960,64,4,0.0029618246480822563,,,,
15961,64,4,0.0036018367391079664,,,,
15962,64,4,0.0034138222690671682,,,,
15963,64,4,0.003350007114931941,,,,
15964,64,4,0.0030454255174845457,,,,
15965,64,4,0.0028264110442250967,,,,
15966,64,4,0.002449146006256342,,,,
15967,64,4,0.0029765618965029716,,,,
15968,64,4,0.0023978783283382654,,,,
15969,64,4,0.002582356333732605,,,,
15970,64,4,0.0032546003349125385,,,,
15971,64,4,0.0028335731476545334,,,,
15972,64,4,0.0036361883394420147,,,,
15973,64,4,0.003408821066841483,,,,
15974,64,4,0.0029256660491228104,,,,
15975,64,4,0.0030443836003541946,,,,
15976,64,4,0.0028840999584645033,,,,
15977,64,4,0.002633987460285425,,,,
15978,64,4,0.002917802892625332,,,,
15979,64,4,0.0034079854376614094,,,,
15980,64,4,0.0027143354527652264,,,,
15981,64,4,0.002808322897180915,,,,
15982,64,4,0.003700247732922435,,,,
15983,64,4,0.002967205597087741,,,,
15984,64,4,0.0032281256280839443,,,,
15985,64,4,0.003466496942564845,,,,
15986,64,4,0.002660739701241255,,,,
15987,64,4,0.002783810719847679,,,,
15988,64,4,0.003152197925373912,,,,
15989,64,4,0.0029744538478553295,,,,
15990,64,4,0.0031081060878932476,,,,
15991,64,4,0.0025221575051546097,,,,
15992,64,4,0.0027294917963445187,,,,
15993,64,4,0.0038018813356757164,,,,
15994,64,4,0.00292824930511415,,,,
15995,64,4,0.0033630928955972195,,,,
15996,64,4,0.003280410310253501,,,,
15997,64,4,0.0028404295444488525,,,,
15998,64,4,0.0028134293388575315,,,,
15999,64,4,0.0031867369543761015,,,,
16000,64,4,0.0032339016906917095,,0.006829597771742401,0.8391701353063411,22.92471414438806
16001,64,4,0.0028224594425410032,,,,
16002,64,4,0.0031068287789821625,,,,
16003,64,4,0.0028844266198575497,,,,
16004,64,4,0.0028860147576779127,,,,
16005,64,4,0.002833651378750801,,,,
16006,64,4,0.0032808827236294746,,,,
16007,64,4,0.002898726612329483,,,,
16008,64,4,0.0027670206036418676,,,,
16009,64,4,0.002531212754547596,,,,
16010,64,4,0.003131498582661152,,,,
16011,64,4,0.0027529948856681585,,,,
16012,64,4,0.0029638491105288267,,,,
16013,64,4,0.0028716991655528545,,,,
16014,64,4,0.0033365879207849503,,,,
16015,64,4,0.003005378879606724,,,,
16016,64,4,0.002588951028883457,,,,
16017,64,4,0.003023941768333316,,,,
16018,64,4,0.0023745247162878513,,,,
16019,64,4,0.003923306241631508,,,,
16020,64,4,0.002974542323499918,,,,
16021,64,4,0.0031685109715908766,,,,
16022,64,4,0.0028840000741183758,,,,
16023,64,4,0.0032789348624646664,,,,
16024,64,4,0.002986779436469078,,,,
16025,64,4,0.0027783538680523634,,,,
16026,64,4,0.003095832420513034,,,,
16027,64,4,0.002951365662738681,,,,
16028,64,4,0.003419960383325815,,,,
16029,64,4,0.002628859831020236,,,,
16030,64,4,0.002856297418475151,,,,
16031,64,4,0.003052477492019534,,,,
16032,64,4,0.0024481681175529957,,,,
16033,64,4,0.002780600916594267,,,,
16034,64,4,0.002497089793905616,,,,
16035,64,4,0.002907706890255213,,,,
16036,64,4,0.0025655131321400404,,,,
16037,64,4,0.0029843305237591267,,,,
16038,64,4,0.002754354849457741,,,,
16039,64,4,0.002920386381447315,,,,
16040,64,4,0.002582802204415202,,,,
16041,64,4,0.003051790874451399,,,,
16042,64,4,0.0027242531068623066,,,,
16043,64,4,0.002974222879856825,,,,
16044,64,4,0.0028047901578247547,,,,
16045,64,4,0.002624375745654106,,,,
16046,64,4,0.0027776218485087156,,,,
16047,64,4,0.0030897841788828373,,,,
16048,64,4,0.0028769266791641712,,,,
16049,64,4,0.0027264785021543503,,,,
16050,64,4,0.002825497416779399,,,,
16051,64,4,0.0028214226476848125,,,,
16052,64,4,0.002403444377705455,,,,
16053,64,4,0.0030337513890117407,,,,
16054,64,4,0.0032952921465039253,,,,
16055,64,4,0.0027165445499122143,,,,
16056,64,4,0.002704514190554619,,,,
16057,64,4,0.0031665549613535404,,,,
16058,64,4,0.0025491309352219105,,,,
16059,64,4,0.003196410369127989,,,,
16060,64,4,0.002582123037427664,,,,
16061,64,4,0.0029764287173748016,,,,
16062,64,4,0.00269246194511652,,,,
16063,64,4,0.0028374202083796263,,,,
16064,64,4,0.0030086864717304707,,,,
16065,64,4,0.0027966774068772793,,,,
16066,64,4,0.003137704450637102,,,,
16067,64,4,0.0029331787955015898,,,,
16068,64,4,0.00275954557582736,,,,
16069,64,4,0.002435447880998254,,,,
16070,64,4,0.0025388062931597233,,,,
16071,64,4,0.003003036370500922,,,,
16072,64,4,0.0027711796574294567,,,,
16073,64,4,0.002661005361005664,,,,
16074,64,4,0.0028129490092396736,,,,
16075,64,4,0.0031233872286975384,,,,
16076,64,4,0.0027164146304130554,,,,
16077,64,4,0.0025536869652569294,,,,
16078,64,4,0.002822096226736903,,,,
16079,64,4,0.002744179917499423,,,,
16080,64,4,0.00264539266936481,,,,
16081,64,4,0.002462426433339715,,,,
16082,64,4,0.0029020763467997313,,,,
16083,64,4,0.0026600095443427563,,,,
16084,64,4,0.003182212822139263,,,,
16085,64,4,0.003127326024696231,,,,
16086,64,4,0.0028016071300953627,,,,
16087,64,4,0.002727356506511569,,,,
16088,64,4,0.003269125474616885,,,,
16089,64,4,0.002849313197657466,,,,
16090,64,4,0.002339775674045086,,,,
16091,64,4,0.0026481258682906628,,,,
16092,64,4,0.0023825594689697027,,,,
16093,64,4,0.0031739971600472927,,,,
16094,64,4,0.002802940784022212,,,,
16095,64,4,0.002885157708078623,,,,
16096,64,4,0.0027891662903130054,,,,
16097,64,4,0.0025575857143849134,,,,
16098,64,4,0.0025386810302734375,,,,
16099,64,4,0.0029285582713782787,,,,
16100,64,4,0.0032059575896710157,,,,
16101,64,4,0.003717755898833275,,,,
16102,64,4,0.002532409271225333,,,,
16103,64,4,0.0032737560104578733,,,,
16104,64,4,0.0027295961044728756,,,,
16105,64,4,0.0028543637599796057,,,,
16106,64,4,0.003015757305547595,,,,
16107,64,4,0.003409713041037321,,,,
16108,64,4,0.0033057578839361668,,,,
16109,64,4,0.0028768684715032578,,,,
16110,64,4,0.002567281946539879,,,,
16111,64,4,0.002707913052290678,,,,
16112,64,4,0.0025797232519835234,,,,
16113,64,4,0.0030331872403621674,,,,
16114,64,4,0.0028550964780151844,,,,
16115,64,4,0.002948480425402522,,,,
16116,64,4,0.003197201294824481,,,,
16117,64,4,0.0029840576462447643,,,,
16118,64,4,0.0028817541897296906,,,,
16119,64,4,0.0033611287362873554,,,,
16120,64,4,0.002521092537790537,,,,
16121,64,4,0.0030175140127539635,,,,
16122,64,4,0.00248477840796113,,,,
16123,64,4,0.0024923724122345448,,,,
16124,64,4,0.0027152709662914276,,,,
16125,64,4,0.002663271501660347,,,,
16126,64,4,0.003089850302785635,,,,
16127,64,4,0.003167792223393917,,,,
16128,64,4,0.0025947601534426212,,,,
16129,64,4,0.0028619677759706974,,,,
16130,64,4,0.0027968264184892178,,,,
16131,64,4,0.0023990338668227196,,,,
16132,64,4,0.002979597542434931,,,,
16133,64,4,0.002628711052238941,,,,
16134,64,4,0.0026795361191034317,,,,
16135,64,4,0.0029724915511906147,,,,
16136,64,4,0.0037489701062440872,,,,
16137,64,4,0.0030735309701412916,,,,
16138,64,4,0.0032016183249652386,,,,
16139,64,4,0.003172035329043865,,,,
16140,64,4,0.0029579780530184507,,,,
16141,64,4,0.0030715037137269974,,,,
16142,64,4,0.003101979847997427,,,,
16143,64,4,0.002602045424282551,,,,
16144,64,4,0.002995311049744487,,,,
16145,64,4,0.002592808101326227,,,,
16146,64,4,0.0028131254948675632,,,,
16147,64,4,0.0034877327270805836,,,,
16148,64,4,0.0029291450046002865,,,,
16149,64,4,0.002772959880530834,,,,
16150,64,4,0.002734378445893526,,,,
16151,64,4,0.0032881698571145535,,,,
16152,64,4,0.003679132554680109,,,,
16153,64,4,0.0033580544404685497,,,,
16154,64,4,0.0029782529454678297,,,,
16155,64,4,0.0024046178441494703,,,,
16156,64,4,0.0035149455070495605,,,,
16157,64,4,0.003432065714150667,,,,
16158,64,4,0.0027132302056998014,,,,
16159,64,4,0.0029125437140464783,,,,
16160,64,4,0.0030129493679851294,,,,
16161,64,4,0.0034289690665900707,,,,
16162,64,4,0.0029144887812435627,,,,
16163,64,4,0.002794308587908745,,,,
16164,64,4,0.0030484094750136137,,,,
16165,64,4,0.0027768216095864773,,,,
16166,64,4,0.0026448543649166822,,,,
16167,64,4,0.003217591904103756,,,,
16168,64,4,0.0024694479070603848,,,,
16169,64,4,0.0025473255664110184,,,,
16170,64,4,0.0027822011616081,,,,
16171,64,4,0.002754656597971916,,,,
16172,64,4,0.0030033476650714874,,,,
16173,64,4,0.0029799556359648705,,,,
16174,64,4,0.0027275956235826015,,,,
16175,64,4,0.0026250004302710295,,,,
16176,64,4,0.0025272155180573463,,,,
16177,64,4,0.0026810027193278074,,,,
16178,64,4,0.0028939968906342983,,,,
16179,64,4,0.002797089982777834,,,,
16180,64,4,0.0029659706633538008,,,,
16181,64,4,0.0028567041736096144,,,,
16182,64,4,0.0029790843836963177,,,,
16183,64,4,0.002811900805681944,,,,
16184,64,4,0.002592249307781458,,,,
16185,64,4,0.002850122284144163,,,,
16186,64,4,0.0025596595369279385,,,,
16187,64,4,0.0024989312514662743,,,,
16188,64,4,0.0027250624261796474,,,,
16189,64,4,0.002697667572647333,,,,
16190,64,4,0.002993395086377859,,,,
16191,64,4,0.002738512586802244,,,,
16192,64,4,0.002753857523202896,,,,
16193,64,4,0.0028995051980018616,,,,
16194,64,4,0.0031682606786489487,,,,
16195,64,4,0.0024672457948327065,,,,
16196,64,4,0.0029172413051128387,,,,
16197,64,4,0.002591378754004836,,,,
16198,64,4,0.0025033652782440186,,,,
16199,64,4,0.0025436044670641422,,,,
16200,64,4,0.002371491864323616,,,,
16201,64,4,0.0025228438898921013,,,,
16202,64,4,0.002836909843608737,,,,
16203,64,4,0.002849315758794546,,,,
16204,64,4,0.0026765845250338316,,,,
16205,64,4,0.0025655990466475487,,,,
16206,64,4,0.003298067254945636,,,,
16207,64,4,0.0029634691309183836,,,,
16208,64,4,0.0032784200739115477,,,,
16209,64,4,0.0028766028117388487,,,,
16210,64,4,0.0034882701002061367,,,,
16211,64,4,0.0030288405250757933,,,,
16212,64,4,0.0032955266069620848,,,,
16213,64,4,0.003011877415701747,,,,
16214,64,4,0.002551667857915163,,,,
16215,64,4,0.002768254838883877,,,,
16216,64,4,0.003008903469890356,,,,
16217,64,4,0.0028451671823859215,,,,
16218,64,4,0.0031222645193338394,,,,
16219,64,4,0.0034531333949416876,,,,
16220,64,4,0.002672008704394102,,,,
16221,64,4,0.002619312144815922,,,,
16222,64,4,0.002478248905390501,,,,
16223,64,4,0.003213997930288315,,,,
16224,64,4,0.0027708671987056732,,,,
16225,64,4,0.003033529734238982,,,,
16226,64,4,0.0027667763642966747,,,,
16227,64,4,0.003043854609131813,,,,
16228,64,4,0.0031956788152456284,,,,
16229,64,4,0.002980629913508892,,,,
16230,64,4,0.0024228026159107685,,,,
16231,64,4,0.003214159980416298,,,,
16232,64,4,0.002593170152977109,,,,
16233,64,4,0.002972727408632636,,,,
16234,64,4,0.0025658882223069668,,,,
16235,64,4,0.002862071618437767,,,,
16236,64,4,0.0032908159773796797,,,,
16237,64,4,0.0022266129963099957,,,,
16238,64,4,0.0028918860480189323,,,,
16239,64,4,0.00256221741437912,,,,
16240,64,4,0.002841497538611293,,,,
16241,64,4,0.002425811719149351,,,,
16242,64,4,0.002382672391831875,,,,
16243,64,4,0.0028659882955253124,,,,
16244,64,4,0.002498975722119212,,,,
16245,64,4,0.0028773897793143988,,,,
16246,64,4,0.002813951577991247,,,,
16247,64,4,0.002776616718620062,,,,
16248,64,4,0.002883823122829199,,,,
16249,64,4,0.002127083484083414,,,,
16250,64,4,0.003172911237925291,,,,
16251,64,4,0.0028010401874780655,,,,
16252,64,4,0.0025976523756980896,,,,
16253,64,4,0.002670170273631811,,,,
16254,64,4,0.002634650794789195,,,,
16255,64,4,0.002786446362733841,,,,
16256,64,4,0.0026390578132122755,,,,
16257,64,4,0.002878985134884715,,,,
16258,64,4,0.002557110507041216,,,,
16259,64,4,0.002094113267958164,,,,
16260,64,4,0.0028201062232255936,,,,
16261,64,4,0.0028048157691955566,,,,
16262,64,4,0.002619597129523754,,,,
16263,64,4,0.0023801522329449654,,,,
16264,64,4,0.0030199773609638214,,,,
16265,64,4,0.0029353562276810408,,,,
16266,64,4,0.0023548339959234,,,,
16267,64,4,0.002509073819965124,,,,
16268,64,4,0.0027576740831136703,,,,
16269,64,4,0.002460597548633814,,,,
16270,64,4,0.0025696377269923687,,,,
16271,64,4,0.0024660229682922363,,,,
16272,64,4,0.0027213874273002148,,,,
16273,64,4,0.0025730133056640625,,,,
16274,64,4,0.0025312062352895737,,,,
16275,64,4,0.0027935716789215803,,,,
16276,64,4,0.002779201604425907,,,,
16277,64,4,0.0026042754761874676,,,,
16278,64,4,0.0024906962644308805,,,,
16279,64,4,0.0027971952222287655,,,,
16280,64,4,0.002854082500562072,,,,
16281,64,4,0.002340100472792983,,,,
16282,64,4,0.0024337307550013065,,,,
16283,64,4,0.002805872354656458,,,,
16284,64,4,0.00297338142991066,,,,
16285,64,4,0.0023283232003450394,,,,
16286,64,4,0.003363935276865959,,,,
16287,64,4,0.0023494181223213673,,,,
16288,64,4,0.0029973573982715607,,,,
16289,64,4,0.0027276515029370785,,,,
16290,64,4,0.0030198097229003906,,,,
16291,64,4,0.002845910843461752,,,,
16292,64,4,0.002598947612568736,,,,
16293,64,4,0.0027830293402075768,,,,
16294,64,4,0.002727824030444026,,,,
16295,64,4,0.003141368506476283,,,,
16296,64,4,0.002877388847991824,,,,
16297,64,4,0.002641422674059868,,,,
16298,64,4,0.0034666950814425945,,,,
16299,64,4,0.002515748841688037,,,,
16300,64,4,0.0030161398462951183,,,,
16301,64,4,0.0026301785837858915,,,,
16302,64,4,0.0027030054479837418,,,,
16303,64,4,0.0024878543335944414,,,,
16304,64,4,0.0029736782889813185,,,,
16305,64,4,0.0030295993201434612,,,,
16306,64,4,0.0026540271937847137,,,,
16307,64,4,0.0025201202370226383,,,,
16308,64,4,0.0029463041573762894,,,,
16309,64,4,0.002576210768893361,,,,
16310,64,4,0.0030869259499013424,,,,
16311,64,4,0.0026389972772449255,,,,
16312,64,4,0.003001617267727852,,,,
16313,64,4,0.0030621890909969807,,,,
16314,64,4,0.0025745804887264967,,,,
16315,64,4,0.0028646020218729973,,,,
16316,64,4,0.002763245953246951,,,,
16317,64,4,0.0028667524456977844,,,,
16318,64,4,0.002397259697318077,,,,
16319,64,4,0.002897254889830947,,,,
16320,64,4,0.00334363104775548,,,,
16321,64,4,0.0026181526482105255,,,,
16322,64,4,0.0028241402469575405,,,,
16323,64,4,0.003068187739700079,,,,
16324,64,4,0.0028734251391142607,,,,
16325,64,4,0.0029038614593446255,,,,
16326,64,4,0.003188446629792452,,,,
16327,64,4,0.0026901874225586653,,,,
16328,64,4,0.0026501715183258057,,,,
16329,64,4,0.002660811645910144,,,,
16330,64,4,0.0028228925075381994,,,,
16331,64,4,0.0029153067152947187,,,,
16332,64,4,0.002712128683924675,,,,
16333,64,4,0.003010793123394251,,,,
16334,64,4,0.002536230022087693,,,,
16335,64,4,0.003334488719701767,,,,
16336,64,4,0.0029318153392523527,,,,
16337,64,4,0.0030052652582526207,,,,
16338,64,4,0.0025345715694129467,,,,
16339,64,4,0.002447672188282013,,,,
16340,64,4,0.0030654272995889187,,,,
16341,64,4,0.0028529330156743526,,,,
16342,64,4,0.0026269028894603252,,,,
16343,64,4,0.0029332225676625967,,,,
16344,64,4,0.0026752017438411713,,,,
16345,64,4,0.002448787447065115,,,,
16346,64,4,0.0028695017099380493,,,,
16347,64,4,0.0027064175810664892,,,,
16348,64,4,0.002576014492660761,,,,
16349,64,4,0.002985998522490263,,,,
16350,64,4,0.0025649559684097767,,,,
16351,64,4,0.0026003799866884947,,,,
16352,64,4,0.002896202728152275,,,,
16353,64,4,0.0027921535074710846,,,,
16354,64,4,0.002592184580862522,,,,
16355,64,4,0.002591984812170267,,,,
16356,64,4,0.002818262903019786,,,,
16357,64,4,0.002869898919016123,,,,
16358,64,4,0.0028654797933995724,,,,
16359,64,4,0.0024113969411700964,,,,
16360,64,4,0.0027907732874155045,,,,
16361,64,4,0.0029040805529803038,,,,
16362,64,4,0.0030119444709271193,,,,
16363,64,4,0.0025885826908051968,,,,
16364,64,4,0.002663233783096075,,,,
16365,64,4,0.0028063938952982426,,,,
16366,64,4,0.0025992945302277803,,,,
16367,64,4,0.002380870748311281,,,,
16368,64,4,0.00272129918448627,,,,
16369,64,4,0.0024314806796610355,,,,
16370,64,4,0.0027278612833470106,,,,
16371,64,4,0.0022284486331045628,,,,
16372,64,4,0.002818303881213069,,,,
16373,64,4,0.002282668836414814,,,,
16374,64,4,0.0021226953249424696,,,,
16375,64,4,0.00273125316016376,,,,
16376,64,4,0.0029548248276114464,,,,
16377,64,4,0.0029548215679824352,,,,
16378,64,4,0.0023671153467148542,,,,
16379,64,4,0.0023666336201131344,,,,
16380,64,4,0.0027710970025509596,,,,
16381,64,4,0.00250797881744802,,,,
16382,64,4,0.002758406801149249,,,,
16383,64,4,0.00259857508353889,,,,
16384,64,4,0.002600001869723201,,,,
16385,64,4,0.002131227171048522,,,,
16386,64,4,0.00272994302213192,,,,
16387,64,4,0.0028928339015692472,,,,
16388,64,4,0.00248548062518239,,,,
16389,64,4,0.0029387460090219975,,,,
16390,64,4,0.0024213138967752457,,,,
16391,64,4,0.0022819554433226585,,,,
16392,64,4,0.003042790573090315,,,,
16393,64,4,0.00291380169801414,,,,
16394,64,4,0.002902121050283313,,,,
16395,64,4,0.003489378374069929,,,,
16396,64,4,0.002801257185637951,,,,
16397,64,4,0.0028596657793968916,,,,
16398,64,4,0.0025828806683421135,,,,
16399,64,4,0.0023887825664132833,,,,
16400,64,4,0.0028123129159212112,,,,
16401,64,4,0.0028782717417925596,,,,
16402,64,4,0.0024151066318154335,,,,
16403,64,4,0.0029743302147835493,,,,
16404,64,4,0.0026740748435258865,,,,
16405,64,4,0.0027715712785720825,,,,
16406,64,4,0.0028057298623025417,,,,
16407,64,4,0.002669807057827711,,,,
16408,64,4,0.002607857808470726,,,,
16409,64,4,0.0024489981587976217,,,,
16410,64,4,0.0028435620479285717,,,,
16411,64,4,0.0029722952749580145,,,,
16412,64,4,0.00296365050598979,,,,
16413,64,4,0.0025356407277286053,,,,
16414,64,4,0.003208640031516552,,,,
16415,64,4,0.0025139201898127794,,,,
16416,64,4,0.0028433490078896284,,,,
16417,64,4,0.0031619262881577015,,,,
16418,64,4,0.002795594744384289,,,,
16419,64,4,0.002667532069608569,,,,
16420,64,4,0.002755414228886366,,,,
16421,64,4,0.0026257026474922895,,,,
16422,64,4,0.0032242517918348312,,,,
16423,64,4,0.0030141796451061964,,,,
16424,64,4,0.0030950510408729315,,,,
16425,64,4,0.002671506954357028,,,,
16426,64,4,0.0032614446245133877,,,,
16427,64,4,0.003224228275939822,,,,
16428,64,4,0.0030918288975954056,,,,
16429,64,4,0.002844729460775852,,,,
16430,64,4,0.002622440457344055,,,,
16431,64,4,0.0033571631647646427,,,,
16432,64,4,0.0027169003151357174,,,,
16433,64,4,0.0030122511088848114,,,,
16434,64,4,0.00351471034809947,,,,
16435,64,4,0.002696084324270487,,,,
16436,64,4,0.003583631943911314,,,,
16437,64,4,0.0027612957637757063,,,,
16438,64,4,0.0029532723128795624,,,,
16439,64,4,0.0035748544614762068,,,,
16440,64,4,0.00301750167272985,,,,
16441,64,4,0.002432920504361391,,,,
16442,64,4,0.0035525565035641193,,,,
16443,64,4,0.0026845575775951147,,,,
16444,64,4,0.002754027722403407,,,,
16445,64,4,0.0032287787180393934,,,,
16446,64,4,0.003127514151856303,,,,
16447,64,4,0.00308651733212173,,,,
16448,64,4,0.0033707551192492247,,,,
16449,64,4,0.0028840135782957077,,,,
16450,64,4,0.003180177416652441,,,,
16451,64,4,0.002558477921411395,,,,
16452,64,4,0.00282061705365777,,,,
16453,64,4,0.0032730097882449627,,,,
16454,64,4,0.0025496850721538067,,,,
16455,64,4,0.002509548794478178,,,,
16456,64,4,0.0026577096432447433,,,,
16457,64,4,0.003050338476896286,,,,
16458,64,4,0.0031446865759789944,,,,
16459,64,4,0.0028327987529337406,,,,
16460,64,4,0.003197351936250925,,,,
16461,64,4,0.003022446995601058,,,,
16462,64,4,0.003013569861650467,,,,
16463,64,4,0.0028606827836483717,,,,
16464,64,4,0.0028322599828243256,,,,
16465,64,4,0.0030919238924980164,,,,
16466,64,4,0.002849862677976489,,,,
16467,64,4,0.0037809505593031645,,,,
16468,64,4,0.0026394284795969725,,,,
16469,64,4,0.0027953896205872297,,,,
16470,64,4,0.0029614258091896772,,,,
16471,64,4,0.0025693047791719437,,,,
16472,64,4,0.0027710169088095427,,,,
16473,64,4,0.0030223780777305365,,,,
16474,64,4,0.002883918583393097,,,,
16475,64,4,0.0033972449600696564,,,,
16476,64,4,0.0028651165775954723,,,,
16477,64,4,0.0031096255406737328,,,,
16478,64,4,0.002496422966942191,,,,
16479,64,4,0.0032346928492188454,,,,
16480,64,4,0.0026977509260177612,,,,
16481,64,4,0.002571767196059227,,,,
16482,64,4,0.0029292884282767773,,,,
16483,64,4,0.003008926985785365,,,,
16484,64,4,0.0028542019426822662,,,,
16485,64,4,0.0037795081734657288,,,,
16486,64,4,0.0026223703753203154,,,,
16487,64,4,0.003051647450774908,,,,
16488,64,4,0.0027383777778595686,,,,
16489,64,4,0.002694942755624652,,,,
16490,64,4,0.002528192475438118,,,,
16491,64,4,0.002695073140785098,,,,
16492,64,4,0.0027975058183073997,,,,
16493,64,4,0.002690705005079508,,,,
16494,64,4,0.0029828264378011227,,,,
16495,64,4,0.0032479993533343077,,,,
16496,64,4,0.0025759520940482616,,,,
16497,64,4,0.0030391495674848557,,,,
16498,64,4,0.002487553982064128,,,,
16499,64,4,0.002473123837262392,,,,
16500,64,4,0.003091476857662201,,,,
16501,64,4,0.0031334615778177977,,,,
16502,64,4,0.0032584364525973797,,,,
16503,64,4,0.0032804319635033607,,,,
16504,64,4,0.00284375948831439,,,,
16505,64,4,0.0030282221268862486,,,,
16506,64,4,0.003439770545810461,,,,
16507,64,4,0.002486280631273985,,,,
16508,64,4,0.003191279945895076,,,,
16509,64,4,0.0036035345401614904,,,,
16510,64,4,0.0030480872374027967,,,,
16511,64,4,0.002753026317805052,,,,
16512,64,4,0.0026656240224838257,,,,
16513,64,4,0.002478848909959197,,,,
16514,64,4,0.003004070371389389,,,,
16515,64,4,0.0034527983516454697,,,,
16516,64,4,0.003153347410261631,,,,
16517,64,4,0.003134960075840354,,,,
16518,64,4,0.003640230745077133,,,,
16519,64,4,0.002986595733091235,,,,
16520,64,4,0.0031581055372953415,,,,
16521,64,4,0.002675227355211973,,,,
16522,64,4,0.003332786960527301,,,,
16523,64,4,0.0025359613355249166,,,,
16524,64,4,0.003336453577503562,,,,
16525,64,4,0.002599643310531974,,,,
16526,64,4,0.0035466267727315426,,,,
16527,64,4,0.0028387203346937895,,,,
16528,64,4,0.0026725323405116796,,,,
16529,64,4,0.0028956416063010693,,,,
16530,64,4,0.0028258664533495903,,,,
16531,64,4,0.0026653155218809843,,,,
16532,64,4,0.002915306482464075,,,,
16533,64,4,0.0022341636940836906,,,,
16534,64,4,0.0026355418376624584,,,,
16535,64,4,0.002953367307782173,,,,
16536,64,4,0.0028813453391194344,,,,
16537,64,4,0.0032769578974694014,,,,
16538,64,4,0.0026027350686490536,,,,
16539,64,4,0.0020939132664352655,,,,
16540,64,4,0.0027645337395370007,,,,
16541,64,4,0.003063273150473833,,,,
16542,64,4,0.002738035749644041,,,,
16543,64,4,0.0024689892306923866,,,,
16544,64,4,0.003220443380996585,,,,
16545,64,4,0.002770494669675827,,,,
16546,64,4,0.0027904771268367767,,,,
16547,64,4,0.00279750837944448,,,,
16548,64,4,0.0028212210163474083,,,,
16549,64,4,0.0031142141669988632,,,,
16550,64,4,0.0027762739919126034,,,,
16551,64,4,0.0028552289586514235,,,,
16552,64,4,0.002883128821849823,,,,
16553,64,4,0.002800092101097107,,,,
16554,64,4,0.002817576751112938,,,,
16555,64,4,0.002841891488060355,,,,
16556,64,4,0.00592317059636116,,,,
16557,64,4,0.003191700903698802,,,,
16558,64,4,0.0032679704017937183,,,,
16559,64,4,0.0028703880961984396,,,,
16560,64,4,0.003263285383582115,,,,
16561,64,4,0.0029870602302253246,,,,
16562,64,4,0.002936301752924919,,,,
16563,64,4,0.0033095001708716154,,,,
16564,64,4,0.0029113790951669216,,,,
16565,64,4,0.0036884285509586334,,,,
16566,64,4,0.0032537635415792465,,,,
16567,64,4,0.0027879567351192236,,,,
16568,64,4,0.0027856100350618362,,,,
16569,64,4,0.003146450500935316,,,,
16570,64,4,0.0030233883298933506,,,,
16571,64,4,0.00354749895632267,,,,
16572,64,4,0.002574281534180045,,,,
16573,64,4,0.0026678869035094976,,,,
16574,64,4,0.0031052730046212673,,,,
16575,64,4,0.0034481044858694077,,,,
16576,64,4,0.0027510407380759716,,,,
16577,64,4,0.0028928059618920088,,,,
16578,64,4,0.003037526737898588,,,,
16579,64,4,0.0031580012291669846,,,,
16580,64,4,0.0036035978700965643,,,,
16581,64,4,0.002863856963813305,,,,
16582,64,4,0.003078524023294449,,,,
16583,64,4,0.0031651246827095747,,,,
16584,64,4,0.002731427550315857,,,,
16585,64,4,0.002875154372304678,,,,
16586,64,4,0.0027975370176136494,,,,
16587,64,4,0.0028358078561723232,,,,
16588,64,4,0.002655771328136325,,,,
16589,64,4,0.0030240286141633987,,,,
16590,64,4,0.002861766144633293,,,,
16591,64,4,0.0029931541066616774,,,,
16592,64,4,0.003333127126097679,,,,
16593,64,4,0.0025708198081701994,,,,
16594,64,4,0.0030497685074806213,,,,
16595,64,4,0.0027416031807661057,,,,
16596,64,4,0.0026008342392742634,,,,
16597,64,4,0.002964676357805729,,,,
16598,64,4,0.003223701845854521,,,,
16599,64,4,0.002757203532382846,,,,
16600,64,4,0.0029985052533447742,,,,
16601,64,4,0.002718524541705847,,,,
16602,64,4,0.0028928732499480247,,,,
16603,64,4,0.0027620308101177216,,,,
16604,64,4,0.00264747510664165,,,,
16605,64,4,0.003062617499381304,,,,
16606,64,4,0.0035361319314688444,,,,
16607,64,4,0.002870109397917986,,,,
16608,64,4,0.003223041770979762,,,,
16609,64,4,0.0026167489122599363,,,,
16610,64,4,0.003124672919511795,,,,
16611,64,4,0.003356590401381254,,,,
16612,64,4,0.0029420070350170135,,,,
16613,64,4,0.0040147388353943825,,,,
16614,64,4,0.004129535984247923,,,,
16615,64,4,0.00265954970382154,,,,
16616,64,4,0.0027468332555145025,,,,
16617,64,4,0.00371413491666317,,,,
16618,64,4,0.002805242082104087,,,,
16619,64,4,0.0027722015511244535,,,,
16620,64,4,0.00298864021897316,,,,
16621,64,4,0.002597332466393709,,,,
16622,64,4,0.0027632242999970913,,,,
16623,64,4,0.0029406999237835407,,,,
16624,64,4,0.002882059197872877,,,,
16625,64,4,0.0029021133668720722,,,,
16626,64,4,0.002561357570812106,,,,
16627,64,4,0.0024489862844347954,,,,
16628,64,4,0.0026117446832358837,,,,
16629,64,4,0.0026810779236257076,,,,
16630,64,4,0.002833158243447542,,,,
16631,64,4,0.0028455276042222977,,,,
16632,64,4,0.002900688908994198,,,,
16633,64,4,0.0031469701789319515,,,,
16634,64,4,0.002629981143400073,,,,
16635,64,4,0.002444871934130788,,,,
16636,64,4,0.002649687696248293,,,,
16637,64,4,0.002840399742126465,,,,
16638,64,4,0.0028835281264036894,,,,
16639,64,4,0.0029580264817923307,,,,
16640,64,4,0.0027736788615584373,,,,
16641,64,4,0.002964944113045931,,,,
16642,64,4,0.0027739270590245724,,,,
16643,64,4,0.0024357885122299194,,,,
16644,64,4,0.003137699794024229,,,,
16645,64,4,0.0025082756765186787,,,,
16646,64,4,0.0029895990155637264,,,,
16647,64,4,0.0033378766383975744,,,,
16648,64,4,0.00284755602478981,,,,
16649,64,4,0.0032161129638552666,,,,
16650,64,4,0.0032056523486971855,,,,
16651,64,4,0.0028486500959843397,,,,
16652,64,4,0.003646861296147108,,,,
16653,64,4,0.0030207675881683826,,,,
16654,64,4,0.0033156468998640776,,,,
16655,64,4,0.0025112975854426622,,,,
16656,64,4,0.002789888996630907,,,,
16657,64,4,0.0028176880441606045,,,,
16658,64,4,0.002551178215071559,,,,
16659,64,4,0.0034484933130443096,,,,
16660,64,4,0.002491758903488517,,,,
16661,64,4,0.002795284613966942,,,,
16662,64,4,0.0026886488776654005,,,,
16663,64,4,0.0029678712598979473,,,,
16664,64,4,0.003090047277510166,,,,
16665,64,4,0.002562788315117359,,,,
16666,64,4,0.0027207692619413137,,,,
16667,64,4,0.003067344194278121,,,,
16668,64,4,0.002753309905529022,,,,
16669,64,4,0.0027846316806972027,,,,
16670,64,4,0.003336286172270775,,,,
16671,64,4,0.002195261884480715,,,,
16672,64,4,0.002552542369812727,,,,
16673,64,4,0.0025809979997575283,,,,
16674,64,4,0.002677885815501213,,,,
16675,64,4,0.0032279849983751774,,,,
16676,64,4,0.0028185988776385784,,,,
16677,64,4,0.003222046419978142,,,,
16678,64,4,0.0024143781047314405,,,,
16679,64,4,0.003153931349515915,,,,
16680,64,4,0.002208440564572811,,,,
16681,64,4,0.0026099211536347866,,,,
16682,64,4,0.0031871418468654156,,,,
16683,64,4,0.002490089740604162,,,,
16684,64,4,0.003102120477706194,,,,
16685,64,4,0.0027157010044902563,,,,
16686,64,4,0.0021779444068670273,,,,
16687,64,4,0.0029986375011503696,,,,
16688,64,4,0.00311738601885736,,,,
16689,64,4,0.002285955473780632,,,,
16690,64,4,0.002536033745855093,,,,
16691,64,4,0.0027216868475079536,,,,
16692,64,4,0.003535587340593338,,,,
16693,64,4,0.0026101768016815186,,,,
16694,64,4,0.0024474477395415306,,,,
16695,64,4,0.003621703013777733,,,,
16696,64,4,0.002466450212523341,,,,
16697,64,4,0.002993314992636442,,,,
16698,64,4,0.00343967042863369,,,,
16699,64,4,0.003236750839278102,,,,
16700,64,4,0.002407003892585635,,,,
16701,64,4,0.0024203332141041756,,,,
16702,64,4,0.0026229217182844877,,,,
16703,64,4,0.002852020785212517,,,,
16704,64,4,0.002665855921804905,,,,
16705,64,4,0.0029351599514484406,,,,
16706,64,4,0.0027364431880414486,,,,
16707,64,4,0.0025608199648559093,,,,
16708,64,4,0.0026653590612113476,,,,
16709,64,4,0.0035272061359137297,,,,
16710,64,4,0.0025859910529106855,,,,
16711,64,4,0.002871620934456587,,,,
16712,64,4,0.0026004191022366285,,,,
16713,64,4,0.002850409597158432,,,,
16714,64,4,0.0023404364474117756,,,,
16715,64,4,0.0029640081338584423,,,,
16716,64,4,0.0025024053175002337,,,,
16717,64,4,0.0024196351878345013,,,,
16718,64,4,0.0024641219060868025,,,,
16719,64,4,0.0032170452177524567,,,,
16720,64,4,0.0030125936027616262,,,,
16721,64,4,0.002693604677915573,,,,
16722,64,4,0.0026102541014552116,,,,
16723,64,4,0.002807958982884884,,,,
16724,64,4,0.0026345807127654552,,,,
16725,64,4,0.002400726545602083,,,,
16726,64,4,0.002986699342727661,,,,
16727,64,4,0.0024542163591831923,,,,
16728,64,4,0.0029570709448307753,,,,
16729,64,4,0.002656692173331976,,,,
16730,64,4,0.002657524310052395,,,,
16731,64,4,0.003332093358039856,,,,
16732,64,4,0.002978772623464465,,,,
16733,64,4,0.002655517077073455,,,,
16734,64,4,0.003316917922347784,,,,
16735,64,4,0.0029532406479120255,,,,
16736,64,4,0.0031873180996626616,,,,
16737,64,4,0.0031232070177793503,,,,
16738,64,4,0.0038636126555502415,,,,
16739,64,4,0.0022138680797070265,,,,
16740,64,4,0.0026508308947086334,,,,
16741,64,4,0.0030843159183859825,,,,
16742,64,4,0.0025569451972842216,,,,
16743,64,4,0.0031832484528422356,,,,
16744,64,4,0.0033958039712160826,,,,
16745,64,4,0.00280190771445632,,,,
16746,64,4,0.0024766314309090376,,,,
16747,64,4,0.0034164204262197018,,,,
16748,64,4,0.0030610929243266582,,,,
16749,64,4,0.003151094540953636,,,,
16750,64,4,0.002910428214818239,,,,
16751,64,4,0.0033953420352190733,,,,
16752,64,4,0.003068541642278433,,,,
16753,64,4,0.0027005476877093315,,,,
16754,64,4,0.0029850671999156475,,,,
16755,64,4,0.0026870574802160263,,,,
16756,64,4,0.0034173959866166115,,,,
16757,64,4,0.0031147003173828125,,,,
16758,64,4,0.0031268144957721233,,,,
16759,64,4,0.002918243408203125,,,,
16760,64,4,0.0026814329903572798,,,,
16761,64,4,0.0023061311803758144,,,,
16762,64,4,0.003201792947947979,,,,
16763,64,4,0.002989403437823057,,,,
16764,64,4,0.0033043334260582924,,,,
16765,64,4,0.002908891998231411,,,,
16766,64,4,0.0024700728245079517,,,,
16767,64,4,0.003294360591098666,,,,
16768,64,4,0.0033805356360971928,,,,
16769,64,4,0.003028201637789607,,,,
16770,64,4,0.003409525379538536,,,,
16771,64,4,0.003205647226423025,,,,
16772,64,4,0.0030947914347052574,,,,
16773,64,4,0.002818125067278743,,,,
16774,64,4,0.0028830792289227247,,,,
16775,64,4,0.0027272687293589115,,,,
16776,64,4,0.0027672182768583298,,,,
16777,64,4,0.0023989062756299973,,,,
16778,64,4,0.0028924155049026012,,,,
16779,64,4,0.0025676835794001818,,,,
16780,64,4,0.0026130552869290113,,,,
16781,64,4,0.002807880751788616,,,,
16782,64,4,0.003127945587038994,,,,
16783,64,4,0.002777633722871542,,,,
16784,64,4,0.0024707112461328506,,,,
16785,64,4,0.002863270230591297,,,,
16786,64,4,0.0036106938496232033,,,,
16787,64,4,0.0027295690961182117,,,,
16788,64,4,0.0028059757314622402,,,,
16789,64,4,0.0024421901907771826,,,,
16790,64,4,0.0024795429781079292,,,,
16791,64,4,0.00271937670186162,,,,
16792,64,4,0.0029853456653654575,,,,
16793,64,4,0.0028993221931159496,,,,
16794,64,4,0.0031169846188277006,,,,
16795,64,4,0.002941835206001997,,,,
16796,64,4,0.0035324539057910442,,,,
16797,64,4,0.0035189692862331867,,,,
16798,64,4,0.0023200411815196276,,,,
16799,64,4,0.002731319982558489,,,,
16800,64,4,0.0024272408336400986,,,,
16801,64,4,0.0033350475132465363,,,,
16802,64,4,0.0027617306914180517,,,,
16803,64,4,0.002530253492295742,,,,
16804,64,4,0.0028546664398163557,,,,
16805,64,4,0.0028709573671221733,,,,
16806,64,4,0.002980038058012724,,,,
16807,64,4,0.002849061507731676,,,,
16808,64,4,0.002311109099537134,,,,
16809,64,4,0.0026797293685376644,,,,
16810,64,4,0.002820724155753851,,,,
16811,64,4,0.0030851091723889112,,,,
16812,64,4,0.003168012946844101,,,,
16813,64,4,0.0028435278218239546,,,,
16814,64,4,0.0026516690850257874,,,,
16815,64,4,0.0031852549873292446,,,,
16816,64,4,0.002725461032241583,,,,
16817,64,4,0.002676840638741851,,,,
16818,64,4,0.0028203236870467663,,,,
16819,64,4,0.002694386523216963,,,,
16820,64,4,0.002590393414720893,,,,
16821,64,4,0.0029901498928666115,,,,
16822,64,4,0.003155735321342945,,,,
16823,64,4,0.0028290003538131714,,,,
16824,64,4,0.0027859103865921497,,,,
16825,64,4,0.0025376214180141687,,,,
16826,64,4,0.003142295405268669,,,,
16827,64,4,0.002677664626389742,,,,
16828,64,4,0.002656967146322131,,,,
16829,64,4,0.002754475921392441,,,,
16830,64,4,0.0031364411115646362,,,,
16831,64,4,0.0028192424215376377,,,,
16832,64,4,0.002874196507036686,,,,
16833,64,4,0.002460458083078265,,,,
16834,64,4,0.002853955142199993,,,,
16835,64,4,0.002906105248257518,,,,
16836,64,4,0.0029404754750430584,,,,
16837,64,4,0.0022745514288544655,,,,
16838,64,4,0.002748331520706415,,,,
16839,64,4,0.002801413182169199,,,,
16840,64,4,0.003173320321366191,,,,
16841,64,4,0.002521880902349949,,,,
16842,64,4,0.0026380023919045925,,,,
16843,64,4,0.00290461303666234,,,,
16844,64,4,0.0034872679971158504,,,,
16845,64,4,0.002848078031092882,,,,
16846,64,4,0.002805436495691538,,,,
16847,64,4,0.002630824688822031,,,,
16848,64,4,0.002837585052475333,,,,
16849,64,4,0.0026682019233703613,,,,
16850,64,4,0.0025906849186867476,,,,
16851,64,4,0.0030357837677001953,,,,
16852,64,4,0.0024608976673334837,,,,
16853,64,4,0.0026837631594389677,,,,
16854,64,4,0.0025157758500427008,,,,
16855,64,4,0.002544882707297802,,,,
16856,64,4,0.0026178285479545593,,,,
16857,64,4,0.0025248336605727673,,,,
16858,64,4,0.0027569588273763657,,,,
16859,64,4,0.0025954097509384155,,,,
16860,64,4,0.002420515986159444,,,,
16861,64,4,0.00255268975161016,,,,
16862,64,4,0.0030929564964026213,,,,
16863,64,4,0.002487899735569954,,,,
16864,64,4,0.0029849621932953596,,,,
16865,64,4,0.0027049449272453785,,,,
16866,64,4,0.0019922538194805384,,,,
16867,64,4,0.002680154051631689,,,,
16868,64,4,0.002885868540033698,,,,
16869,64,4,0.0030241957865655422,,,,
16870,64,4,0.0026456990744918585,,,,
16871,64,4,0.0026191379874944687,,,,
16872,64,4,0.0031809951178729534,,,,
16873,64,4,0.0024567763321101665,,,,
16874,64,4,0.0028095650486648083,,,,
16875,64,4,0.0027749899309128523,,,,
16876,64,4,0.002848910866305232,,,,
16877,64,4,0.0024601113982498646,,,,
16878,64,4,0.0027161757461726665,,,,
16879,64,4,0.002396330237388611,,,,
16880,64,4,0.0026862462982535362,,,,
16881,64,4,0.0027020759880542755,,,,
16882,64,4,0.00274357246235013,,,,
16883,64,4,0.0025998649653047323,,,,
16884,64,4,0.0024447552859783173,,,,
16885,64,4,0.0028828904032707214,,,,
16886,64,4,0.003414195729419589,,,,
16887,64,4,0.0023512428160756826,,,,
16888,64,4,0.0028520412743091583,,,,
16889,64,4,0.0024978744331747293,,,,
16890,64,4,0.0030640377663075924,,,,
16891,64,4,0.003012636676430702,,,,
16892,64,4,0.0027533627580851316,,,,
16893,64,4,0.002626335946843028,,,,
16894,64,4,0.003207030240446329,,,,
16895,64,4,0.0026134043000638485,,,,
16896,64,4,0.003174022538587451,,,,
16897,64,4,0.002880404470488429,,,,
16898,64,4,0.002324389759451151,,,,
16899,64,4,0.0026465205010026693,,,,
16900,64,4,0.0025096330791711807,,,,
16901,64,4,0.0027487347833812237,,,,
16902,64,4,0.0031252000480890274,,,,
16903,64,4,0.0024991147220134735,,,,
16904,64,4,0.0029961492400616407,,,,
16905,64,4,0.002660256577655673,,,,
16906,64,4,0.003233692143112421,,,,
16907,64,4,0.002770987804979086,,,,
16908,64,4,0.0024863681755959988,,,,
16909,64,4,0.002461625263094902,,,,
16910,64,4,0.002712935209274292,,,,
16911,64,4,0.0029300644528120756,,,,
16912,64,4,0.0026236677076667547,,,,
16913,64,4,0.0026980373077094555,,,,
16914,64,4,0.0032036760821938515,,,,
16915,64,4,0.0025078149046748877,,,,
16916,64,4,0.00284404749982059,,,,
16917,64,4,0.002572073135524988,,,,
16918,64,4,0.0028882704209536314,,,,
16919,64,4,0.002658890327438712,,,,
16920,64,4,0.003348297206684947,,,,
16921,64,4,0.002764154225587845,,,,
16922,64,4,0.0026197226252406836,,,,
16923,64,4,0.002763446420431137,,,,
16924,64,4,0.0028997291810810566,,,,
16925,64,4,0.0027898824773728848,,,,
16926,64,4,0.0028096705209463835,,,,
16927,64,4,0.0027511287480592728,,,,
16928,64,4,0.0026043641846626997,,,,
16929,64,4,0.00228614779189229,,,,
16930,64,4,0.002629901049658656,,,,
16931,64,4,0.0028736069798469543,,,,
16932,64,4,0.002478131093084812,,,,
16933,64,4,0.0024822691921144724,,,,
16934,64,4,0.002769051119685173,,,,
16935,64,4,0.0034324713051319122,,,,
16936,64,4,0.0035545621067285538,,,,
16937,64,4,0.002483887132257223,,,,
16938,64,4,0.0034537450410425663,,,,
16939,64,4,0.002537310589104891,,,,
16940,64,4,0.0027601018082350492,,,,
16941,64,4,0.0029901601374149323,,,,
16942,64,4,0.0033074102830141783,,,,
16943,64,4,0.002798939123749733,,,,
16944,64,4,0.003155046608299017,,,,
16945,64,4,0.0029571950435638428,,,,
16946,64,4,0.002789577469229698,,,,
16947,64,4,0.00274379993788898,,,,
16948,64,4,0.002793003572151065,,,,
16949,64,4,0.0024176365695893764,,,,
16950,64,4,0.003208763897418976,,,,
16951,64,4,0.0026329902466386557,,,,
16952,64,4,0.002709329128265381,,,,
16953,64,4,0.00254408223554492,,,,
16954,64,4,0.0028965482488274574,,,,
16955,64,4,0.0026641488075256348,,,,
16956,64,4,0.0026313490234315395,,,,
16957,64,4,0.002498527057468891,,,,
16958,64,4,0.002677491633221507,,,,
16959,64,4,0.002575342543423176,,,,
16960,64,4,0.0036782254464924335,,,,
16961,64,4,0.002994843292981386,,,,
16962,64,4,0.002612595446407795,,,,
16963,64,4,0.003425880102440715,,,,
16964,64,4,0.0025876497384160757,,,,
16965,64,4,0.0023483370896428823,,,,
16966,64,4,0.003038557944819331,,,,
16967,64,4,0.002889761235564947,,,,
16968,64,4,0.0026964470744132996,,,,
16969,64,4,0.002726091770455241,,,,
16970,64,4,0.0028227295260876417,,,,
16971,64,4,0.002397543517872691,,,,
16972,64,4,0.002669809851795435,,,,
16973,64,4,0.002655334770679474,,,,
16974,64,4,0.0031133394222706556,,,,
16975,64,4,0.0025924218352884054,,,,
16976,64,4,0.002903891494497657,,,,
16977,64,4,0.0025246012955904007,,,,
16978,64,4,0.0024627610109746456,,,,
16979,64,4,0.0023427405394613743,,,,
16980,64,4,0.0027222547214478254,,,,
16981,64,4,0.002781168557703495,,,,
16982,64,4,0.00266849878244102,,,,
16983,64,4,0.0026266162749379873,,,,
16984,64,4,0.002696207258850336,,,,
16985,64,4,0.0025371776428073645,,,,
16986,64,4,0.0035029593855142593,,,,
16987,64,4,0.002914022421464324,,,,
16988,64,4,0.0029099686071276665,,,,
16989,64,4,0.0034701719414442778,,,,
16990,64,4,0.002536347135901451,,,,
16991,64,4,0.0027774996124207973,,,,
16992,64,4,0.002945181680843234,,,,
16993,64,4,0.0027077472768723965,,,,
16994,64,4,0.00295052002184093,,,,
16995,64,4,0.0027771841268986464,,,,
16996,64,4,0.0028082462958991528,,,,
16997,64,4,0.0031898142769932747,,,,
16998,64,4,0.002645049709826708,,,,
16999,64,4,0.003604865400120616,,,,
17000,64,4,0.002500312402844429,,0.006995304584245574,0.8493652007756887,23.197411622040857
17001,64,4,0.0033269603736698627,,,,
17002,64,4,0.003203595755621791,,,,
17003,64,4,0.002900084014981985,,,,
17004,64,4,0.002878410741686821,,,,
17005,64,4,0.003074611071497202,,,,
17006,64,4,0.0025127409026026726,,,,
17007,64,4,0.002952632959932089,,,,
17008,64,4,0.002888038754463196,,,,
17009,64,4,0.0029956563375890255,,,,
17010,64,4,0.0029593033250421286,,,,
17011,64,4,0.0030254852026700974,,,,
17012,64,4,0.002973537426441908,,,,
17013,64,4,0.003003261983394623,,,,
17014,64,4,0.0029403488151729107,,,,
17015,64,4,0.0029313925188034773,,,,
17016,64,4,0.0025109804701060057,,,,
17017,64,4,0.0027410387992858887,,,,
17018,64,4,0.0030821904074400663,,,,
17019,64,4,0.0031399759463965893,,,,
17020,64,4,0.0024842775892466307,,,,
17021,64,4,0.0031343537848442793,,,,
17022,64,4,0.0030792555771768093,,,,
17023,64,4,0.002694625873118639,,,,
17024,64,4,0.003373062936589122,,,,
17025,64,4,0.003525590291246772,,,,
17026,64,4,0.0030398955568671227,,,,
17027,64,4,0.003247494576498866,,,,
17028,64,4,0.0028528261464089155,,,,
17029,64,4,0.0032556308433413506,,,,
17030,64,4,0.0035880114883184433,,,,
17031,64,4,0.002589364070445299,,,,
17032,64,4,0.0037452958058565855,,,,
17033,64,4,0.002454825211316347,,,,
17034,64,4,0.002878965809941292,,,,
17035,64,4,0.002691111993044615,,,,
17036,64,4,0.0030458865221589804,,,,
17037,64,4,0.003259866265580058,,,,
17038,64,4,0.0026859077624976635,,,,
17039,64,4,0.0026611145585775375,,,,
17040,64,4,0.002516715321689844,,,,
17041,64,4,0.0031773957889527082,,,,
17042,64,4,0.002628996502608061,,,,
17043,64,4,0.002798838075250387,,,,
17044,64,4,0.0030050757341086864,,,,
17045,64,4,0.002515359316021204,,,,
17046,64,4,0.00319146690890193,,,,
17047,64,4,0.002957246731966734,,,,
17048,64,4,0.0028516927268356085,,,,
17049,64,4,0.002911059185862541,,,,
17050,64,4,0.003133330261334777,,,,
17051,64,4,0.002868139883503318,,,,
17052,64,4,0.0030780374072492123,,,,
17053,64,4,0.002466766629368067,,,,
17054,64,4,0.002853189595043659,,,,
17055,64,4,0.0024941260926425457,,,,
17056,64,4,0.0030320228543132544,,,,
17057,64,4,0.002710161730647087,,,,
17058,64,4,0.0030052289366722107,,,,
17059,64,4,0.0025190962478518486,,,,
17060,64,4,0.0027309551369398832,,,,
17061,64,4,0.0028598725330084562,,,,
17062,64,4,0.0024975950364023447,,,,
17063,64,4,0.0025498010218143463,,,,
17064,64,4,0.0027531252708286047,,,,
17065,64,4,0.003119544591754675,,,,
17066,64,4,0.0030405535362660885,,,,
17067,64,4,0.002761092036962509,,,,
17068,64,4,0.002629488240927458,,,,
17069,64,4,0.0024603111669421196,,,,
17070,64,4,0.0033355774357914925,,,,
17071,64,4,0.002500454429537058,,,,
17072,64,4,0.0026975355576723814,,,,
17073,64,4,0.0024643405340611935,,,,
17074,64,4,0.0027237054891884327,,,,
17075,64,4,0.002935410011559725,,,,
17076,64,4,0.003279196098446846,,,,
17077,64,4,0.0030091803055256605,,,,
17078,64,4,0.002473927102982998,,,,
17079,64,4,0.002604266395792365,,,,
17080,64,4,0.0024252149742096663,,,,
17081,64,4,0.003041402203962207,,,,
17082,64,4,0.0029440391808748245,,,,
17083,64,4,0.0028062541969120502,,,,
17084,64,4,0.0025631054304540157,,,,
17085,64,4,0.002955344272777438,,,,
17086,64,4,0.0030381770338863134,,,,
17087,64,4,0.0023746853694319725,,,,
17088,64,4,0.0026143668219447136,,,,
17089,64,4,0.002718870062381029,,,,
17090,64,4,0.0023322594352066517,,,,
17091,64,4,0.002651982009410858,,,,
17092,64,4,0.002970039378851652,,,,
17093,64,4,0.0030190981924533844,,,,
17094,64,4,0.0031082972418516874,,,,
17095,64,4,0.002623198553919792,,,,
17096,64,4,0.0034487657248973846,,,,
17097,64,4,0.0021633398719131947,,,,
17098,64,4,0.0029430328868329525,,,,
17099,64,4,0.00251334672793746,,,,
17100,64,4,0.002151146065443754,,,,
17101,64,4,0.0023344680666923523,,,,
17102,64,4,0.0025247407611459494,,,,
17103,64,4,0.0029938016086816788,,,,
17104,64,4,0.0025283158756792545,,,,
17105,64,4,0.0028806119225919247,,,,
17106,64,4,0.0026589331682771444,,,,
17107,64,4,0.002606373280286789,,,,
17108,64,4,0.0029075955972075462,,,,
17109,64,4,0.00233550276607275,,,,
17110,64,4,0.002328141126781702,,,,
17111,64,4,0.002388365101069212,,,,
17112,64,4,0.002820134861394763,,,,
17113,64,4,0.0023331516422331333,,,,
17114,64,4,0.0032801979687064886,,,,
17115,64,4,0.0026486925780773163,,,,
17116,64,4,0.002765034791082144,,,,
17117,64,4,0.003226842265576124,,,,
17118,64,4,0.0026745772920548916,,,,
17119,64,4,0.002417215844616294,,,,
17120,64,4,0.002932812087237835,,,,
17121,64,4,0.0027186430525034666,,,,
17122,64,4,0.0027566072531044483,,,,
17123,64,4,0.0025878935120999813,,,,
17124,64,4,0.003586680395528674,,,,
17125,64,4,0.0029116643127053976,,,,
17126,64,4,0.0025839495938271284,,,,
17127,64,4,0.0029983343556523323,,,,
17128,64,4,0.0033567517530173063,,,,
17129,64,4,0.0025639876257628202,,,,
17130,64,4,0.0028134440071880817,,,,
17131,64,4,0.002869897522032261,,,,
17132,64,4,0.0027286666445434093,,,,
17133,64,4,0.0025206124410033226,,,,
17134,64,4,0.0030120182782411575,,,,
17135,64,4,0.00257129012607038,,,,
17136,64,4,0.002702426165342331,,,,
17137,64,4,0.003699980676174164,,,,
17138,64,4,0.002857936080545187,,,,
17139,64,4,0.0025852127000689507,,,,
17140,64,4,0.002492001745849848,,,,
17141,64,4,0.0023583462461829185,,,,
17142,64,4,0.0027911243960261345,,,,
17143,64,4,0.0023253143299371004,,,,
17144,64,4,0.002410543616861105,,,,
17145,64,4,0.002867572009563446,,,,
17146,64,4,0.0026214788667857647,,,,
17147,64,4,0.002344053704291582,,,,
17148,64,4,0.002680426463484764,,,,
17149,64,4,0.0027244924567639828,,,,
17150,64,4,0.0023930277675390244,,,,
17151,64,4,0.00266462005674839,,,,
17152,64,4,0.002938167192041874,,,,
17153,64,4,0.0023922447580844164,,,,
17154,64,4,0.003645512042567134,,,,
17155,64,4,0.0031427310314029455,,,,
17156,64,4,0.003325540106743574,,,,
17157,64,4,0.0031318720430135727,,,,
17158,64,4,0.0025927794631570578,,,,
17159,64,4,0.002681117272004485,,,,
17160,64,4,0.002938412129878998,,,,
17161,64,4,0.0029437141492962837,,,,
17162,64,4,0.0027623872738331556,,,,
17163,64,4,0.0033298577181994915,,,,
17164,64,4,0.002977019175887108,,,,
17165,64,4,0.0024078639689832926,,,,
17166,64,4,0.0025818543508648872,,,,
17167,64,4,0.0028030984103679657,,,,
17168,64,4,0.003010926302522421,,,,
17169,64,4,0.002942221239209175,,,,
17170,64,4,0.003049144521355629,,,,
17171,64,4,0.0026969718746840954,,,,
17172,64,4,0.003545942483469844,,,,
17173,64,4,0.002693002112209797,,,,
17174,64,4,0.0022504085209220648,,,,
17175,64,4,0.0031060371547937393,,,,
17176,64,4,0.0026127237360924482,,,,
17177,64,4,0.0033603680785745382,,,,
17178,64,4,0.0024207700043916702,,,,
17179,64,4,0.0027764765545725822,,,,
17180,64,4,0.002580705564469099,,,,
17181,64,4,0.0033927529584616423,,,,
17182,64,4,0.0028050653636455536,,,,
17183,64,4,0.0027349505107849836,,,,
17184,64,4,0.002467516576871276,,,,
17185,64,4,0.0028620276134461164,,,,
17186,64,4,0.0028642546385526657,,,,
17187,64,4,0.0025361848529428244,,,,
17188,64,4,0.0027671288698911667,,,,
17189,64,4,0.0028862259350717068,,,,
17190,64,4,0.0022998075000941753,,,,
17191,64,4,0.0024994031991809607,,,,
17192,64,4,0.002813118975609541,,,,
17193,64,4,0.002595790894702077,,,,
17194,64,4,0.002258662600070238,,,,
17195,64,4,0.0030231464188545942,,,,
17196,64,4,0.002875139471143484,,,,
17197,64,4,0.0025545889511704445,,,,
17198,64,4,0.0030324175022542477,,,,
17199,64,4,0.00271382974460721,,,,
17200,64,4,0.003486680332571268,,,,
17201,64,4,0.0028999531641602516,,,,
17202,64,4,0.0029858071357011795,,,,
17203,64,4,0.0025791823863983154,,,,
17204,64,4,0.0033329525031149387,,,,
17205,64,4,0.002779909875243902,,,,
17206,64,4,0.002858547493815422,,,,
17207,64,4,0.0030099048744887114,,,,
17208,64,4,0.0030251885764300823,,,,
17209,64,4,0.003065073862671852,,,,
17210,64,4,0.0024912364315241575,,,,
17211,64,4,0.0031598720233887434,,,,
17212,64,4,0.002811274491250515,,,,
17213,64,4,0.0033048316836357117,,,,
17214,64,4,0.0027457464020699263,,,,
17215,64,4,0.0027748174034059048,,,,
17216,64,4,0.00290561281144619,,,,
17217,64,4,0.0028812556993216276,,,,
17218,64,4,0.003013079520314932,,,,
17219,64,4,0.0030831422191113234,,,,
17220,64,4,0.0027385614812374115,,,,
17221,64,4,0.003250663634389639,,,,
17222,64,4,0.003164929337799549,,,,
17223,64,4,0.003172570839524269,,,,
17224,64,4,0.003142882836982608,,,,
17225,64,4,0.0026767177041620016,,,,
17226,64,4,0.003093437058851123,,,,
17227,64,4,0.0030302084051072598,,,,
17228,64,4,0.002945324406027794,,,,
17229,64,4,0.0030898756813257933,,,,
17230,64,4,0.0025710775516927242,,,,
17231,64,4,0.0026157943066209555,,,,
17232,64,4,0.002780481008812785,,,,
17233,64,4,0.002463985001668334,,,,
17234,64,4,0.0026399181224405766,,,,
17235,64,4,0.0024605635553598404,,,,
17236,64,4,0.002783004194498062,,,,
17237,64,4,0.0034286840818822384,,,,
17238,64,4,0.003124220995232463,,,,
17239,64,4,0.0030436019878834486,,,,
17240,64,4,0.00297528482042253,,,,
17241,64,4,0.0027637705206871033,,,,
17242,64,4,0.0028581074438989162,,,,
17243,64,4,0.0029921464156359434,,,,
17244,64,4,0.0024096700362861156,,,,
17245,64,4,0.002555322600528598,,,,
17246,64,4,0.002977745607495308,,,,
17247,64,4,0.0025369999930262566,,,,
17248,64,4,0.00283613707870245,,,,
17249,64,4,0.0027718187775462866,,,,
17250,64,4,0.0032552797347307205,,,,
17251,64,4,0.0028533656150102615,,,,
17252,64,4,0.002859682310372591,,,,
17253,64,4,0.0028509851545095444,,,,
17254,64,4,0.0026078298687934875,,,,
17255,64,4,0.002902049571275711,,,,
17256,64,4,0.0025803185999393463,,,,
17257,64,4,0.002720228862017393,,,,
17258,64,4,0.003045151010155678,,,,
17259,64,4,0.0027213911525905132,,,,
17260,64,4,0.0026393020525574684,,,,
17261,64,4,0.0031056939624249935,,,,
17262,64,4,0.002691056579351425,,,,
17263,64,4,0.002646586624905467,,,,
17264,64,4,0.0026038652285933495,,,,
17265,64,4,0.0026153612416237593,,,,
17266,64,4,0.003076637163758278,,,,
17267,64,4,0.002761648502200842,,,,
17268,64,4,0.0027833362109959126,,,,
17269,64,4,0.002913519274443388,,,,
17270,64,4,0.002801738679409027,,,,
17271,64,4,0.005466611590236425,,,,
17272,64,4,0.002526223659515381,,,,
17273,64,4,0.002770728198811412,,,,
17274,64,4,0.002772437408566475,,,,
17275,64,4,0.0028677850496023893,,,,
17276,64,4,0.003195200115442276,,,,
17277,64,4,0.0027200651820749044,,,,
17278,64,4,0.00282728997990489,,,,
17279,64,4,0.002998907119035721,,,,
17280,64,4,0.0029460263904184103,,,,
17281,64,4,0.0036513060331344604,,,,
17282,64,4,0.0034367244224995375,,,,
17283,64,4,0.0038082576356828213,,,,
17284,64,4,0.003050066065043211,,,,
17285,64,4,0.0034423840697854757,,,,
17286,64,4,0.0028307270258665085,,,,
17287,64,4,0.0033200602047145367,,,,
17288,64,4,0.0028913263231515884,,,,
17289,64,4,0.0029997914098203182,,,,
17290,64,4,0.0032550571486353874,,,,
17291,64,4,0.002642011968418956,,,,
17292,64,4,0.0029879282228648663,,,,
17293,64,4,0.003229845315217972,,,,
17294,64,4,0.0030065474566072226,,,,
17295,64,4,0.003685925155878067,,,,
17296,64,4,0.00350828911177814,,,,
17297,64,4,0.002910980489104986,,,,
17298,64,4,0.00278884987346828,,,,
17299,64,4,0.0034117407631129026,,,,
17300,64,4,0.0027104495093226433,,,,
17301,64,4,0.003028728999197483,,,,
17302,64,4,0.0026292724069207907,,,,
17303,64,4,0.002740712370723486,,,,
17304,64,4,0.0031184840481728315,,,,
17305,64,4,0.0026884027756750584,,,,
17306,64,4,0.002905310597270727,,,,
17307,64,4,0.002494810614734888,,,,
17308,64,4,0.0032174643129110336,,,,
17309,64,4,0.002794730942696333,,,,
17310,64,4,0.0025119762867689133,,,,
17311,64,4,0.002480489667505026,,,,
17312,64,4,0.0027856072410941124,,,,
17313,64,4,0.0024633225984871387,,,,
17314,64,4,0.0025818967260420322,,,,
17315,64,4,0.002335003577172756,,,,
17316,64,4,0.0025264983996748924,,,,
17317,64,4,0.002600308507680893,,,,
17318,64,4,0.002679096069186926,,,,
17319,64,4,0.0030681402422487736,,,,
17320,64,4,0.0025488026440143585,,,,
17321,64,4,0.0027828230522572994,,,,
17322,64,4,0.0026069614104926586,,,,
17323,64,4,0.0031789764761924744,,,,
17324,64,4,0.002768454607576132,,,,
17325,64,4,0.0030552204698324203,,,,
17326,64,4,0.002738522831350565,,,,
17327,64,4,0.0027126017957925797,,,,
17328,64,4,0.0025922178756445646,,,,
17329,64,4,0.0035178381949663162,,,,
17330,64,4,0.0032405401580035686,,,,
17331,64,4,0.0027020126581192017,,,,
17332,64,4,0.002926064422354102,,,,
17333,64,4,0.0034604803659021854,,,,
17334,64,4,0.0028314627707004547,,,,
17335,64,4,0.0032508396543562412,,,,
17336,64,4,0.0026553068310022354,,,,
17337,64,4,0.0037860400043427944,,,,
17338,64,4,0.0030952277593314648,,,,
17339,64,4,0.0038562598638236523,,,,
17340,64,4,0.003366056364029646,,,,
17341,64,4,0.0028108502738177776,,,,
17342,64,4,0.0027630783151835203,,,,
17343,64,4,0.003809213638305664,,,,
17344,64,4,0.0031753480434417725,,,,
17345,64,4,0.003406408242881298,,,,
17346,64,4,0.0028902997728437185,,,,
17347,64,4,0.0025510177947580814,,,,
17348,64,4,0.0031441557221114635,,,,
17349,64,4,0.003019598312675953,,,,
17350,64,4,0.0034016426652669907,,,,
17351,64,4,0.002468327758833766,,,,
17352,64,4,0.0037015508860349655,,,,
17353,64,4,0.002415876602753997,,,,
17354,64,4,0.0028070672415196896,,,,
17355,64,4,0.0031091375276446342,,,,
17356,64,4,0.0029971718322485685,,,,
17357,64,4,0.0030617748852819204,,,,
17358,64,4,0.0027144625782966614,,,,
17359,64,4,0.0035440530627965927,,,,
17360,64,4,0.002837474923580885,,,,
17361,64,4,0.0026274826377630234,,,,
17362,64,4,0.0033253151923418045,,,,
17363,64,4,0.0030013397336006165,,,,
17364,64,4,0.0029217926785349846,,,,
17365,64,4,0.0027037574909627438,,,,
17366,64,4,0.00324695510789752,,,,
17367,64,4,0.0024266503751277924,,,,
17368,64,4,0.0027396995574235916,,,,
17369,64,4,0.0027338461950421333,,,,
17370,64,4,0.003018540097400546,,,,
17371,64,4,0.002398700686171651,,,,
17372,64,4,0.0025155246257781982,,,,
17373,64,4,0.0022987525444477797,,,,
17374,64,4,0.0028142163064330816,,,,
17375,64,4,0.002583267167210579,,,,
17376,64,4,0.0028619307558983564,,,,
17377,64,4,0.0024178035091608763,,,,
17378,64,4,0.003287607803940773,,,,
17379,64,4,0.0029761556070297956,,,,
17380,64,4,0.0028285279404371977,,,,
17381,64,4,0.0028229597955942154,,,,
17382,64,4,0.0027695316821336746,,,,
17383,64,4,0.0024039773270487785,,,,
17384,64,4,0.0023065076675266027,,,,
17385,64,4,0.003449684474617243,,,,
17386,64,4,0.0028685997240245342,,,,
17387,64,4,0.003073235973715782,,,,
17388,64,4,0.003139009466394782,,,,
17389,64,4,0.0027192491106688976,,,,
17390,64,4,0.0022708892356604338,,,,
17391,64,4,0.002953107235953212,,,,
17392,64,4,0.0028116758912801743,,,,
17393,64,4,0.0028173639439046383,,,,
17394,64,4,0.002701657824218273,,,,
17395,64,4,0.0035633202642202377,,,,
17396,64,4,0.002526406664401293,,,,
17397,64,4,0.002673635259270668,,,,
17398,64,4,0.002746107056736946,,,,
17399,64,4,0.002938999328762293,,,,
17400,64,4,0.0028844026383012533,,,,
17401,64,4,0.002489820821210742,,,,
17402,64,4,0.002150999614968896,,,,
17403,64,4,0.002762281335890293,,,,
17404,64,4,0.002404099330306053,,,,
17405,64,4,0.0025770922657102346,,,,
17406,64,4,0.0029502231627702713,,,,
17407,64,4,0.0026063164696097374,,,,
17408,64,4,0.002236364409327507,,,,
17409,64,4,0.0031508514657616615,,,,
17410,64,4,0.0024814687203615904,,,,
17411,64,4,0.0028690132312476635,,,,
17412,64,4,0.002716728951781988,,,,
17413,64,4,0.0030948431231081486,,,,
17414,64,4,0.0024880655109882355,,,,
17415,64,4,0.002184429205954075,,,,
17416,64,4,0.003089968115091324,,,,
17417,64,4,0.0031926173251122236,,,,
17418,64,4,0.0027691402938216925,,,,
17419,64,4,0.0029466066043823957,,,,
17420,64,4,0.0023943744599819183,,,,
17421,64,4,0.0025760983116924763,,,,
17422,64,4,0.0031497159507125616,,,,
17423,64,4,0.003472857177257538,,,,
17424,64,4,0.0030741409864276648,,,,
17425,64,4,0.002598598599433899,,,,
17426,64,4,0.002572166733443737,,,,
17427,64,4,0.002698478288948536,,,,
17428,64,4,0.00272643705829978,,,,
17429,64,4,0.002520805224776268,,,,
17430,64,4,0.0028671082109212875,,,,
17431,64,4,0.0026022763922810555,,,,
17432,64,4,0.003022417426109314,,,,
17433,64,4,0.002284154063090682,,,,
17434,64,4,0.002653522416949272,,,,
17435,64,4,0.002890565898269415,,,,
17436,64,4,0.0026109195314347744,,,,
17437,64,4,0.0024161837063729763,,,,
17438,64,4,0.002865155693143606,,,,
17439,64,4,0.0031022904440760612,,,,
17440,64,4,0.0029552411288022995,,,,
17441,64,4,0.0025762603618204594,,,,
17442,64,4,0.004055908881127834,,,,
17443,64,4,0.0025643466506153345,,,,
17444,64,4,0.002647590357810259,,,,
17445,64,4,0.002824503695592284,,,,
17446,64,4,0.0026518646627664566,,,,
17447,64,4,0.002650100737810135,,,,
17448,64,4,0.0023586999159306288,,,,
17449,64,4,0.0026792227290570736,,,,
17450,64,4,0.002656075870618224,,,,
17451,64,4,0.0030126869678497314,,,,
17452,64,4,0.002456312533468008,,,,
17453,64,4,0.0030260058119893074,,,,
17454,64,4,0.002462633652612567,,,,
17455,64,4,0.002526208758354187,,,,
17456,64,4,0.002416076837107539,,,,
17457,64,4,0.0028956495225429535,,,,
17458,64,4,0.0028524664230644703,,,,
17459,64,4,0.0025645343121141195,,,,
17460,64,4,0.0026521971449255943,,,,
17461,64,4,0.0025936514139175415,,,,
17462,64,4,0.0028336818795651197,,,,
17463,64,4,0.0023414939641952515,,,,
17464,64,4,0.002933996496722102,,,,
17465,64,4,0.002384406281635165,,,,
17466,64,4,0.0028044707141816616,,,,
17467,64,4,0.0022019227035343647,,,,
17468,64,4,0.002440681681036949,,,,
17469,64,4,0.002884905319660902,,,,
17470,64,4,0.0023493582848459482,,,,
17471,64,4,0.0027126241475343704,,,,
17472,64,4,0.002689921762794256,,,,
17473,64,4,0.002261074259877205,,,,
17474,64,4,0.002692992566153407,,,,
17475,64,4,0.0029726435896009207,,,,
17476,64,4,0.002441711723804474,,,,
17477,64,4,0.0028312676586210728,,,,
17478,64,4,0.0027008424513041973,,,,
17479,64,4,0.002711104229092598,,,,
17480,64,4,0.0024040918797254562,,,,
17481,64,4,0.002636464312672615,,,,
17482,64,4,0.0038440371863543987,,,,
17483,64,4,0.0026152252685278654,,,,
17484,64,4,0.002616045530885458,,,,
17485,64,4,0.002278650179505348,,,,
17486,64,4,0.002378185046836734,,,,
17487,64,4,0.002938995137810707,,,,
17488,64,4,0.0030150178354233503,,,,
17489,64,4,0.002468917053192854,,,,
17490,64,4,0.002735926304012537,,,,
17491,64,4,0.0024971705861389637,,,,
17492,64,4,0.0031000450253486633,,,,
17493,64,4,0.0028647116851061583,,,,
17494,64,4,0.002525102812796831,,,,
17495,64,4,0.0029690791852772236,,,,
17496,64,4,0.002810884267091751,,,,
17497,64,4,0.0027303476817905903,,,,
17498,64,4,0.002563521033152938,,,,
17499,64,4,0.002660611178725958,,,,
17500,64,4,0.0030491123907268047,,,,
17501,64,4,0.002824474824592471,,,,
17502,64,4,0.0029228851199150085,,,,
17503,64,4,0.0030430236365646124,,,,
17504,64,4,0.0030518737621605396,,,,
17505,64,4,0.002873143646866083,,,,
17506,64,4,0.0027821208350360394,,,,
17507,64,4,0.0022708438336849213,,,,
17508,64,4,0.0028866156935691833,,,,
17509,64,4,0.0027919213753193617,,,,
17510,64,4,0.0036181805189698935,,,,
17511,64,4,0.002798789646476507,,,,
17512,64,4,0.003066438715904951,,,,
17513,64,4,0.002352755516767502,,,,
17514,64,4,0.0031865276396274567,,,,
17515,64,4,0.0027020140551030636,,,,
17516,64,4,0.003428037278354168,,,,
17517,64,4,0.0024317693896591663,,,,
17518,64,4,0.002425998914986849,,,,
17519,64,4,0.002565781120210886,,,,
17520,64,4,0.002696429146453738,,,,
17521,64,4,0.002906560432165861,,,,
17522,64,4,0.002228766679763794,,,,
17523,64,4,0.0025946907699108124,,,,
17524,64,4,0.0028863996267318726,,,,
17525,64,4,0.0023662138264626265,,,,
17526,64,4,0.0027077654376626015,,,,
17527,64,4,0.0028961533680558205,,,,
17528,64,4,0.0022264597937464714,,,,
17529,64,4,0.002339830156415701,,,,
17530,64,4,0.0034620161168277264,,,,
17531,64,4,0.002975120674818754,,,,
17532,64,4,0.0027013930957764387,,,,
17533,64,4,0.00263901986181736,,,,
17534,64,4,0.0024394800420850515,,,,
17535,64,4,0.002536570653319359,,,,
17536,64,4,0.0023223632015287876,,,,
17537,64,4,0.00241498788818717,,,,
17538,64,4,0.002521839924156666,,,,
17539,64,4,0.0028079506009817123,,,,
17540,64,4,0.0027353516779839993,,,,
17541,64,4,0.0029284129850566387,,,,
17542,64,4,0.00302079226821661,,,,
17543,64,4,0.002757793990895152,,,,
17544,64,4,0.002524161711335182,,,,
17545,64,4,0.002908531576395035,,,,
17546,64,4,0.0030174392741173506,,,,
17547,64,4,0.0028112768195569515,,,,
17548,64,4,0.002842012792825699,,,,
17549,64,4,0.0029248795472085476,,,,
17550,64,4,0.0023378622718155384,,,,
17551,64,4,0.003417816711589694,,,,
17552,64,4,0.0027998134028166533,,,,
17553,64,4,0.002470203209668398,,,,
17554,64,4,0.003428938565775752,,,,
17555,64,4,0.002248163800686598,,,,
17556,64,4,0.0028843767940998077,,,,
17557,64,4,0.0028750549536198378,,,,
17558,64,4,0.003013006877154112,,,,
17559,64,4,0.0026919711381196976,,,,
17560,64,4,0.0025306036695837975,,,,
17561,64,4,0.0029788389801979065,,,,
17562,64,4,0.002738379640504718,,,,
17563,64,4,0.0027290857397019863,,,,
17564,64,4,0.0023014177568256855,,,,
17565,64,4,0.0028358984272927046,,,,
17566,64,4,0.0023732942063361406,,,,
17567,64,4,0.002693701535463333,,,,
17568,64,4,0.0027424513828009367,,,,
17569,64,4,0.0026039108633995056,,,,
17570,64,4,0.0025687450543045998,,,,
17571,64,4,0.0025540986098349094,,,,
17572,64,4,0.0025051110424101353,,,,
17573,64,4,0.0028215148486196995,,,,
17574,64,4,0.003452451666817069,,,,
17575,64,4,0.002359006553888321,,,,
17576,64,4,0.0023917406797409058,,,,
17577,64,4,0.0028186654672026634,,,,
17578,64,4,0.0029065306298434734,,,,
17579,64,4,0.002276256214827299,,,,
17580,64,4,0.0023871741723269224,,,,
17581,64,4,0.0025359876453876495,,,,
17582,64,4,0.0025108479894697666,,,,
17583,64,4,0.002852429635822773,,,,
17584,64,4,0.002714581321924925,,,,
17585,64,4,0.002489045960828662,,,,
17586,64,4,0.003236518008634448,,,,
17587,64,4,0.0025189665611833334,,,,
17588,64,4,0.0029274960979819298,,,,
17589,64,4,0.002784519223496318,,,,
17590,64,4,0.003275536699220538,,,,
17591,64,4,0.002386758103966713,,,,
17592,64,4,0.0029610719066113234,,,,
17593,64,4,0.002923470688983798,,,,
17594,64,4,0.004651847295463085,,,,
17595,64,4,0.0031396462582051754,,,,
17596,64,4,0.003470321884378791,,,,
17597,64,4,0.002911648480221629,,,,
17598,64,4,0.0030145663768053055,,,,
17599,64,4,0.002954347524791956,,,,
17600,64,4,0.003480062587186694,,,,
17601,64,4,0.002446805825456977,,,,
17602,64,4,0.0028385655023157597,,,,
17603,64,4,0.0029849326238036156,,,,
17604,64,4,0.0028599135112017393,,,,
17605,64,4,0.002808617427945137,,,,
17606,64,4,0.0026201799046248198,,,,
17607,64,4,0.0031042422633618116,,,,
17608,64,4,0.0023590154014527798,,,,
17609,64,4,0.0026656463742256165,,,,
17610,64,4,0.002230225130915642,,,,
17611,64,4,0.002530686790123582,,,,
17612,64,4,0.0025176843628287315,,,,
17613,64,4,0.002727600745856762,,,,
17614,64,4,0.0025709508918225765,,,,
17615,64,4,0.002872314304113388,,,,
17616,64,4,0.0031212023459374905,,,,
17617,64,4,0.0026168362237513065,,,,
17618,64,4,0.0027587737422436476,,,,
17619,64,4,0.002825321163982153,,,,
17620,64,4,0.0031449904199689627,,,,
17621,64,4,0.003026384860277176,,,,
17622,64,4,0.0026517536025494337,,,,
17623,64,4,0.0029166284948587418,,,,
17624,64,4,0.002460841089487076,,,,
17625,64,4,0.0028060830663889647,,,,
17626,64,4,0.0026859110221266747,,,,
17627,64,4,0.0021240408532321453,,,,
17628,64,4,0.00273151695728302,,,,
17629,64,4,0.002404669299721718,,,,
17630,64,4,0.0026570106856524944,,,,
17631,64,4,0.0028378027491271496,,,,
17632,64,4,0.002962828380987048,,,,
17633,64,4,0.002537254011258483,,,,
17634,64,4,0.002701065270230174,,,,
17635,64,4,0.002960862359032035,,,,
17636,64,4,0.0027714609168469906,,,,
17637,64,4,0.00262193544767797,,,,
17638,64,4,0.0030384003184735775,,,,
17639,64,4,0.002583323512226343,,,,
17640,64,4,0.002507112454622984,,,,
17641,64,4,0.002979939803481102,,,,
17642,64,4,0.002484471071511507,,,,
17643,64,4,0.003149649128317833,,,,
17644,64,4,0.0026043234393000603,,,,
17645,64,4,0.0028266001027077436,,,,
17646,64,4,0.002688043750822544,,,,
17647,64,4,0.002595727564767003,,,,
17648,64,4,0.002965124323964119,,,,
17649,64,4,0.00283428723923862,,,,
17650,64,4,0.0032468969002366066,,,,
17651,64,4,0.0026925113052129745,,,,
17652,64,4,0.002877267077565193,,,,
17653,64,4,0.002521587535738945,,,,
17654,64,4,0.003236914984881878,,,,
17655,64,4,0.0033275228925049305,,,,
17656,64,4,0.0027168355882167816,,,,
17657,64,4,0.0023491426836699247,,,,
17658,64,4,0.002594830933958292,,,,
17659,64,4,0.002881284337490797,,,,
17660,64,4,0.003110526828095317,,,,
17661,64,4,0.0030112038366496563,,,,
17662,64,4,0.002437593648210168,,,,
17663,64,4,0.0026889245491474867,,,,
17664,64,4,0.002194104716181755,,,,
17665,64,4,0.0022919243201613426,,,,
17666,64,4,0.002672869246453047,,,,
17667,64,4,0.003133803606033325,,,,
17668,64,4,0.0025817169807851315,,,,
17669,64,4,0.002270603086799383,,,,
17670,64,4,0.0030504409223794937,,,,
17671,64,4,0.002743123099207878,,,,
17672,64,4,0.0025094759184867144,,,,
17673,64,4,0.002652641385793686,,,,
17674,64,4,0.0025541395880281925,,,,
17675,64,4,0.0027487268671393394,,,,
17676,64,4,0.0032542957924306393,,,,
17677,64,4,0.002836602507159114,,,,
17678,64,4,0.003638988360762596,,,,
17679,64,4,0.003482276573777199,,,,
17680,64,4,0.0033216127194464207,,,,
17681,64,4,0.003055649809539318,,,,
17682,64,4,0.0025734412483870983,,,,
17683,64,4,0.0034839294385164976,,,,
17684,64,4,0.0035756693687289953,,,,
17685,64,4,0.0028903603088110685,,,,
17686,64,4,0.003449944546446204,,,,
17687,64,4,0.0027042520232498646,,,,
17688,64,4,0.0028857931029051542,,,,
17689,64,4,0.0028615817427635193,,,,
17690,64,4,0.002617955906316638,,,,
17691,64,4,0.0026645453181117773,,,,
17692,64,4,0.002824949799105525,,,,
17693,64,4,0.002611306495964527,,,,
17694,64,4,0.0030066329054534435,,,,
17695,64,4,0.0026733744889497757,,,,
17696,64,4,0.0026936796493828297,,,,
17697,64,4,0.0030079572461545467,,,,
17698,64,4,0.0034459864255040884,,,,
17699,64,4,0.003177572740241885,,,,
17700,64,4,0.0023159021511673927,,,,
17701,64,4,0.003240433521568775,,,,
17702,64,4,0.00253823259845376,,,,
17703,64,4,0.0026234700344502926,,,,
17704,64,4,0.0025739744305610657,,,,
17705,64,4,0.0034186262637376785,,,,
17706,64,4,0.0027727715205401182,,,,
17707,64,4,0.0026977243833243847,,,,
17708,64,4,0.0028323736041784286,,,,
17709,64,4,0.0026335695292800665,,,,
17710,64,4,0.003078365232795477,,,,
17711,64,4,0.0026729393284767866,,,,
17712,64,4,0.003279829164966941,,,,
17713,64,4,0.0028616939671337605,,,,
17714,64,4,0.002620070008561015,,,,
17715,64,4,0.002698564436286688,,,,
17716,64,4,0.002711219247430563,,,,
17717,64,4,0.002874241676181555,,,,
17718,64,4,0.002822818234562874,,,,
17719,64,4,0.002935052616521716,,,,
17720,64,4,0.0026203289162367582,,,,
17721,64,4,0.002753987442702055,,,,
17722,64,4,0.0027214984875172377,,,,
17723,64,4,0.0033637695014476776,,,,
17724,64,4,0.002428411040455103,,,,
17725,64,4,0.002508706646040082,,,,
17726,64,4,0.00248334975913167,,,,
17727,64,4,0.002787771401926875,,,,
17728,64,4,0.0027758812066167593,,,,
17729,64,4,0.0026621806900948286,,,,
17730,64,4,0.003401041030883789,,,,
17731,64,4,0.002874168334528804,,,,
17732,64,4,0.0029644127935171127,,,,
17733,64,4,0.003215163480490446,,,,
17734,64,4,0.002516035223379731,,,,
17735,64,4,0.002556944964453578,,,,
17736,64,4,0.002497900277376175,,,,
17737,64,4,0.0031117238104343414,,,,
17738,64,4,0.002639859914779663,,,,
17739,64,4,0.0029231577645987272,,,,
17740,64,4,0.0031623428221791983,,,,
17741,64,4,0.003005578648298979,,,,
17742,64,4,0.003912556916475296,,,,
17743,64,4,0.003023673314601183,,,,
17744,64,4,0.002446135738864541,,,,
17745,64,4,0.0025132682640105486,,,,
17746,64,4,0.00261781457811594,,,,
17747,64,4,0.002485410077497363,,,,
17748,64,4,0.002616310026496649,,,,
17749,64,4,0.002688388805836439,,,,
17750,64,4,0.003006660146638751,,,,
17751,64,4,0.0034366294275969267,,,,
17752,64,4,0.0029447246342897415,,,,
17753,64,4,0.003143319394439459,,,,
17754,64,4,0.0029077723156660795,,,,
17755,64,4,0.0024437035899609327,,,,
17756,64,4,0.002710792701691389,,,,
17757,64,4,0.0024675498716533184,,,,
17758,64,4,0.002772043226286769,,,,
17759,64,4,0.002367621287703514,,,,
17760,64,4,0.0023419433273375034,,,,
17761,64,4,0.002505571348592639,,,,
17762,64,4,0.0028332266956567764,,,,
17763,64,4,0.0033796231728047132,,,,
17764,64,4,0.002563538495451212,,,,
17765,64,4,0.0026266658678650856,,,,
17766,64,4,0.0026860299985855818,,,,
17767,64,4,0.0027464970480650663,,,,
17768,64,4,0.0028235656209290028,,,,
17769,64,4,0.0027603362686932087,,,,
17770,64,4,0.0031474102288484573,,,,
17771,64,4,0.0027038247790187597,,,,
17772,64,4,0.0027788286097347736,,,,
17773,64,4,0.0031957223545759916,,,,
17774,64,4,0.0037037418223917484,,,,
17775,64,4,0.0026719756424427032,,,,
17776,64,4,0.0034952457062900066,,,,
17777,64,4,0.0033880749251693487,,,,
17778,64,4,0.0036582518368959427,,,,
17779,64,4,0.002941067796200514,,,,
17780,64,4,0.002840809291228652,,,,
17781,64,4,0.0027304149698466063,,,,
17782,64,4,0.0033049266785383224,,,,
17783,64,4,0.0030682245269417763,,,,
17784,64,4,0.002949093235656619,,,,
17785,64,4,0.0025297258980572224,,,,
17786,64,4,0.0033620274625718594,,,,
17787,64,4,0.0023108331952244043,,,,
17788,64,4,0.0027469154447317123,,,,
17789,64,4,0.002428871113806963,,,,
17790,64,4,0.002612990327179432,,,,
17791,64,4,0.00251341937109828,,,,
17792,64,4,0.002724436577409506,,,,
17793,64,4,0.0025999322533607483,,,,
17794,64,4,0.00225689634680748,,,,
17795,64,4,0.002352401614189148,,,,
17796,64,4,0.0025401536840945482,,,,
17797,64,4,0.0029330141842365265,,,,
17798,64,4,0.002884967252612114,,,,
17799,64,4,0.0031522612553089857,,,,
17800,64,4,0.002906098961830139,,,,
17801,64,4,0.0029638870619237423,,,,
17802,64,4,0.00272294576279819,,,,
17803,64,4,0.0034114241134375334,,,,
17804,64,4,0.0023945241700857878,,,,
17805,64,4,0.003099216613918543,,,,
17806,64,4,0.002788509940728545,,,,
17807,64,4,0.0029965031426399946,,,,
17808,64,4,0.002781651448458433,,,,
17809,64,4,0.002624654211103916,,,,
17810,64,4,0.003014759160578251,,,,
17811,64,4,0.002848975360393524,,,,
17812,64,4,0.0030172381084412336,,,,
17813,64,4,0.0027192586567252874,,,,
17814,64,4,0.0029755006544291973,,,,
17815,64,4,0.002997246105223894,,,,
17816,64,4,0.0029913615435361862,,,,
17817,64,4,0.0026133223436772823,,,,
17818,64,4,0.0033369073644280434,,,,
17819,64,4,0.0030458462424576283,,,,
17820,64,4,0.0032666707411408424,,,,
17821,64,4,0.0033561442978680134,,,,
17822,64,4,0.002808833494782448,,,,
17823,64,4,0.0029018758796155453,,,,
17824,64,4,0.0029087557923048735,,,,
17825,64,4,0.002631609095260501,,,,
17826,64,4,0.002859958214685321,,,,
17827,64,4,0.002560866065323353,,,,
17828,64,4,0.0027022440917789936,,,,
17829,64,4,0.0036144028417766094,,,,
17830,64,4,0.002973337424919009,,,,
17831,64,4,0.0038787568919360638,,,,
17832,64,4,0.003293423680588603,,,,
17833,64,4,0.0033486250322312117,,,,
17834,64,4,0.0025046481750905514,,,,
17835,64,4,0.0026219412684440613,,,,
17836,64,4,0.00298997201025486,,,,
17837,64,4,0.0030592873226851225,,,,
17838,64,4,0.002744304481893778,,,,
17839,64,4,0.003170963376760483,,,,
17840,64,4,0.003056751564145088,,,,
17841,64,4,0.0028599638026207685,,,,
17842,64,4,0.0022770590148866177,,,,
17843,64,4,0.003039170755073428,,,,
17844,64,4,0.0024913079105317593,,,,
17845,64,4,0.0027154763229191303,,,,
17846,64,4,0.002912027295678854,,,,
17847,64,4,0.0028019524179399014,,,,
17848,64,4,0.003150851232931018,,,,
17849,64,4,0.002840534783899784,,,,
17850,64,4,0.0029111967887729406,,,,
17851,64,4,0.002840844914317131,,,,
17852,64,4,0.0030608437955379486,,,,
17853,64,4,0.0034901935141533613,,,,
17854,64,4,0.006835403852164745,,,,
17855,64,4,0.0033314917236566544,,,,
17856,64,4,0.0038099903613328934,,,,
17857,64,4,0.002961725927889347,,,,
17858,64,4,0.002996718045324087,,,,
17859,64,4,0.003221194026991725,,,,
17860,64,4,0.003354126587510109,,,,
17861,64,4,0.002719439333304763,,,,
17862,64,4,0.0034097093157470226,,,,
17863,64,4,0.0034578884951770306,,,,
17864,64,4,0.0028297132812440395,,,,
17865,64,4,0.0029361117631196976,,,,
17866,64,4,0.002992692869156599,,,,
17867,64,4,0.0028300555422902107,,,,
17868,64,4,0.0036037107929587364,,,,
17869,64,4,0.003152028191834688,,,,
17870,64,4,0.003175192279741168,,,,
17871,64,4,0.0027698827907443047,,,,
17872,64,4,0.003290388733148575,,,,
17873,64,4,0.0027617800515145063,,,,
17874,64,4,0.002984288614243269,,,,
17875,64,4,0.00363893061876297,,,,
17876,64,4,0.0029960544779896736,,,,
17877,64,4,0.0029603641014546156,,,,
17878,64,4,0.00284361164085567,,,,
17879,64,4,0.003145497990772128,,,,
17880,64,4,0.0033432673662900925,,,,
17881,64,4,0.0028956772293895483,,,,
17882,64,4,0.003829874796792865,,,,
17883,64,4,0.002861234825104475,,,,
17884,64,4,0.0027058757841587067,,,,
17885,64,4,0.0025622532702982426,,,,
17886,64,4,0.0027417056262493134,,,,
17887,64,4,0.002746816724538803,,,,
17888,64,4,0.002991449786350131,,,,
17889,64,4,0.003424588358029723,,,,
17890,64,4,0.002650547306984663,,,,
17891,64,4,0.002965548075735569,,,,
17892,64,4,0.0029675771947950125,,,,
17893,64,4,0.003235097974538803,,,,
17894,64,4,0.002541754860430956,,,,
17895,64,4,0.002599897561594844,,,,
17896,64,4,0.002453384455293417,,,,
17897,64,4,0.0033961113076657057,,,,
17898,64,4,0.0027744565159082413,,,,
17899,64,4,0.003172120079398155,,,,
17900,64,4,0.002733929781243205,,,,
17901,64,4,0.0025853533297777176,,,,
17902,64,4,0.0026956850197166204,,,,
17903,64,4,0.003207752015441656,,,,
17904,64,4,0.003218331839889288,,,,
17905,64,4,0.002892696764320135,,,,
17906,64,4,0.003099653869867325,,,,
17907,64,4,0.002932914299890399,,,,
17908,64,4,0.002491476945579052,,,,
17909,64,4,0.003638296853750944,,,,
17910,64,4,0.003386967582628131,,,,
17911,64,4,0.0026758816093206406,,,,
17912,64,4,0.0034387875348329544,,,,
17913,64,4,0.002838822780176997,,,,
17914,64,4,0.0025775914546102285,,,,
17915,64,4,0.0028381876181811094,,,,
17916,64,4,0.003347211517393589,,,,
17917,64,4,0.002710038796067238,,,,
17918,64,4,0.0031551148276776075,,,,
17919,64,4,0.003276464296504855,,,,
17920,64,4,0.002654341049492359,,,,
17921,64,4,0.0024710032157599926,,,,
17922,64,4,0.0023819587659090757,,,,
17923,64,4,0.0029680568259209394,,,,
17924,64,4,0.002813272876664996,,,,
17925,64,4,0.0024298219941556454,,,,
17926,64,4,0.003121261950582266,,,,
17927,64,4,0.0032814922742545605,,,,
17928,64,4,0.002803974552080035,,,,
17929,64,4,0.003056542482227087,,,,
17930,64,4,0.0033158529549837112,,,,
17931,64,4,0.002788449637591839,,,,
17932,64,4,0.0032191879581660032,,,,
17933,64,4,0.0030495813116431236,,,,
17934,64,4,0.002734207548201084,,,,
17935,64,4,0.0026811654679477215,,,,
17936,64,4,0.0030612549744546413,,,,
17937,64,4,0.0025828604120761156,,,,
17938,64,4,0.0024858720134943724,,,,
17939,64,4,0.002854623831808567,,,,
17940,64,4,0.0026314042042940855,,,,
17941,64,4,0.002621020656079054,,,,
17942,64,4,0.0032774778082966805,,,,
17943,64,4,0.0022009899839758873,,,,
17944,64,4,0.0023857515770941973,,,,
17945,64,4,0.0025891184341162443,,,,
17946,64,4,0.0027460474520921707,,,,
17947,64,4,0.0029354465659707785,,,,
17948,64,4,0.0027185026556253433,,,,
17949,64,4,0.0026016361080110073,,,,
17950,64,4,0.002835119143128395,,,,
17951,64,4,0.0028532701544463634,,,,
17952,64,4,0.0030422243289649487,,,,
17953,64,4,0.002637584460899234,,,,
17954,64,4,0.002608383074402809,,,,
17955,64,4,0.0030274128075689077,,,,
17956,64,4,0.0033753071911633015,,,,
17957,64,4,0.0022611860185861588,,,,
17958,64,4,0.0032266215421259403,,,,
17959,64,4,0.0029777332674711943,,,,
17960,64,4,0.002442455617710948,,,,
17961,64,4,0.0028632469475269318,,,,
17962,64,4,0.0027804248966276646,,,,
17963,64,4,0.002831879071891308,,,,
17964,64,4,0.002603599801659584,,,,
17965,64,4,0.002648200374096632,,,,
17966,64,4,0.002521456452086568,,,,
17967,64,4,0.0030498269479721785,,,,
17968,64,4,0.0025942877400666475,,,,
17969,64,4,0.0023712157271802425,,,,
17970,64,4,0.0031098537147045135,,,,
17971,64,4,0.0023917292710393667,,,,
17972,64,4,0.0025463735219091177,,,,
17973,64,4,0.002656353171914816,,,,
17974,64,4,0.002733854344114661,,,,
17975,64,4,0.002505830954760313,,,,
17976,64,4,0.0023641043808311224,,,,
17977,64,4,0.003222170053049922,,,,
17978,64,4,0.002622749423608184,,,,
17979,64,4,0.0023664941545575857,,,,
17980,64,4,0.0030941632576286793,,,,
17981,64,4,0.002689934801310301,,,,
17982,64,4,0.0031236072536557913,,,,
17983,64,4,0.0023890305310487747,,,,
17984,64,4,0.0026467619463801384,,,,
17985,64,4,0.002788230311125517,,,,
17986,64,4,0.0023012820165604353,,,,
17987,64,4,0.0035400064662098885,,,,
17988,64,4,0.0022882341872900724,,,,
17989,64,4,0.0027014005463570356,,,,
17990,64,4,0.002664577914401889,,,,
17991,64,4,0.003203636733815074,,,,
17992,64,4,0.0029174964874982834,,,,
17993,64,4,0.00255196332000196,,,,
17994,64,4,0.0024120344314724207,,,,
17995,64,4,0.0020625002216547728,,,,
17996,64,4,0.002539603039622307,,,,
17997,64,4,0.0028543993830680847,,,,
17998,64,4,0.0025938730686903,,,,
17999,64,4,0.002422753721475601,,,,
18000,64,4,0.0033528520725667477,,0.006692734408251783,0.8511710348461697,23.179366356868083
18001,64,4,0.002504939679056406,,,,
18002,64,4,0.0025762657169252634,,,,
18003,64,4,0.002835683524608612,,,,
18004,64,4,0.002977666212245822,,,,
18005,64,4,0.003191908821463585,,,,
18006,64,4,0.0026076703798025846,,,,
18007,64,4,0.0026171491481363773,,,,
18008,64,4,0.0026857275515794754,,,,
18009,64,4,0.002542579546570778,,,,
18010,64,4,0.003100646659731865,,,,
18011,64,4,0.0032576555386185646,,,,
18012,64,4,0.0033750729635357857,,,,
18013,64,4,0.002861297456547618,,,,
18014,64,4,0.002757392358034849,,,,
18015,64,4,0.002705030143260956,,,,
18016,64,4,0.002718341303989291,,,,
18017,64,4,0.002791448961943388,,,,
18018,64,4,0.0026561503764241934,,,,
18019,64,4,0.002668894361704588,,,,
18020,64,4,0.0029626856558024883,,,,
18021,64,4,0.003141264896839857,,,,
18022,64,4,0.0025031138211488724,,,,
18023,64,4,0.0026279971934854984,,,,
18024,64,4,0.0028368490748107433,,,,
18025,64,4,0.002536268439143896,,,,
18026,64,4,0.0023242798633873463,,,,
18027,64,4,0.002532914048060775,,,,
18028,64,4,0.0024450484197586775,,,,
18029,64,4,0.0025111909490078688,,,,
18030,64,4,0.0023457948118448257,,,,
18031,64,4,0.0021808044984936714,,,,
18032,64,4,0.0027023260481655598,,,,
18033,64,4,0.0029262490570545197,,,,
18034,64,4,0.002395625226199627,,,,
18035,64,4,0.0021553800906986,,,,
18036,64,4,0.0030752653256058693,,,,
18037,64,4,0.0025781914591789246,,,,
18038,64,4,0.0027911141514778137,,,,
18039,64,4,0.002522910013794899,,,,
18040,64,4,0.0026276390999555588,,,,
18041,64,4,0.002911703195422888,,,,
18042,64,4,0.002675422001630068,,,,
18043,64,4,0.0024126064963638783,,,,
18044,64,4,0.002560035325586796,,,,
18045,64,4,0.0026719477027654648,,,,
18046,64,4,0.002810763893648982,,,,
18047,64,4,0.003079324960708618,,,,
18048,64,4,0.002852198202162981,,,,
18049,64,4,0.0026581212878227234,,,,
18050,64,4,0.0025560096837580204,,,,
18051,64,4,0.002336380770429969,,,,
18052,64,4,0.0028835684061050415,,,,
18053,64,4,0.0029171789065003395,,,,
18054,64,4,0.0026927487924695015,,,,
18055,64,4,0.002738943323493004,,,,
18056,64,4,0.0026797307655215263,,,,
18057,64,4,0.002733380300924182,,,,
18058,64,4,0.0028071883134543896,,,,
18059,64,4,0.0026898602955043316,,,,
18060,64,4,0.0025599426589906216,,,,
18061,64,4,0.003284343983978033,,,,
18062,64,4,0.0029754377901554108,,,,
18063,64,4,0.0031164120882749557,,,,
18064,64,4,0.0028790044598281384,,,,
18065,64,4,0.0027282005175948143,,,,
18066,64,4,0.0030481598805636168,,,,
18067,64,4,0.002923887223005295,,,,
18068,64,4,0.0027376110665500164,,,,
18069,64,4,0.0025651364121586084,,,,
18070,64,4,0.0026487447321414948,,,,
18071,64,4,0.0026762783527374268,,,,
18072,64,4,0.0027813713531941175,,,,
18073,64,4,0.0027362024411559105,,,,
18074,64,4,0.002900283318012953,,,,
18075,64,4,0.002337818033993244,,,,
18076,64,4,0.0027884184382855892,,,,
18077,64,4,0.0028238147497177124,,,,
18078,64,4,0.0027910973876714706,,,,
18079,64,4,0.002763911848887801,,,,
18080,64,4,0.002680410398170352,,,,
18081,64,4,0.0037321369163691998,,,,
18082,64,4,0.0021970882080495358,,,,
18083,64,4,0.003006697166711092,,,,
18084,64,4,0.0032298013102263212,,,,
18085,64,4,0.002308806637302041,,,,
18086,64,4,0.002837933599948883,,,,
18087,64,4,0.003021013457328081,,,,
18088,64,4,0.002718794159591198,,,,
18089,64,4,0.0023221641313284636,,,,
18090,64,4,0.0028775313403457403,,,,
18091,64,4,0.00282590975984931,,,,
18092,64,4,0.0024975768756121397,,,,
18093,64,4,0.0029969168826937675,,,,
18094,64,4,0.0027230936102569103,,,,
18095,64,4,0.00282395351678133,,,,
18096,64,4,0.0024948911741375923,,,,
18097,64,4,0.0027150872629135847,,,,
18098,64,4,0.002658061683177948,,,,
18099,64,4,0.0026150101330131292,,,,
18100,64,4,0.0024473981466144323,,,,
18101,64,4,0.0030269573908299208,,,,
18102,64,4,0.0032457662746310234,,,,
18103,64,4,0.002402983605861664,,,,
18104,64,4,0.0027851155027747154,,,,
18105,64,4,0.003012428991496563,,,,
18106,64,4,0.0027217762544751167,,,,
18107,64,4,0.003189914394170046,,,,
18108,64,4,0.0028817872516810894,,,,
18109,64,4,0.0021279589273035526,,,,
18110,64,4,0.002622671891003847,,,,
18111,64,4,0.002583055291324854,,,,
18112,64,4,0.0027312643360346556,,,,
18113,64,4,0.0026184681337326765,,,,
18114,64,4,0.002491859719157219,,,,
18115,64,4,0.0026825121603906155,,,,
18116,64,4,0.0024293819442391396,,,,
18117,64,4,0.002346817636862397,,,,
18118,64,4,0.0030893764924257994,,,,
18119,64,4,0.002444586483761668,,,,
18120,64,4,0.002621981780976057,,,,
18121,64,4,0.0022453744895756245,,,,
18122,64,4,0.0025443616323173046,,,,
18123,64,4,0.00307804299518466,,,,
18124,64,4,0.0023037679493427277,,,,
18125,64,4,0.0022755335085093975,,,,
18126,64,4,0.0028130922000855207,,,,
18127,64,4,0.00214932463131845,,,,
18128,64,4,0.0027029155753552914,,,,
18129,64,4,0.0025312770158052444,,,,
18130,64,4,0.00209957011975348,,,,
18131,64,4,0.002661937614902854,,,,
18132,64,4,0.0026057332288473845,,,,
18133,64,4,0.002383251441642642,,,,
18134,64,4,0.002501153387129307,,,,
18135,64,4,0.0026377919130027294,,,,
18136,64,4,0.0026612537913024426,,,,
18137,64,4,0.002348163165152073,,,,
18138,64,4,0.003026427701115608,,,,
18139,64,4,0.002595075173303485,,,,
18140,64,4,0.0025803970638662577,,,,
18141,64,4,0.002997563686221838,,,,
18142,64,4,0.002641217317432165,,,,
18143,64,4,0.002360007492825389,,,,
18144,64,4,0.002786536468192935,,,,
18145,64,4,0.0027316357009112835,,,,
18146,64,4,0.0029122678097337484,,,,
18147,64,4,0.0027500714641064405,,,,
18148,64,4,0.0022832981776446104,,,,
18149,64,4,0.0024496596306562424,,,,
18150,64,4,0.002711500506848097,,,,
18151,64,4,0.0027868272736668587,,,,
18152,64,4,0.002565843053162098,,,,
18153,64,4,0.00275772949680686,,,,
18154,64,4,0.002340298844501376,,,,
18155,64,4,0.0027129079680889845,,,,
18156,64,4,0.0025854618288576603,,,,
18157,64,4,0.00315936841070652,,,,
18158,64,4,0.0031180987134575844,,,,
18159,64,4,0.0029044540133327246,,,,
18160,64,4,0.002283126814290881,,,,
18161,64,4,0.0028989966958761215,,,,
18162,64,4,0.0028811092488467693,,,,
18163,64,4,0.0023062063846737146,,,,
18164,64,4,0.00258716382086277,,,,
18165,64,4,0.002590087242424488,,,,
18166,64,4,0.002287854440510273,,,,
18167,64,4,0.002903745276853442,,,,
18168,64,4,0.0029793493449687958,,,,
18169,64,4,0.0025024486239999533,,,,
18170,64,4,0.0024908720515668392,,,,
18171,64,4,0.0025560646317899227,,,,
18172,64,4,0.0022211046889424324,,,,
18173,64,4,0.0025497705210000277,,,,
18174,64,4,0.00244858767837286,,,,
18175,64,4,0.002331376075744629,,,,
18176,64,4,0.0022880127653479576,,,,
18177,64,4,0.002826143056154251,,,,
18178,64,4,0.0027261904906481504,,,,
18179,64,4,0.0027343910187482834,,,,
18180,64,4,0.002656764816492796,,,,
18181,64,4,0.002638747915625572,,,,
18182,64,4,0.0023799529299139977,,,,
18183,64,4,0.002405783860012889,,,,
18184,64,4,0.0025830199010670185,,,,
18185,64,4,0.0024371666368097067,,,,
18186,64,4,0.0028707757592201233,,,,
18187,64,4,0.002559846732765436,,,,
18188,64,4,0.0029850348364561796,,,,
18189,64,4,0.0033551098313182592,,,,
18190,64,4,0.0024729911237955093,,,,
18191,64,4,0.0029397341422736645,,,,
18192,64,4,0.0030284617096185684,,,,
18193,64,4,0.003006778657436371,,,,
18194,64,4,0.0029082228429615498,,,,
18195,64,4,0.002603968372568488,,,,
18196,64,4,0.002606042427942157,,,,
18197,64,4,0.0027419324032962322,,,,
18198,64,4,0.0027634226717054844,,,,
18199,64,4,0.0024911791551858187,,,,
18200,64,4,0.003268302185460925,,,,
18201,64,4,0.0028321808204054832,,,,
18202,64,4,0.0030958547722548246,,,,
18203,64,4,0.0025814713444560766,,,,
18204,64,4,0.002139804419130087,,,,
18205,64,4,0.0023320510517805815,,,,
18206,64,4,0.00339720631018281,,,,
18207,64,4,0.002896467922255397,,,,
18208,64,4,0.0025390719529241323,,,,
18209,64,4,0.0022529750131070614,,,,
18210,64,4,0.003032664768397808,,,,
18211,64,4,0.0025630223099142313,,,,
18212,64,4,0.0032258618157356977,,,,
18213,64,4,0.0027917881961911917,,,,
18214,64,4,0.0027618545573204756,,,,
18215,64,4,0.002753082662820816,,,,
18216,64,4,0.0025914155412465334,,,,
18217,64,4,0.0027138437144458294,,,,
18218,64,4,0.003053846536204219,,,,
18219,64,4,0.002788323676213622,,,,
18220,64,4,0.002959790173918009,,,,
18221,64,4,0.0029374572914093733,,,,
18222,64,4,0.002814080100506544,,,,
18223,64,4,0.0036339599173516035,,,,
18224,64,4,0.002549698343500495,,,,
18225,64,4,0.0026194676756858826,,,,
18226,64,4,0.0027855313383042812,,,,
18227,64,4,0.0027599649038165808,,,,
18228,64,4,0.0032206643372774124,,,,
18229,64,4,0.0030064876191318035,,,,
18230,64,4,0.003233217401430011,,,,
18231,64,4,0.0025388493668287992,,,,
18232,64,4,0.0029437895864248276,,,,
18233,64,4,0.0031396716367453337,,,,
18234,64,4,0.0030404007993638515,,,,
18235,64,4,0.0026693716645240784,,,,
18236,64,4,0.00266569247469306,,,,
18237,64,4,0.0030311073642224073,,,,
18238,64,4,0.0030081633012741804,,,,
18239,64,4,0.002623555716127157,,,,
18240,64,4,0.0027610152028501034,,,,
18241,64,4,0.003069301601499319,,,,
18242,64,4,0.0028853360563516617,,,,
18243,64,4,0.0022417062427848577,,,,
18244,64,4,0.0028601689264178276,,,,
18245,64,4,0.002639448968693614,,,,
18246,64,4,0.00285152904689312,,,,
18247,64,4,0.0026206679176539183,,,,
18248,64,4,0.0025351992808282375,,,,
18249,64,4,0.002622304018586874,,,,
18250,64,4,0.0027825962752103806,,,,
18251,64,4,0.0024938720744103193,,,,
18252,64,4,0.0023756062146276236,,,,
18253,64,4,0.003152194432914257,,,,
18254,64,4,0.0025487542152404785,,,,
18255,64,4,0.002599353203549981,,,,
18256,64,4,0.0028310134075582027,,,,
18257,64,4,0.0023403135128319263,,,,
18258,64,4,0.0031060632318258286,,,,
18259,64,4,0.0025418458972126245,0.0028451967050820213,,,
