iter,batch_size,epoch,loss,mean_loss,Loss,SSIM,PSNR
0,64,0,1.1505711078643799,,0.5808894710337862,0.008875483451701645,8.961080028401035
1,64,0,0.5770440101623535,
2,64,0,0.38660281896591187,
3,64,0,0.3387261629104614,
4,64,0,0.2489778697490692,
5,64,0,0.19594797492027283,
6,64,0,0.15903571248054504,
7,64,0,0.14244401454925537,
8,64,0,0.11375206708908081,
9,64,0,0.1200268492102623,
10,64,0,0.1019972413778305,
11,64,0,0.08962209522724152,
12,64,0,0.0829586535692215,
13,64,0,0.0879925787448883,
14,64,0,0.07939264178276062,
15,64,0,0.07084499299526215,
16,64,0,0.07814359664916992,
17,64,0,0.07293106615543365,
18,64,0,0.07447432726621628,
19,64,0,0.06913299858570099,
20,64,0,0.060748182237148285,
21,64,0,0.05740639194846153,
22,64,0,0.06590548157691956,
23,64,0,0.0684078261256218,
24,64,0,0.055424969643354416,
25,64,0,0.05111653730273247,
26,64,0,0.0529383048415184,
27,64,0,0.04986251890659332,
28,64,0,0.049811773002147675,
29,64,0,0.05116076394915581,
30,64,0,0.05574409291148186,
31,64,0,0.05576102063059807,
32,64,0,0.052588917315006256,
33,64,0,0.04974247142672539,
34,64,0,0.052459731698036194,
35,64,0,0.04332615062594414,
36,64,0,0.05039210245013237,
37,64,0,0.0435289591550827,
38,64,0,0.04153696820139885,
39,64,0,0.04978620260953903,
40,64,0,0.047888897359371185,
41,64,0,0.04641060158610344,
42,64,0,0.05091508850455284,
43,64,0,0.0506020188331604,
44,64,0,0.055032532662153244,
45,64,0,0.046881675720214844,
46,64,0,0.0452972948551178,
47,64,0,0.04410954564809799,
48,64,0,0.04055105149745941,
49,64,0,0.048737578094005585,
50,64,0,0.04924888163805008,
51,64,0,0.04203539341688156,
52,64,0,0.04596681147813797,
53,64,0,0.038438618183135986,
54,64,0,0.03918594866991043,
55,64,0,0.04454569146037102,
56,64,0,0.04580758512020111,
57,64,0,0.039823755621910095,
58,64,0,0.042217254638671875,
59,64,0,0.05155210942029953,
60,64,0,0.04764341562986374,
61,64,0,0.04183712229132652,
62,64,0,0.04542089253664017,
63,64,0,0.046151675283908844,
64,64,0,0.049306437373161316,
65,64,0,0.046919383108615875,
66,64,0,0.046411849558353424,
67,64,0,0.03657732531428337,
68,64,0,0.04097916930913925,
69,64,0,0.04072900861501694,
70,64,0,0.046720199286937714,
71,64,0,0.038208045065402985,
72,64,0,0.037166766822338104,
73,64,0,0.046549104154109955,
74,64,0,0.03268393129110336,
75,64,0,0.04333675652742386,
76,64,0,0.03613869100809097,
77,64,0,0.04265206307172775,
78,64,0,0.04709551855921745,
79,64,0,0.041077010333538055,
80,64,0,0.032453883439302444,
81,64,0,0.03551410138607025,
82,64,0,0.045717909932136536,
83,64,0,0.04381810128688812,
84,64,0,0.036426156759262085,
85,64,0,0.03954122215509415,
86,64,0,0.04512108117341995,
87,64,0,0.03735250234603882,
88,64,0,0.046133141964673996,
89,64,0,0.036035116761922836,
90,64,0,0.03748910874128342,
91,64,0,0.039390679448843,
92,64,0,0.038980063050985336,
93,64,0,0.03570682555437088,
94,64,0,0.03966274857521057,
95,64,0,0.04148705676198006,
96,64,0,0.03426223248243332,
97,64,0,0.0357462577521801,
98,64,0,0.03303639963269234,
99,64,0,0.037824105471372604,
100,64,0,0.041478633880615234,
101,64,0,0.04267756640911102,
102,64,0,0.0473644845187664,
103,64,0,0.03489397466182709,
104,64,0,0.03890765830874443,
105,64,0,0.04010277986526489,
106,64,0,0.046063944697380066,
107,64,0,0.038124702870845795,
108,64,0,0.030219845473766327,
109,64,0,0.039309289306402206,
110,64,0,0.03944207727909088,
111,64,0,0.03844473883509636,
112,64,0,0.0444793701171875,
113,64,0,0.04441726952791214,
114,64,0,0.043142057955265045,
115,64,0,0.04458975791931152,
116,64,0,0.040446653962135315,
117,64,0,0.04386579245328903,
118,64,0,0.031666286289691925,
119,64,0,0.04014957323670387,
120,64,0,0.03976815938949585,
121,64,0,0.03957275301218033,
122,64,0,0.039031870663166046,
123,64,0,0.039054546505212784,
124,64,0,0.035017237067222595,
125,64,0,0.03848341852426529,
126,64,0,0.035859160125255585,
127,64,0,0.03833697363734245,
128,64,0,0.04262414202094078,
129,64,0,0.03697984665632248,
130,64,0,0.037220217287540436,
131,64,0,0.037940751761198044,
132,64,0,0.03435928374528885,
133,64,0,0.04277382418513298,
134,64,0,0.0361938513815403,
135,64,0,0.03935308754444122,
136,64,0,0.04168521612882614,
137,64,0,0.03712008520960808,
138,64,0,0.04122736304998398,
139,64,0,0.03715752810239792,
140,64,0,0.03493906185030937,
141,64,0,0.0417533814907074,
142,64,0,0.04196108877658844,
143,64,0,0.03125297278165817,
144,64,0,0.03758057951927185,
145,64,0,0.03873065859079361,
146,64,0,0.03774572163820267,
147,64,0,0.03627609461545944,
148,64,0,0.04935005307197571,
149,64,0,0.03965342417359352,
150,64,0,0.03524526208639145,
151,64,0,0.034317150712013245,
152,64,0,0.03893674537539482,
153,64,0,0.03983895480632782,
154,64,0,0.03676236420869827,
155,64,0,0.035074710845947266,
156,64,0,0.03854607790708542,
157,64,0,0.03943247348070145,
158,64,0,0.039532165974378586,
159,64,0,0.03589654713869095,
160,64,0,0.03152991831302643,
161,64,0,0.0379345528781414,
162,64,0,0.04084363579750061,
163,64,0,0.0359397828578949,
164,64,0,0.03502772003412247,
165,64,0,0.03834608197212219,
166,64,0,0.036508627235889435,
167,64,0,0.035712793469429016,
168,64,0,0.03158801421523094,
169,64,0,0.0341913066804409,
170,64,0,0.031023411080241203,
171,64,0,0.030779212713241577,
172,64,0,0.032943643629550934,
173,64,0,0.038338132202625275,
174,64,0,0.03999367356300354,
175,64,0,0.041799530386924744,
176,64,0,0.03802723437547684,
177,64,0,0.03669209033250809,
178,64,0,0.04259262606501579,
179,64,0,0.03843647241592407,
180,64,0,0.03540477901697159,
181,64,0,0.04117366671562195,
182,64,0,0.03851693868637085,
183,64,0,0.04097709804773331,
184,64,0,0.03771723061800003,
185,64,0,0.034927234053611755,
186,64,0,0.03214804455637932,
187,64,0,0.03839557245373726,
188,64,0,0.03490132838487625,
189,64,0,0.032916951924562454,
190,64,0,0.037582676857709885,
191,64,0,0.02938077412545681,
192,64,0,0.04456485062837601,
193,64,0,0.04790344834327698,
194,64,0,0.03180132806301117,
195,64,0,0.031867340207099915,
196,64,0,0.030039452016353607,
197,64,0,0.045800283551216125,
198,64,0,0.034909650683403015,
199,64,0,0.034584514796733856,
200,64,0,0.028210856020450592,
201,64,0,0.03294460102915764,
202,64,0,0.036267634481191635,
203,64,0,0.03564728423953056,
204,64,0,0.03209712356328964,
205,64,0,0.03666231781244278,
206,64,0,0.03511924296617508,
207,64,0,0.03380030393600464,
208,64,0,0.035198479890823364,
209,64,0,0.033609796315431595,
210,64,0,0.028186580166220665,
211,64,0,0.03575729578733444,
212,64,0,0.04163210093975067,
213,64,0,0.035557642579078674,
214,64,0,0.03198111802339554,
215,64,0,0.0370369628071785,
216,64,0,0.03334122896194458,
217,64,0,0.035674259066581726,
218,64,0,0.031448569148778915,
219,64,0,0.02524634078145027,
220,64,0,0.03172585368156433,
221,64,0,0.0379297137260437,
222,64,0,0.031795188784599304,
223,64,0,0.032079067081213,
224,64,0,0.035134200006723404,
225,64,0,0.03359432518482208,
226,64,0,0.03877287730574608,
227,64,0,0.0340392142534256,
228,64,0,0.03315286338329315,
229,64,0,0.036258675158023834,
230,64,0,0.041892386972904205,
231,64,0,0.04172199219465256,
232,64,0,0.03738715872168541,
233,64,0,0.040437962859869,
234,64,0,0.04342721030116081,
235,64,0,0.04158417135477066,
236,64,0,0.0407339483499527,
237,64,0,0.048285067081451416,
238,64,0,0.031852543354034424,
239,64,0,0.035240598022937775,
240,64,0,0.032129526138305664,
241,64,0,0.03465473651885986,
242,64,0,0.03390244022011757,
243,64,0,0.03607264906167984,
244,64,0,0.03767341375350952,
245,64,0,0.03233077749609947,
246,64,0,0.03369038924574852,
247,64,0,0.03158678859472275,
248,64,0,0.03376983106136322,
249,64,0,0.03388813138008118,
250,64,0,0.037447113543748856,
251,64,0,0.03252768516540527,
252,64,0,0.03772100433707237,
253,64,0,0.03695964068174362,
254,64,0,0.030194004997611046,
255,64,0,0.03717309981584549,
256,64,0,0.030704572796821594,
257,64,0,0.03215800225734711,
258,64,0,0.03793047368526459,
259,64,0,0.032881565392017365,
260,64,0,0.03396335616707802,
261,64,0,0.03781859204173088,
262,64,0,0.03187146782875061,
263,64,0,0.029366029426455498,
264,64,0,0.03721965104341507,
265,64,0,0.029345160350203514,
266,64,0,0.031190967187285423,
267,64,0,0.03372960537672043,
268,64,0,0.03898152336478233,
269,64,0,0.03327907249331474,
270,64,0,0.037160199135541916,
271,64,0,0.03313848376274109,
272,64,0,0.03041701763868332,
273,64,0,0.027662426233291626,
274,64,0,0.03665458783507347,
275,64,0,0.03625136613845825,
276,64,0,0.02788737043738365,
277,64,0,0.035988736897706985,
278,64,0,0.04344095289707184,
279,64,0,0.029840921983122826,
280,64,0,0.02846837043762207,
281,64,0,0.038717593997716904,
282,64,0,0.04067413508892059,
283,64,0,0.031747445464134216,
284,64,0,0.03595447912812233,
285,64,0,0.03088986501097679,
286,64,0,0.03734719008207321,
287,64,0,0.04022296518087387,
288,64,0,0.03194809705018997,
289,64,0,0.03902389109134674,
290,64,0,0.029734855517745018,
291,64,0,0.03406323492527008,
292,64,0,0.02577427588403225,
293,64,0,0.03048071078956127,
294,64,0,0.036094412207603455,
295,64,0,0.031068872660398483,
296,64,0,0.025285504758358,
297,64,0,0.036634378135204315,
298,64,0,0.028543835505843163,
299,64,0,0.03894894942641258,
300,64,0,0.03772539645433426,
301,64,0,0.03450138866901398,
302,64,0,0.03627327084541321,
303,64,0,0.034578919410705566,
304,64,0,0.028719110414385796,
305,64,0,0.029644489288330078,
306,64,0,0.03770728409290314,
307,64,0,0.0282486192882061,
308,64,0,0.026942115277051926,
309,64,0,0.02862580120563507,
310,64,0,0.029757782816886902,
311,64,0,0.030510088428854942,
312,64,0,0.026335295289754868,
313,64,0,0.027432702481746674,
314,64,0,0.03199377283453941,
315,64,0,0.03174671530723572,
316,64,0,0.02939769998192787,
317,64,0,0.02965366467833519,
318,64,0,0.03333836421370506,
319,64,0,0.035230543464422226,
320,64,0,0.0212897639721632,
321,64,0,0.028917968273162842,
322,64,0,0.031333595514297485,
323,64,0,0.03538179025053978,
324,64,0,0.029581278562545776,
325,64,0,0.027756325900554657,
326,64,0,0.02777555212378502,
327,64,0,0.029096519574522972,
328,64,0,0.02729683928191662,
329,64,0,0.03206409886479378,
330,64,0,0.027498360723257065,
331,64,0,0.025799080729484558,
332,64,0,0.025592278689146042,
333,64,0,0.03369989991188049,
334,64,0,0.03374814987182617,
335,64,0,0.03625329211354256,
336,64,0,0.032500505447387695,
337,64,0,0.03199131786823273,
338,64,0,0.025797460228204727,
339,64,0,0.03310447186231613,
340,64,0,0.033106740564107895,
341,64,0,0.03164875879883766,
342,64,0,0.03326215595006943,
343,64,0,0.036693163216114044,
344,64,0,0.03750506788492203,
345,64,0,0.027376044541597366,
346,64,0,0.02570982836186886,
347,64,0,0.030713185667991638,
348,64,0,0.031433552503585815,
349,64,0,0.03398255631327629,
350,64,0,0.026361610740423203,
351,64,0,0.03177463263273239,
352,64,0,0.0375702939927578,
353,64,0,0.027691300958395004,
354,64,0,0.030326873064041138,
355,64,0,0.033148568123579025,
356,64,0,0.038072437047958374,
357,64,0,0.03920704126358032,
358,64,0,0.03199724853038788,
359,64,0,0.030684908851981163,
360,64,0,0.028048355132341385,
361,64,0,0.035330984741449356,
362,64,0,0.026517551392316818,
363,64,0,0.028837785124778748,
364,64,0,0.026999106630682945,
365,64,0,0.03009994886815548,
366,64,0,0.032187532633543015,
367,64,0,0.033546239137649536,
368,64,0,0.03141336888074875,
369,64,0,0.03266095742583275,
370,64,0,0.03731149807572365,
371,64,0,0.03187329322099686,
372,64,0,0.028844386339187622,
373,64,0,0.028744196519255638,
374,64,0,0.03388975188136101,
375,64,0,0.033486511558294296,
376,64,0,0.032820068299770355,
377,64,0,0.03184113651514053,
378,64,0,0.03403794765472412,
379,64,0,0.02670268528163433,
380,64,0,0.027409961447119713,
381,64,0,0.028598790988326073,
382,64,0,0.03339407965540886,
383,64,0,0.03143773600459099,
384,64,0,0.03433331847190857,
385,64,0,0.02584296464920044,
386,64,0,0.03732776641845703,
387,64,0,0.03217683359980583,
388,64,0,0.027343202382326126,
389,64,0,0.030566703528165817,
390,64,0,0.026257995516061783,
391,64,0,0.035135991871356964,
392,64,0,0.02995334565639496,
393,64,0,0.028513645753264427,
394,64,0,0.02797836624085903,
395,64,0,0.025539547204971313,
396,64,0,0.024321114644408226,
397,64,0,0.028797229751944542,
398,64,0,0.030698617920279503,
399,64,0,0.030901378020644188,
400,64,0,0.0320127010345459,
401,64,0,0.03205803781747818,
402,64,0,0.03102588653564453,
403,64,0,0.03349380940198898,
404,64,0,0.02954014763236046,
405,64,0,0.030672883614897728,
406,64,0,0.028451550751924515,
407,64,0,0.029283631592988968,
408,64,0,0.028410449624061584,
409,64,0,0.0314238965511322,
410,64,0,0.029220428317785263,
411,64,0,0.0306773092597723,
412,64,0,0.03648322448134422,
413,64,0,0.0276542566716671,
414,64,0,0.029627934098243713,
415,64,0,0.02958892099559307,
416,64,0,0.026743005961179733,
417,64,0,0.02922440692782402,
418,64,0,0.025806544348597527,
419,64,0,0.029859542846679688,
420,64,0,0.03030472993850708,
421,64,0,0.029978305101394653,
422,64,0,0.029910577461123466,
423,64,0,0.026000946760177612,
424,64,0,0.02626596949994564,
425,64,0,0.026582462713122368,
426,64,0,0.030457567423582077,
427,64,0,0.030414104461669922,
428,64,0,0.026894252747297287,
429,64,0,0.031658321619033813,
430,64,0,0.033695779740810394,
431,64,0,0.03033108077943325,
432,64,0,0.03115009516477585,
433,64,0,0.03113226592540741,
434,64,0,0.03031289577484131,
435,64,0,0.026211148127913475,
436,64,0,0.03668563812971115,
437,64,0,0.022815166041254997,
438,64,0,0.03157143294811249,
439,64,0,0.027799611911177635,
440,64,0,0.02663923054933548,
441,64,0,0.028021670877933502,
442,64,0,0.027460459619760513,
443,64,0,0.0314059779047966,
444,64,0,0.029984187334775925,
445,64,0,0.030376743525266647,
446,64,0,0.0283643901348114,
447,64,0,0.025885630398988724,
448,64,0,0.02365119569003582,
449,64,0,0.02874569594860077,
450,64,0,0.02634810283780098,
451,64,0,0.023738477379083633,
452,64,0,0.03031071089208126,
453,64,0,0.021924283355474472,
454,64,0,0.02839687466621399,
455,64,0,0.03987686336040497,
456,64,0,0.023434113711118698,
457,64,0,0.026507869362831116,
458,64,0,0.03226780891418457,
459,64,0,0.025133349001407623,
460,64,0,0.025459304451942444,
461,64,0,0.039388321340084076,
462,64,0,0.026326557621359825,
463,64,0,0.028492873534560204,
464,64,0,0.03151088207960129,
465,64,0,0.027840666472911835,
466,64,0,0.029178131371736526,
467,64,0,0.029568415135145187,
468,64,0,0.0265628844499588,
469,64,0,0.030843785032629967,
470,64,0,0.030887220054864883,
471,64,0,0.027865786105394363,
472,64,0,0.026000048965215683,
473,64,0,0.03391696885228157,
474,64,0,0.029871515929698944,
475,64,0,0.02792416140437126,
476,64,0,0.02455967664718628,
477,64,0,0.02502843365073204,
478,64,0,0.02713875100016594,
479,64,0,0.02970677614212036,
480,64,0,0.027987033128738403,
481,64,0,0.023183196783065796,
482,64,0,0.025742333382368088,
483,64,0,0.029660657048225403,
484,64,0,0.026955675333738327,
485,64,0,0.026418164372444153,
486,64,0,0.02567536197602749,
487,64,0,0.02787623181939125,
488,64,0,0.026375610381364822,
489,64,0,0.02674117498099804,
490,64,0,0.029907625168561935,
491,64,0,0.02852005884051323,
492,64,0,0.025599410757422447,
493,64,0,0.02967144176363945,
494,64,0,0.028787963092327118,
495,64,0,0.029997866600751877,
496,64,0,0.030378755182027817,
497,64,0,0.029391666874289513,
498,64,0,0.026984836906194687,
499,64,0,0.028389163315296173,
500,64,0,0.02678232453763485,
501,64,0,0.028450220823287964,
502,64,0,0.03106946311891079,
503,64,0,0.021116232499480247,
504,64,0,0.02961290255188942,
505,64,0,0.02998805046081543,
506,64,0,0.024951022118330002,
507,64,0,0.02908303402364254,
508,64,0,0.03030598908662796,
509,64,0,0.02445131167769432,
510,64,0,0.029474182054400444,
511,64,0,0.02682632952928543,
512,64,0,0.027067746967077255,
513,64,0,0.023036208003759384,
514,64,0,0.024749651551246643,
515,64,0,0.0262923501431942,
516,64,0,0.02365357056260109,
517,64,0,0.02570953033864498,
518,64,0,0.028110330924391747,
519,64,0,0.02668258361518383,
520,64,0,0.02738960087299347,
521,64,0,0.026408668607473373,
522,64,0,0.02561836503446102,
523,64,0,0.026604941114783287,
524,64,0,0.027555476874113083,
525,64,0,0.027191508561372757,
526,64,0,0.027388131245970726,
527,64,0,0.02086649090051651,
528,64,0,0.022375892847776413,
529,64,0,0.029140442609786987,
530,64,0,0.025436416268348694,
531,64,0,0.028682533651590347,
532,64,0,0.028658833354711533,
533,64,0,0.031261932104825974,
534,64,0,0.02781311795115471,
535,64,0,0.02413804829120636,
536,64,0,0.026023343205451965,
537,64,0,0.023875731974840164,
538,64,0,0.022757213562726974,
539,64,0,0.023238664492964745,
540,64,0,0.02520095929503441,
541,64,0,0.027779748663306236,
542,64,0,0.025315046310424805,
543,64,0,0.02721034735441208,
544,64,0,0.031135931611061096,
545,64,0,0.02413678914308548,
546,64,0,0.0249409731477499,
547,64,0,0.026172762736678123,
548,64,0,0.022731192409992218,
549,64,0,0.025177940726280212,
550,64,0,0.02651655301451683,
551,64,0,0.028454821556806564,
552,64,0,0.027409549802541733,
553,64,0,0.024209216237068176,
554,64,0,0.024467553943395615,
555,64,0,0.02645350992679596,
556,64,0,0.021460454910993576,
557,64,0,0.027456369251012802,
558,64,0,0.02793475240468979,
559,64,0,0.02747291885316372,
560,64,0,0.022721391171216965,
561,64,0,0.034246236085891724,
562,64,0,0.025743087753653526,
563,64,0,0.032462768256664276,
564,64,0,0.022175602614879608,
565,64,0,0.01926226168870926,
566,64,0,0.016936635598540306,
567,64,0,0.02466011606156826,
568,64,0,0.02553481236100197,
569,64,0,0.028344348073005676,
570,64,0,0.024465924128890038,
571,64,0,0.02465149387717247,
572,64,0,0.026652779430150986,
573,64,0,0.022517241537570953,
574,64,0,0.021600797772407532,
575,64,0,0.023605069145560265,
576,64,0,0.030916880816221237,
577,64,0,0.021243145689368248,
578,64,0,0.023520883172750473,
579,64,0,0.024112388491630554,
580,64,0,0.021152010187506676,
581,64,0,0.021585863083600998,
582,64,0,0.0221601203083992,
583,64,0,0.024585139006376266,
584,64,0,0.02357642911374569,
585,64,0,0.026207637041807175,
586,64,0,0.027572287246584892,
587,64,0,0.02349148504436016,
588,64,0,0.024774707853794098,
589,64,0,0.02550473064184189,
590,64,0,0.02686665765941143,
591,64,0,0.023250993341207504,
592,64,0,0.02572057768702507,
593,64,0,0.023836009204387665,
594,64,0,0.02576073631644249,
595,64,0,0.02464914694428444,
596,64,0,0.02138933166861534,
597,64,0,0.022042250260710716,
598,64,0,0.03260819613933563,
599,64,0,0.02733985148370266,
600,64,0,0.022030245512723923,
601,64,0,0.02622910961508751,
602,64,0,0.0245695598423481,
603,64,0,0.027944691479206085,
604,64,0,0.028353437781333923,
605,64,0,0.023972060531377792,
606,64,0,0.02796173095703125,
607,64,0,0.02738173119723797,
608,64,0,0.026215126737952232,
609,64,0,0.024742446839809418,
610,64,0,0.02695302665233612,
611,64,0,0.024345166981220245,
612,64,0,0.02590479515492916,
613,64,0,0.0229635126888752,
614,64,0,0.02561531774699688,
615,64,0,0.023559078574180603,
616,64,0,0.029390892013907433,
617,64,0,0.022969990968704224,
618,64,0,0.02702673338353634,
619,64,0,0.02498907595872879,
620,64,0,0.020538922399282455,
621,64,0,0.02357577346265316,
622,64,0,0.023304328322410583,
623,64,0,0.024998962879180908,
624,64,0,0.021922415122389793,
625,64,0,0.024142563343048096,
626,64,0,0.022114943712949753,
627,64,0,0.023907583206892014,
628,64,0,0.02325768768787384,
629,64,0,0.027545467019081116,
630,64,0,0.022491654381155968,
631,64,0,0.027632147073745728,
632,64,0,0.024134516716003418,
633,64,0,0.023747814819216728,
634,64,0,0.02301269769668579,
635,64,0,0.027262752875685692,
636,64,0,0.025539537891745567,
637,64,0,0.02445763722062111,
638,64,0,0.024757003411650658,
639,64,0,0.024118367582559586,
640,64,0,0.02395637333393097,
641,64,0,0.024242963641881943,
642,64,0,0.025293711572885513,
643,64,0,0.02860216610133648,
644,64,0,0.03813058137893677,
645,64,0,0.0217561237514019,
646,64,0,0.021585214883089066,
647,64,0,0.031043140217661858,
648,64,0,0.027933111414313316,
649,64,0,0.02395223081111908,
650,64,0,0.024773966521024704,
651,64,0,0.02557477355003357,
652,64,0,0.021860292181372643,
653,64,0,0.02791133150458336,
654,64,0,0.022826790809631348,
655,64,0,0.029587455093860626,
656,64,0,0.027907032519578934,
657,64,0,0.02669203095138073,
658,64,0,0.02550525590777397,
659,64,0,0.028466500341892242,
660,64,0,0.027331382036209106,
661,64,0,0.02418125420808792,
662,64,0,0.024989154189825058,
663,64,0,0.023450400680303574,
664,64,0,0.026821447536349297,
665,64,0,0.025054503232240677,
666,64,0,0.023582419380545616,
667,64,0,0.025968333706259727,
668,64,0,0.025641828775405884,
669,64,0,0.02216261439025402,
670,64,0,0.02524353563785553,
671,64,0,0.028948834165930748,
672,64,0,0.01914861425757408,
673,64,0,0.02390212193131447,
674,64,0,0.024444997310638428,
675,64,0,0.02650853618979454,
676,64,0,0.022763770073652267,
677,64,0,0.023589782416820526,
678,64,0,0.026828452944755554,
679,64,0,0.028113659471273422,
680,64,0,0.024230491369962692,
681,64,0,0.022406619042158127,
682,64,0,0.025384096428751945,
683,64,0,0.027046915143728256,
684,64,0,0.022719379514455795,
685,64,0,0.025516603142023087,
686,64,0,0.026744669303297997,
687,64,0,0.025549396872520447,
688,64,0,0.02634536474943161,
689,64,0,0.022174861282110214,
690,64,0,0.02213391289114952,
691,64,0,0.021780312061309814,
692,64,0,0.02684960328042507,
693,64,0,0.029601698741316795,
694,64,0,0.027561452239751816,
695,64,0,0.02277994714677334,
696,64,0,0.028643524274230003,
697,64,0,0.025080686435103416,
698,64,0,0.02647347003221512,
699,64,0,0.02325640432536602,
700,64,0,0.025159917771816254,
701,64,0,0.02695387229323387,
702,64,0,0.025160547345876694,
703,64,0,0.028888490051031113,
704,64,0,0.02284930646419525,
705,64,0,0.022499261423945427,
706,64,0,0.021830163896083832,
707,64,0,0.030283819884061813,
708,64,0,0.021329736337065697,
709,64,0,0.020474690943956375,
710,64,0,0.023776482790708542,
711,64,0,0.023982122540473938,
712,64,0,0.02088911458849907,
713,64,0,0.023106975480914116,
714,64,0,0.020599747076630592,
715,64,0,0.022500962018966675,
716,64,0,0.025319475680589676,
717,64,0,0.022386964410543442,
718,64,0,0.02777196280658245,
719,64,0,0.0291733480989933,
720,64,0,0.02555089443922043,
721,64,0,0.024331307038664818,
722,64,0,0.028831956908106804,
723,64,0,0.029641639441251755,
724,64,0,0.028566306456923485,
725,64,0,0.027312222868204117,
726,64,0,0.029779378324747086,
727,64,0,0.0231800340116024,
728,64,0,0.021942228078842163,
729,64,0,0.0300456490367651,
730,64,0,0.028285663574934006,
731,64,0,0.028705349192023277,
732,64,0,0.03147181123495102,
733,64,0,0.027983587235212326,
734,64,0,0.022631941363215446,
735,64,0,0.028684956952929497,
736,64,0,0.027553901076316833,
737,64,0,0.025124985724687576,
738,64,0,0.02508886717259884,
739,64,0,0.029489023610949516,
740,64,0,0.02370385453104973,
741,64,0,0.030324941501021385,
742,64,0,0.023382386192679405,
743,64,0,0.022666117176413536,
744,64,0,0.032263629138469696,
745,64,0,0.025185516104102135,
746,64,0,0.0225578211247921,
747,64,0,0.029066767543554306,
748,64,0,0.022772883996367455,
749,64,0,0.026632845401763916,
750,64,0,0.029923532158136368,
751,64,0,0.023080911487340927,
752,64,0,0.026091575622558594,
753,64,0,0.027595046907663345,
754,64,0,0.026161327958106995,
755,64,0,0.02140466496348381,
756,64,0,0.0258632805198431,
757,64,0,0.02699117921292782,
758,64,0,0.02540019154548645,
759,64,0,0.020061172544956207,
760,64,0,0.02175637148320675,
761,64,0,0.02622765302658081,
762,64,0,0.02562810480594635,
763,64,0,0.028897184878587723,
764,64,0,0.024143731221556664,
765,64,0,0.022399790585041046,
766,64,0,0.02284114621579647,
767,64,0,0.026950448751449585,
768,64,0,0.02797425352036953,
769,64,0,0.020911898463964462,
770,64,0,0.021919410675764084,
771,64,0,0.02944795787334442,
772,64,0,0.03077995590865612,
773,64,0,0.024948252364993095,
774,64,0,0.020051047205924988,
775,64,0,0.023237308487296104,
776,64,0,0.02417094074189663,
777,64,0,0.029161080718040466,
778,64,0,0.022776484489440918,
779,64,0,0.025961600244045258,
780,64,0,0.027278821915388107,
781,64,0,0.019585544243454933,
782,64,0,0.021503940224647522,
783,64,0,0.02734956704080105,
784,64,0,0.024275517091155052,
785,64,0,0.02512086182832718,
786,64,0,0.02487933449447155,
787,64,0,0.02290976047515869,
788,64,0,0.02407987229526043,
789,64,0,0.021851129829883575,
790,64,0,0.02616935968399048,
791,64,0,0.02160758152604103,
792,64,0,0.028528865426778793,
793,64,0,0.03090738318860531,
794,64,0,0.022737279534339905,
795,64,0,0.024283193051815033,
796,64,0,0.021683480590581894,
797,64,0,0.019428037106990814,
798,64,0,0.024711085483431816,
799,64,0,0.02146289311349392,
800,64,0,0.022767072543501854,
801,64,0,0.024305403232574463,
802,64,0,0.024667128920555115,
803,64,0,0.022456904873251915,
804,64,0,0.02520136535167694,
805,64,0,0.028414946049451828,
806,64,0,0.026878459379076958,
807,64,0,0.027408834546804428,
808,64,0,0.02448100969195366,
809,64,0,0.021791692823171616,
810,64,0,0.019501492381095886,
811,64,0,0.022169915959239006,
812,64,0,0.022476626560091972,
813,64,0,0.024072419852018356,
814,64,0,0.022232111543416977,
815,64,0,0.027225134894251823,
816,64,0,0.020371846854686737,
817,64,0,0.02311277948319912,
818,64,0,0.027207693085074425,
819,64,0,0.024832304567098618,
820,64,0,0.026934385299682617,
821,64,0,0.022883404046297073,
822,64,0,0.02337339147925377,
823,64,0,0.023419177159667015,
824,64,0,0.022666102275252342,
825,64,0,0.02450784668326378,
826,64,0,0.021545937284827232,
827,64,0,0.024520976468920708,
828,64,0,0.02388211153447628,
829,64,0,0.023630496114492416,
830,64,0,0.02593967877328396,
831,64,0,0.02853558026254177,
832,64,0,0.019856324419379234,
833,64,0,0.02375234290957451,
834,64,0,0.02538381889462471,
835,64,0,0.025596458464860916,
836,64,0,0.022826416417956352,
837,64,0,0.024213870987296104,
838,64,0,0.02272637188434601,
839,64,0,0.026243072003126144,
840,64,0,0.02268971875309944,
841,64,0,0.02426086738705635,
842,64,0,0.02205280028283596,
843,64,0,0.023466002196073532,
844,64,0,0.02069300413131714,
845,64,0,0.022025879472494125,
846,64,0,0.027188699692487717,
847,64,0,0.019366275519132614,
848,64,0,0.024690847843885422,
849,64,0,0.025325417518615723,
850,64,0,0.01987852156162262,
851,64,0,0.02859368547797203,
852,64,0,0.023294344544410706,
853,64,0,0.027178801596164703,
854,64,0,0.0273667573928833,
855,64,0,0.027208004146814346,
856,64,0,0.020591560751199722,
857,64,0,0.024799128994345665,
858,64,0,0.02439850941300392,
859,64,0,0.02822493016719818,
860,64,0,0.022536909207701683,
861,64,0,0.024276046082377434,
862,64,0,0.0254709180444479,
863,64,0,0.02629604935646057,
864,64,0,0.021546369418501854,
865,64,0,0.027292117476463318,
866,64,0,0.024146055802702904,
867,64,0,0.025731422007083893,
868,64,0,0.024255037307739258,
869,64,0,0.02675267681479454,
870,64,0,0.02460864745080471,
871,64,0,0.024801895022392273,
872,64,0,0.021238889545202255,
873,64,0,0.02703021466732025,
874,64,0,0.0269469004124403,
875,64,0,0.0248520877212286,
876,64,0,0.021681001409888268,
877,64,0,0.02491876855492592,
878,64,0,0.023958152160048485,
879,64,0,0.024408672004938126,
880,64,0,0.02037831023335457,
881,64,0,0.024183474481105804,
882,64,0,0.029490485787391663,
883,64,0,0.023930242285132408,
884,64,0,0.023733532056212425,
885,64,0,0.02165907248854637,
886,64,0,0.02409001812338829,
887,64,0,0.028117652982473373,
888,64,0,0.022168155759572983,
889,64,0,0.022313011810183525,
890,64,0,0.02724957838654518,
891,64,0,0.021164488047361374,
892,64,0,0.02136921137571335,
893,64,0,0.02178153023123741,
894,64,0,0.02283528260886669,
895,64,0,0.019923318177461624,
896,64,0,0.023231476545333862,
897,64,0,0.023146748542785645,
898,64,0,0.025031547993421555,
899,64,0,0.021267950534820557,
900,64,0,0.023445438593626022,
901,64,0,0.02562408708035946,
902,64,0,0.02380306087434292,
903,64,0,0.022560015320777893,
904,64,0,0.02485371008515358,
905,64,0,0.023092001676559448,
906,64,0,0.021269304677844048,
907,64,0,0.027843903750181198,
908,64,0,0.023085694760084152,
909,64,0,0.01971905678510666,
910,64,0,0.02802732214331627,
911,64,0,0.023201411589980125,
912,64,0,0.020257938653230667,
913,64,0,0.02478211186826229,
914,64,0,0.02088923752307892,
915,64,0,0.022278234362602234,
916,64,0,0.020492829382419586,
917,64,0,0.02327912114560604,
918,64,0,0.021123144775629044,
919,64,0,0.025238623842597008,
920,64,0,0.018693987280130386,
921,64,0,0.022719940170645714,
922,64,0,0.028790894895792007,
923,64,0,0.01992581970989704,
924,64,0,0.02290301024913788,
925,64,0,0.024243442341685295,
926,64,0,0.023489607498049736,
927,64,0,0.02426983043551445,
928,64,0,0.02554301545023918,
929,64,0,0.025486141443252563,
930,64,0,0.02282956801354885,
931,64,0,0.021537674590945244,
932,64,0,0.0227035041898489,
933,64,0,0.017722956836223602,
934,64,0,0.0230056494474411,
935,64,0,0.023561617359519005,
936,64,0,0.022713415324687958,
937,64,0,0.018339136615395546,
938,64,0,0.030361399054527283,
939,64,0,0.02388668619096279,
940,64,0,0.02409077249467373,
941,64,0,0.020788589492440224,
942,64,0,0.02219114825129509,
943,64,0,0.025209318846464157,
944,64,0,0.020730476826429367,
945,64,0,0.019591744989156723,
946,64,0,0.01868623122572899,
947,64,0,0.021615948528051376,
948,64,0,0.020562876015901566,
949,64,0,0.02431323751807213,
950,64,0,0.019558005034923553,
951,64,0,0.026028450578451157,
952,64,0,0.02542836032807827,
953,64,0,0.027271833270788193,
954,64,0,0.023001251742243767,
955,64,0,0.021951403468847275,
956,64,0,0.021750863641500473,
957,64,0,0.02093145251274109,
958,64,0,0.023373175412416458,
959,64,0,0.02804030478000641,
960,64,0,0.018091309815645218,
961,64,0,0.02018767036497593,
962,64,0,0.02421543002128601,
963,64,0,0.020397525280714035,
964,64,0,0.02132115140557289,
965,64,0,0.025141729041934013,
966,64,0,0.01573004573583603,
967,64,0,0.024144545197486877,
968,64,0,0.021527079865336418,
969,64,0,0.021835526451468468,
970,64,0,0.016290049999952316,
971,64,0,0.02060074359178543,
972,64,0,0.024198263883590698,
973,64,0,0.017166677862405777,
974,64,0,0.024251114577054977,
975,64,0,0.020896505564451218,
976,64,0,0.01982102543115616,
977,64,0,0.022849079221487045,
978,64,0,0.019283190369606018,
979,64,0,0.024356797337532043,
980,64,0,0.021735286340117455,
981,64,0,0.02335977554321289,
982,64,0,0.020955359563231468,
983,64,0,0.026969846338033676,
984,64,0,0.02610374614596367,
985,64,0,0.0239374041557312,
986,64,0,0.023883765563368797,
987,64,0,0.018336111679673195,
988,64,0,0.021752536296844482,
989,64,0,0.021251805126667023,
990,64,0,0.026209715753793716,
991,64,0,0.021634725853800774,
992,64,0,0.01990967057645321,
993,64,0,0.019295131787657738,
994,64,0,0.0210123173892498,
995,64,0,0.02344268560409546,
996,64,0,0.02125374600291252,
997,64,0,0.02229626476764679,
998,64,0,0.02311071753501892,
999,64,0,0.02256203256547451,
1000,64,0,0.02189064584672451,,0.019475927056269125,0.5307394198590186,18.10210715220142
1001,64,0,0.02273665927350521,
1002,64,0,0.02211686782538891,
1003,64,0,0.024289917200803757,
1004,64,0,0.022579532116651535,
1005,64,0,0.025686217471957207,
1006,64,0,0.023960283026099205,
1007,64,0,0.024235760793089867,
1008,64,0,0.019934959709644318,
1009,64,0,0.02187509834766388,
1010,64,0,0.021443858742713928,
1011,64,0,0.022183826193213463,
1012,64,0,0.01992376148700714,
1013,64,0,0.02265700325369835,
1014,64,0,0.024298779666423798,
1015,64,0,0.019674185663461685,
1016,64,0,0.02618728205561638,
1017,64,0,0.01955452561378479,
1018,64,0,0.02226267382502556,
1019,64,0,0.02482762560248375,
1020,64,0,0.02475016377866268,
1021,64,0,0.025839997455477715,
1022,64,0,0.023185964673757553,
1023,64,0,0.024077415466308594,
1024,64,0,0.022184377536177635,
1025,64,0,0.02458176575601101,
1026,64,0,0.021315906196832657,
1027,64,0,0.028159480541944504,
1028,64,0,0.024198956787586212,
1029,64,0,0.019204406067728996,
1030,64,0,0.021873407065868378,
1031,64,0,0.021426361054182053,
1032,64,0,0.023756228387355804,
1033,64,0,0.021884243935346603,
1034,64,0,0.026267219334840775,
1035,64,0,0.021515201777219772,
1036,64,0,0.026618627831339836,
1037,64,0,0.02260197326540947,
1038,64,0,0.021004825830459595,
1039,64,0,0.021127214655280113,
1040,64,0,0.022973112761974335,
1041,64,0,0.022172395139932632,
1042,64,0,0.022085558623075485,
1043,64,0,0.024952415376901627,
1044,64,0,0.019953081384301186,
1045,64,0,0.023098047822713852,
1046,64,0,0.023741483688354492,
1047,64,0,0.021202897652983665,
1048,64,0,0.02408902905881405,
1049,64,0,0.027286097407341003,
1050,64,0,0.023709610104560852,
1051,64,0,0.020657433196902275,
1052,64,0,0.022107882425189018,
1053,64,0,0.019260499626398087,
1054,64,0,0.025948993861675262,
1055,64,0,0.022929608821868896,
1056,64,0,0.021696321666240692,
1057,64,0,0.02240198664367199,
1058,64,0,0.016041971743106842,
1059,64,0,0.021239664405584335,
1060,64,0,0.027656635269522667,
1061,64,0,0.02442154847085476,
1062,64,0,0.021667173132300377,
1063,64,0,0.027500249445438385,
1064,64,0,0.020564384758472443,
1065,64,0,0.025531437247991562,
1066,64,0,0.022679980844259262,
1067,64,0,0.018585767596960068,
1068,64,0,0.020764540880918503,
1069,64,0,0.019607191905379295,
1070,64,0,0.021180113777518272,
1071,64,0,0.0222441665828228,
1072,64,0,0.020643655210733414,
1073,64,0,0.01925024203956127,
1074,64,0,0.02077244594693184,
1075,64,0,0.02587026171386242,
1076,64,0,0.019770629703998566,
1077,64,0,0.018192265182733536,
1078,64,0,0.022091573104262352,
1079,64,0,0.01976146548986435,
1080,64,0,0.025794699788093567,
1081,64,0,0.02342076227068901,
1082,64,0,0.02246476337313652,
1083,64,0,0.024899914860725403,
1084,64,0,0.023534482344985008,
1085,64,0,0.020378515124320984,
1086,64,0,0.01879366859793663,
1087,64,0,0.023816794157028198,
1088,64,0,0.018623050302267075,
1089,64,0,0.01773776486515999,
1090,64,0,0.020794019103050232,
1091,64,0,0.019158566370606422,
1092,64,0,0.024361517280340195,
1093,64,0,0.020576482638716698,
1094,64,0,0.020125098526477814,
1095,64,0,0.02062927931547165,
1096,64,0,0.021619854494929314,
1097,64,0,0.022799236699938774,
1098,64,0,0.025739382952451706,
1099,64,0,0.021218985319137573,
1100,64,0,0.01918035000562668,
1101,64,0,0.019098930060863495,
1102,64,0,0.021005433052778244,
1103,64,0,0.02411758527159691,
1104,64,0,0.021460775285959244,
1105,64,0,0.024179864674806595,
1106,64,0,0.019061947241425514,
1107,64,0,0.021606748923659325,
1108,64,0,0.021733254194259644,
1109,64,0,0.019956640899181366,
1110,64,0,0.02061971090734005,
1111,64,0,0.018464285880327225,
1112,64,0,0.01910613477230072,
1113,64,0,0.024285882711410522,
1114,64,0,0.021363427862524986,
1115,64,0,0.019234415143728256,
1116,64,0,0.020301267504692078,
1117,64,0,0.02251993678510189,
1118,64,0,0.020998433232307434,
1119,64,0,0.02225230261683464,
1120,64,0,0.016634464263916016,
1121,64,0,0.021191000938415527,
1122,64,0,0.021394547075033188,
1123,64,0,0.018667452037334442,
1124,64,0,0.024752728641033173,
1125,64,0,0.024923106655478477,
1126,64,0,0.018064631149172783,
1127,64,0,0.028229130432009697,
1128,64,0,0.01931598410010338,
1129,64,0,0.017938485369086266,
1130,64,0,0.02013612538576126,
1131,64,0,0.014410446397960186,
1132,64,0,0.016347631812095642,
1133,64,0,0.018249813467264175,
1134,64,0,0.02010718733072281,
1135,64,0,0.020743954926729202,
1136,64,0,0.022732757031917572,
1137,64,0,0.01879902184009552,
1138,64,0,0.02321748435497284,
1139,64,0,0.020913586020469666,
1140,64,0,0.01955844834446907,
1141,64,0,0.019728966057300568,
1142,64,0,0.019425418227910995,
1143,64,0,0.02468961477279663,
1144,64,0,0.026112070307135582,
1145,64,0,0.026761095970869064,
1146,64,0,0.027330493554472923,
1147,64,0,0.02393149398267269,
1148,64,0,0.02343466691672802,
1149,64,0,0.019639063626527786,
1150,64,0,0.021157613024115562,
1151,64,0,0.028211936354637146,
1152,64,0,0.022739728912711143,
1153,64,0,0.021214786916971207,
1154,64,0,0.02142476662993431,
1155,64,0,0.017915505915880203,
1156,64,0,0.021467318758368492,
1157,64,0,0.020861126482486725,
1158,64,0,0.02560259774327278,
1159,64,0,0.02020607888698578,
1160,64,0,0.023383308202028275,
1161,64,0,0.022965028882026672,
1162,64,0,0.022713681682944298,
1163,64,0,0.02237332984805107,
1164,64,0,0.022133633494377136,
1165,64,0,0.026296302676200867,
1166,64,0,0.02296954020857811,
1167,64,0,0.019660495221614838,
1168,64,0,0.02379028871655464,
1169,64,0,0.021389424800872803,
1170,64,0,0.01959584653377533,
1171,64,0,0.01893257349729538,
1172,64,0,0.02155422419309616,
1173,64,0,0.023043345659971237,
1174,64,0,0.018967967480421066,
1175,64,0,0.017942264676094055,
1176,64,0,0.020285697653889656,
1177,64,0,0.019153645262122154,
1178,64,0,0.02031382918357849,
1179,64,0,0.019494380801916122,
1180,64,0,0.022625451907515526,
1181,64,0,0.021724989637732506,
1182,64,0,0.02255411446094513,
1183,64,0,0.023229219019412994,
1184,64,0,0.02564089745283127,
1185,64,0,0.020309656858444214,
1186,64,0,0.019760143011808395,
1187,64,0,0.020561281591653824,
1188,64,0,0.021405359730124474,
1189,64,0,0.020847007632255554,
1190,64,0,0.018108632415533066,
1191,64,0,0.020826401188969612,
1192,64,0,0.01965518295764923,
1193,64,0,0.021285412833094597,
1194,64,0,0.029260169714689255,
1195,64,0,0.016485517844557762,
1196,64,0,0.021883327513933182,
1197,64,0,0.01931232586503029,
1198,64,0,0.025044254958629608,
1199,64,0,0.020237362012267113,
1200,64,0,0.020680515095591545,
1201,64,0,0.018281497061252594,
1202,64,0,0.01957826130092144,
1203,64,0,0.02290504239499569,
1204,64,0,0.01967003010213375,
1205,64,0,0.02653997391462326,
1206,64,0,0.021980328485369682,
1207,64,0,0.0219233687967062,
1208,64,0,0.01789967343211174,
1209,64,0,0.019997794181108475,
1210,64,0,0.01733362302184105,
1211,64,0,0.018086014315485954,
1212,64,0,0.020201055333018303,
1213,64,0,0.02002132683992386,
1214,64,0,0.019631393253803253,
1215,64,0,0.01797691360116005,
1216,64,0,0.02801733836531639,
1217,64,0,0.022059250622987747,
1218,64,0,0.01792236417531967,
1219,64,0,0.026958659291267395,
1220,64,0,0.02415725588798523,
1221,64,0,0.018450496718287468,
1222,64,0,0.023187024518847466,
1223,64,0,0.020314659923315048,
1224,64,0,0.021776199340820312,
1225,64,0,0.022685620933771133,
1226,64,0,0.02747747302055359,
1227,64,0,0.020889220759272575,
1228,64,0,0.021285247057676315,
1229,64,0,0.020218491554260254,
1230,64,0,0.0218921210616827,
1231,64,0,0.020512700080871582,
1232,64,0,0.025128673762083054,
1233,64,0,0.020565470680594444,
1234,64,0,0.020722677931189537,
1235,64,0,0.020384594798088074,
1236,64,0,0.019775817170739174,
1237,64,0,0.020352981984615326,
1238,64,0,0.02284400910139084,
1239,64,0,0.022998973727226257,
1240,64,0,0.02051703631877899,
1241,64,0,0.025470558553934097,
1242,64,0,0.02163863182067871,
1243,64,0,0.01980556547641754,
1244,64,0,0.0206126905977726,
1245,64,0,0.014924384653568268,
1246,64,0,0.023655235767364502,
1247,64,0,0.020985111594200134,
1248,64,0,0.0220249742269516,
1249,64,0,0.0175059512257576,
1250,64,0,0.01899397000670433,
1251,64,0,0.019401857629418373,
1252,64,0,0.02192062698304653,
1253,64,0,0.01995881274342537,
1254,64,0,0.01886678859591484,
1255,64,0,0.022686196491122246,
1256,64,0,0.01856810227036476,
1257,64,0,0.022265952080488205,
1258,64,0,0.02052328549325466,
1259,64,0,0.017051108181476593,
1260,64,0,0.02457675337791443,
1261,64,0,0.02173778973519802,
1262,64,0,0.020709823817014694,
1263,64,0,0.01750812493264675,
1264,64,0,0.01788415014743805,
1265,64,0,0.016455333679914474,
1266,64,0,0.02098069153726101,
1267,64,0,0.021977296099066734,
1268,64,0,0.019369928166270256,
1269,64,0,0.01862339675426483,
1270,64,0,0.018693208694458008,
1271,64,0,0.021291162818670273,
1272,64,0,0.018829792737960815,
1273,64,0,0.022524645552039146,
1274,64,0,0.01570252887904644,
1275,64,0,0.022560229524970055,
1276,64,0,0.016968922689557076,
1277,64,0,0.022440660744905472,
1278,64,0,0.020052526146173477,
1279,64,0,0.018106281757354736,
1280,64,0,0.01766156405210495,
1281,64,0,0.018252912908792496,
1282,64,0,0.02215168997645378,
1283,64,0,0.019183363765478134,
1284,64,0,0.022608529776334763,
1285,64,0,0.02195836417376995,
1286,64,0,0.020100323483347893,
1287,64,0,0.01899351179599762,
1288,64,0,0.019969237968325615,
1289,64,0,0.02521410584449768,
1290,64,0,0.0180843323469162,
1291,64,0,0.01880708336830139,
1292,64,0,0.01737145334482193,
1293,64,0,0.020606493577361107,
1294,64,0,0.01848800852894783,
1295,64,0,0.021051501855254173,
1296,64,0,0.018810570240020752,
1297,64,0,0.016098566353321075,
1298,64,0,0.021138181909918785,
1299,64,0,0.022096801549196243,
1300,64,0,0.0226934552192688,
1301,64,0,0.02723502740263939,
1302,64,0,0.021106747910380363,
1303,64,0,0.017334019765257835,
1304,64,0,0.02244657650589943,
1305,64,0,0.017514701932668686,
1306,64,0,0.020037081092596054,
1307,64,0,0.01743263751268387,
1308,64,0,0.020933549851179123,
1309,64,0,0.02225506864488125,
1310,64,0,0.018600091338157654,
1311,64,0,0.017145728692412376,
1312,64,0,0.022363055497407913,
1313,64,0,0.025698252022266388,
1314,64,0,0.019341107457876205,
1315,64,0,0.0225911196321249,
1316,64,0,0.015845052897930145,
1317,64,0,0.017196379601955414,
1318,64,0,0.02221154049038887,
1319,64,0,0.021001962944865227,
1320,64,0,0.01645740680396557,
1321,64,0,0.01999196782708168,
1322,64,0,0.0192241370677948,
1323,64,0,0.0197188388556242,
1324,64,0,0.020580140873789787,
1325,64,0,0.017808467149734497,
1326,64,0,0.018071098253130913,
1327,64,0,0.023188164457678795,
1328,64,0,0.01802409440279007,
1329,64,0,0.019526466727256775,
1330,64,0,0.017757747322320938,
1331,64,0,0.020470961928367615,
1332,64,0,0.019477881491184235,
1333,64,0,0.021101228892803192,
1334,64,0,0.021416347473859787,
1335,64,0,0.01964229717850685,
1336,64,0,0.024326954036951065,
1337,64,0,0.01646207645535469,
1338,64,0,0.01818186789751053,
1339,64,0,0.023946639150381088,
1340,64,0,0.021242931485176086,
1341,64,0,0.021403059363365173,
1342,64,0,0.018141061067581177,
1343,64,0,0.01881438121199608,
1344,64,0,0.025230493396520615,
1345,64,0,0.02191678248345852,
1346,64,0,0.018965914845466614,
1347,64,0,0.02229929529130459,
1348,64,0,0.019814321771264076,
1349,64,0,0.020532868802547455,
1350,64,0,0.018769994378089905,
1351,64,0,0.019871775060892105,
1352,64,0,0.01735440269112587,
1353,64,0,0.017799628898501396,
1354,64,0,0.019429754465818405,
1355,64,0,0.01916687749326229,
1356,64,0,0.024318283423781395,
1357,64,0,0.020449522882699966,
1358,64,0,0.021050279960036278,
1359,64,0,0.0182000994682312,
1360,64,0,0.018551848828792572,
1361,64,0,0.019396871328353882,
1362,64,0,0.017180800437927246,
1363,64,0,0.017921525985002518,
1364,64,0,0.019573666155338287,
1365,64,0,0.016872886568307877,
1366,64,0,0.021921250969171524,
1367,64,0,0.0234176404774189,
1368,64,0,0.02452126145362854,
1369,64,0,0.015948763117194176,
1370,64,0,0.022813204675912857,
1371,64,0,0.01855342462658882,
1372,64,0,0.02056073769927025,
1373,64,0,0.022264903411269188,
1374,64,0,0.020078672096133232,
1375,64,0,0.021260788664221764,
1376,64,0,0.022164365276694298,
1377,64,0,0.017206396907567978,
1378,64,0,0.02162840962409973,
1379,64,0,0.019530070945620537,
1380,64,0,0.01576044410467148,
1381,64,0,0.022499803453683853,
1382,64,0,0.02362046204507351,
1383,64,0,0.023734182119369507,
1384,64,0,0.018576325848698616,
1385,64,0,0.021282989531755447,
1386,64,0,0.01824931614100933,
1387,64,0,0.019901875406503677,
1388,64,0,0.018740002065896988,
1389,64,0,0.0161224827170372,
1390,64,0,0.02066642791032791,
1391,64,0,0.02060997299849987,
1392,64,0,0.019948799163103104,
1393,64,0,0.01746479794383049,
1394,64,0,0.01787775568664074,
1395,64,0,0.01831870526075363,
1396,64,0,0.01915314607322216,
1397,64,0,0.017930807545781136,
1398,64,0,0.018803482875227928,
1399,64,0,0.019351374357938766,
1400,64,0,0.019187837839126587,
1401,64,0,0.020157452672719955,
1402,64,0,0.01782090589404106,
1403,64,0,0.021157942712306976,
1404,64,0,0.02129596471786499,
1405,64,0,0.021006722003221512,
1406,64,0,0.030624419450759888,
1407,64,0,0.019048618152737617,
1408,64,0,0.01907031238079071,
1409,64,0,0.022965755313634872,
1410,64,0,0.020848382264375687,
1411,64,0,0.019603373482823372,
1412,64,0,0.018174704164266586,
1413,64,0,0.016191985458135605,
1414,64,0,0.022014422342181206,
1415,64,0,0.020874876528978348,
1416,64,0,0.01607855036854744,
1417,64,0,0.01636970043182373,
1418,64,0,0.025062378495931625,
1419,64,0,0.017895519733428955,
1420,64,0,0.021262794733047485,
1421,64,0,0.017527639865875244,
1422,64,0,0.020335201174020767,
1423,64,0,0.022747179493308067,
1424,64,0,0.021527927368879318,
1425,64,0,0.020925167948007584,
1426,64,0,0.021122511476278305,
1427,64,0,0.019591836258769035,
1428,64,0,0.022856764495372772,
1429,64,0,0.023000871762633324,
1430,64,0,0.018798477947711945,
1431,64,0,0.020391380414366722,
1432,64,0,0.01813744567334652,
1433,64,0,0.018342208117246628,
1434,64,0,0.018823882564902306,
1435,64,0,0.020647382363677025,
1436,64,0,0.023304101079702377,
1437,64,0,0.021702829748392105,
1438,64,0,0.022414004430174828,
1439,64,0,0.021534103900194168,
1440,64,0,0.019425535574555397,
1441,64,0,0.024627044796943665,
1442,64,0,0.021694522351026535,
1443,64,0,0.021425113081932068,
1444,64,0,0.018681559711694717,
1445,64,0,0.01928464137017727,
1446,64,0,0.02149735391139984,
1447,64,0,0.02249070815742016,
1448,64,0,0.024957139045000076,
1449,64,0,0.02278423123061657,
1450,64,0,0.020105402916669846,
1451,64,0,0.021579965949058533,
1452,64,0,0.01738165318965912,
1453,64,0,0.017034176737070084,
1454,64,0,0.01790950819849968,
1455,64,0,0.01929263398051262,
1456,64,0,0.021131988614797592,
1457,64,0,0.016983382403850555,
1458,64,0,0.024424290284514427,
1459,64,0,0.018697334453463554,
1460,64,0,0.019398119300603867,
1461,64,0,0.01697276532649994,
1462,64,0,0.01840759627521038,
1463,64,0,0.019656702876091003,
1464,64,0,0.01737387292087078,
1465,64,0,0.021259725093841553,
1466,64,0,0.021290531381964684,
1467,64,0,0.021197237074375153,
1468,64,0,0.01686328649520874,
1469,64,0,0.020107436925172806,
1470,64,0,0.015758870169520378,
1471,64,0,0.015961308032274246,
1472,64,0,0.019062764942646027,
1473,64,0,0.019052686169743538,
1474,64,0,0.02260344848036766,
1475,64,0,0.017981257289648056,
1476,64,0,0.015087875537574291,
1477,64,0,0.0179844181984663,
1478,64,0,0.02086956799030304,
1479,64,0,0.01601763442158699,
1480,64,0,0.016617435961961746,
1481,64,0,0.020111117511987686,
1482,64,0,0.019127530977129936,
1483,64,0,0.02251971885561943,
1484,64,0,0.016442101448774338,
1485,64,0,0.017414463683962822,
1486,64,0,0.019375117495656013,
1487,64,0,0.019488319754600525,
1488,64,0,0.021388253197073936,
1489,64,0,0.021632349118590355,
1490,64,0,0.01814231090247631,
1491,64,0,0.02092616632580757,
1492,64,0,0.02199861966073513,
1493,64,0,0.019625116139650345,
1494,64,0,0.019913554191589355,
1495,64,0,0.017780035734176636,
1496,64,0,0.02256413921713829,
1497,64,0,0.020645517855882645,
1498,64,0,0.020828161388635635,
1499,64,0,0.021569659933447838,
1500,64,0,0.016160178929567337,
1501,64,0,0.015411353670060635,
1502,64,0,0.019169390201568604,
1503,64,0,0.01633920893073082,
1504,64,0,0.020493101328611374,
1505,64,0,0.023671206086874008,
1506,64,0,0.021182477474212646,
1507,64,0,0.025033652782440186,
1508,64,0,0.018587997183203697,
1509,64,0,0.016277825459837914,
1510,64,0,0.01569496840238571,
1511,64,0,0.022198086604475975,
1512,64,0,0.02061096392571926,
1513,64,0,0.01987924985587597,
1514,64,0,0.018359720706939697,
1515,64,0,0.023096827790141106,
1516,64,0,0.01776420697569847,
1517,64,0,0.01451041828840971,
1518,64,0,0.024853888899087906,
1519,64,0,0.018349938094615936,
1520,64,0,0.016137240454554558,
1521,64,0,0.022955846041440964,
1522,64,0,0.024810155853629112,
1523,64,0,0.016614630818367004,
1524,64,0,0.01721910759806633,
1525,64,0,0.017963897436857224,
1526,64,0,0.01719822734594345,
1527,64,0,0.020425496622920036,
1528,64,0,0.01627802476286888,
1529,64,0,0.016709472984075546,
1530,64,0,0.0172042865306139,
1531,64,0,0.016212964430451393,
1532,64,0,0.020803211256861687,
1533,64,0,0.01969790831208229,
1534,64,0,0.021887391805648804,
1535,64,0,0.018673907965421677,
1536,64,0,0.017079535871744156,
1537,64,0,0.019433485344052315,
1538,64,0,0.014784004539251328,
1539,64,0,0.0202602781355381,
1540,64,0,0.015080059878528118,
1541,64,0,0.017621364444494247,
1542,64,0,0.014935025945305824,
1543,64,0,0.017013169825077057,
1544,64,0,0.017762893810868263,
1545,64,0,0.018930524587631226,
1546,64,0,0.017562422901391983,
1547,64,0,0.016005370765924454,
1548,64,0,0.022648409008979797,
1549,64,0,0.017146294936537743,
1550,64,0,0.01757384091615677,
1551,64,0,0.022439679130911827,
1552,64,0,0.022089436650276184,
1553,64,0,0.022290490567684174,
1554,64,0,0.022672291845083237,
1555,64,0,0.019378816708922386,
1556,64,0,0.016367943957448006,
1557,64,0,0.01741574890911579,
1558,64,0,0.018173662945628166,
1559,64,0,0.019544271752238274,
1560,64,0,0.02072729356586933,
1561,64,0,0.019876863807439804,
1562,64,0,0.021077916026115417,
1563,64,0,0.02376648038625717,
1564,64,0,0.021978039294481277,
1565,64,0,0.016508182510733604,
1566,64,0,0.016991320997476578,
1567,64,0,0.020565010607242584,
1568,64,0,0.02950368821620941,
1569,64,0,0.017449550330638885,
1570,64,0,0.017639612779021263,
1571,64,0,0.019849468022584915,
1572,64,0,0.022778844460844994,
1573,64,0,0.016112390905618668,
1574,64,0,0.020253915339708328,
1575,64,0,0.025195416063070297,
1576,64,0,0.01830175332725048,
1577,64,0,0.019202634692192078,
1578,64,0,0.022101551294326782,
1579,64,0,0.015621083788573742,
1580,64,0,0.020959846675395966,
1581,64,0,0.01733236573636532,
1582,64,0,0.025271764025092125,
1583,64,0,0.017552969977259636,
1584,64,0,0.017389997839927673,
1585,64,0,0.026095956563949585,
1586,64,0,0.016239706426858902,
1587,64,0,0.016199780628085136,
1588,64,0,0.0146732646971941,
1589,64,0,0.018043383955955505,
1590,64,0,0.015434733591973782,
1591,64,0,0.01810285449028015,
1592,64,0,0.017023542895913124,
1593,64,0,0.01876826025545597,
1594,64,0,0.026382049545645714,
1595,64,0,0.01795617677271366,
1596,64,0,0.0192757248878479,
1597,64,0,0.016967613250017166,
1598,64,0,0.02185985818505287,
1599,64,0,0.02003115974366665,
1600,64,0,0.017826208844780922,
1601,64,0,0.018569106236100197,
1602,64,0,0.01733986660838127,
1603,64,0,0.018016427755355835,
1604,64,0,0.0192513819783926,
1605,64,0,0.019735164940357208,
1606,64,0,0.018238544464111328,
1607,64,0,0.016450829803943634,
1608,64,0,0.020168736577033997,
1609,64,0,0.017705895006656647,
1610,64,0,0.0182622279971838,
1611,64,0,0.02169322781264782,
1612,64,0,0.023021597415208817,
1613,64,0,0.018487509340047836,
1614,64,0,0.017507534474134445,
1615,64,0,0.020429041236639023,
1616,64,0,0.01667383871972561,
1617,64,0,0.016306402161717415,
1618,64,0,0.017698388546705246,
1619,64,0,0.019153140485286713,
1620,64,0,0.016410697251558304,
1621,64,0,0.017176372930407524,
1622,64,0,0.01842784881591797,
1623,64,0,0.019572541117668152,
1624,64,0,0.01753135584294796,
1625,64,0,0.02016270160675049,
1626,64,0,0.016581762582063675,
1627,64,0,0.01835852861404419,
1628,64,0,0.014842922799289227,
1629,64,0,0.017031317576766014,
1630,64,0,0.01916930451989174,
1631,64,0,0.020942693576216698,
1632,64,0,0.018507689237594604,
1633,64,0,0.020022977143526077,
1634,64,0,0.020407307893037796,
1635,64,0,0.020767316222190857,
1636,64,0,0.018319973722100258,
1637,64,0,0.0200587697327137,
1638,64,0,0.02252819389104843,
1639,64,0,0.02023783139884472,
1640,64,0,0.021017778664827347,
1641,64,0,0.018996810540556908,
1642,64,0,0.018596597015857697,
1643,64,0,0.026253849267959595,
1644,64,0,0.017161060124635696,
1645,64,0,0.027774211019277573,
1646,64,0,0.020409774035215378,
1647,64,0,0.01910826563835144,
1648,64,0,0.019694041460752487,
1649,64,0,0.02011612430214882,
1650,64,0,0.019954737275838852,
1651,64,0,0.02105913683772087,
1652,64,0,0.018374644219875336,
1653,64,0,0.01697109080851078,
1654,64,0,0.01744266226887703,
1655,64,0,0.02476351335644722,
1656,64,0,0.018270399421453476,
1657,64,0,0.021597063168883324,
1658,64,0,0.019657926633954048,
1659,64,0,0.02083299309015274,
1660,64,0,0.017131134867668152,
1661,64,0,0.02272026799619198,
1662,64,0,0.016979996114969254,
1663,64,0,0.01851832866668701,
1664,64,0,0.018816206604242325,
1665,64,0,0.01737326756119728,
1666,64,0,0.013667653314769268,
1667,64,0,0.017387142404913902,
1668,64,0,0.020434673875570297,
1669,64,0,0.020628178492188454,
1670,64,0,0.018353261053562164,
1671,64,0,0.020093420520424843,
1672,64,0,0.02007897198200226,
1673,64,0,0.021321475505828857,
1674,64,0,0.014744344167411327,
1675,64,0,0.01895960420370102,
1676,64,0,0.015633415430784225,
1677,64,0,0.019435523077845573,
1678,64,0,0.016577813774347305,
1679,64,0,0.014700982719659805,
1680,64,0,0.020929276943206787,
1681,64,0,0.01750015839934349,
1682,64,0,0.016318965703248978,
1683,64,0,0.017259426414966583,
1684,64,0,0.019146397709846497,
1685,64,0,0.016331404447555542,
1686,64,0,0.01775849238038063,
1687,64,0,0.01855815201997757,
1688,64,0,0.02411680482327938,
1689,64,0,0.019318455830216408,
1690,64,0,0.020093150436878204,
1691,64,0,0.018632443621754646,
1692,64,0,0.020616445690393448,
1693,64,0,0.019803281873464584,
1694,64,0,0.020831864327192307,
1695,64,0,0.015019147656857967,
1696,64,0,0.017186274752020836,
1697,64,0,0.019302144646644592,
1698,64,0,0.015515255741775036,
1699,64,0,0.01692594587802887,
1700,64,0,0.016362501308321953,
1701,64,0,0.022772178053855896,
1702,64,0,0.016927361488342285,
1703,64,0,0.018625406548380852,
1704,64,0,0.022414427250623703,
1705,64,0,0.01696617901325226,
1706,64,0,0.018796928226947784,
1707,64,0,0.017946839332580566,
1708,64,0,0.020645786076784134,
1709,64,0,0.017797376960515976,
1710,64,0,0.023972954601049423,
1711,64,0,0.019726773723959923,
1712,64,0,0.01610337197780609,
1713,64,0,0.01974424719810486,
1714,64,0,0.020937606692314148,
1715,64,0,0.01708638295531273,
1716,64,0,0.022901400923728943,
1717,64,0,0.02203230932354927,
1718,64,0,0.02133309468626976,
1719,64,0,0.020444732159376144,
1720,64,0,0.018401015549898148,
1721,64,0,0.01873812824487686,
1722,64,0,0.01748049259185791,
1723,64,0,0.020281504839658737,
1724,64,0,0.02231001853942871,
1725,64,0,0.015260115265846252,
1726,64,0,0.01721634343266487,
1727,64,0,0.01891852729022503,
1728,64,0,0.020021751523017883,
1729,64,0,0.020888883620500565,
1730,64,0,0.015467691235244274,
1731,64,0,0.01944013684988022,
1732,64,0,0.023059792816638947,
1733,64,0,0.01652110554277897,
1734,64,0,0.019307442009449005,
1735,64,0,0.018618788570165634,
1736,64,0,0.018674951046705246,
1737,64,0,0.02124374732375145,
1738,64,0,0.018111471086740494,
1739,64,0,0.019405558705329895,
1740,64,0,0.020191852003335953,
1741,64,0,0.024118220433592796,
1742,64,0,0.019396604970097542,
1743,64,0,0.02126886509358883,
1744,64,0,0.016862375661730766,
1745,64,0,0.018876725807785988,
1746,64,0,0.021710693836212158,
1747,64,0,0.018658120185136795,
1748,64,0,0.015040176920592785,
1749,64,0,0.016520723700523376,
1750,64,0,0.015452630817890167,
1751,64,0,0.01898936554789543,
1752,64,0,0.019526146352291107,
1753,64,0,0.013543548993766308,
1754,64,0,0.01859958842396736,
1755,64,0,0.022576283663511276,
1756,64,0,0.01630125567317009,
1757,64,0,0.020248625427484512,
1758,64,0,0.01610196754336357,
1759,64,0,0.016830861568450928,
1760,64,0,0.016930051147937775,
1761,64,0,0.02217453345656395,
1762,64,0,0.016166072338819504,
1763,64,0,0.016143061220645905,
1764,64,0,0.017175128683447838,
1765,64,0,0.016456905752420425,
1766,64,0,0.016198936849832535,
1767,64,0,0.01762959733605385,
1768,64,0,0.014874088577926159,
1769,64,0,0.014336958527565002,
1770,64,0,0.022812848910689354,
1771,64,0,0.018655505031347275,
1772,64,0,0.021679578348994255,
1773,64,0,0.018228445202112198,
1774,64,0,0.019355054944753647,
1775,64,0,0.020870788022875786,
1776,64,0,0.017038928344845772,
1777,64,0,0.018656864762306213,
1778,64,0,0.025265119969844818,
1779,64,0,0.015180381014943123,
1780,64,0,0.017986804246902466,
1781,64,0,0.02158808708190918,
1782,64,0,0.017993824556469917,
1783,64,0,0.01918928325176239,
1784,64,0,0.019587170332670212,
1785,64,0,0.018173888325691223,
1786,64,0,0.017165033146739006,
1787,64,0,0.019640302285552025,
1788,64,0,0.016891617327928543,
1789,64,0,0.019830934703350067,
1790,64,0,0.015428481623530388,
1791,64,0,0.019002288579940796,
1792,64,0,0.020876888185739517,
1793,64,0,0.01975073292851448,
1794,64,0,0.01813458278775215,
1795,64,0,0.017699148505926132,
1796,64,0,0.019022442400455475,
1797,64,0,0.016552066430449486,
1798,64,0,0.017747240141034126,
1799,64,0,0.019068676978349686,
1800,64,0,0.020258499309420586,
1801,64,0,0.01942194066941738,
1802,64,0,0.018413588404655457,
1803,64,0,0.015432994812726974,
1804,64,0,0.02004733681678772,
1805,64,0,0.020952031016349792,
1806,64,0,0.014464495703577995,
1807,64,0,0.01773667335510254,
1808,64,0,0.0182352215051651,
1809,64,0,0.018975399434566498,
1810,64,0,0.015286091715097427,
1811,64,0,0.016946956515312195,
1812,64,0,0.01960699073970318,
1813,64,0,0.018329402431845665,
1814,64,0,0.015186749398708344,
1815,64,0,0.017967453226447105,
1816,64,0,0.020576056092977524,
1817,64,0,0.023547492921352386,
1818,64,0,0.01955575682222843,
1819,64,0,0.014488225802779198,
1820,64,0,0.017405305057764053,
1821,64,0,0.01614830270409584,
1822,64,0,0.018442796543240547,
1823,64,0,0.015242917463183403,
1824,64,0,0.02314983308315277,
1825,64,0,0.021230479702353477,
1826,64,0,0.01850503496825695,
1827,64,0,0.02191277965903282,
1828,64,0,0.021375399082899094,
1829,64,0,0.020939549431204796,
1830,64,0,0.01596991717815399,
1831,64,0,0.017753425985574722,
1832,64,0,0.015227822586894035,
1833,64,0,0.021846918389201164,
1834,64,0,0.017799418419599533,
1835,64,0,0.0146773187443614,
1836,64,0,0.021118156611919403,
1837,64,0,0.019719775766134262,
1838,64,0,0.017570238560438156,
1839,64,0,0.0181678906083107,
1840,64,0,0.01848733052611351,
1841,64,0,0.019362090155482292,
1842,64,0,0.01761591248214245,
1843,64,0,0.016054973006248474,
1844,64,0,0.01826281100511551,
1845,64,0,0.016405610367655754,
1846,64,0,0.02207251638174057,
1847,64,0,0.016485806554555893,
1848,64,0,0.01770920306444168,
1849,64,0,0.018519358709454536,
1850,64,0,0.015247012488543987,
1851,64,0,0.014836341142654419,
1852,64,0,0.015007471665740013,
1853,64,0,0.017770273610949516,
1854,64,0,0.013497736304998398,
1855,64,0,0.020285634323954582,
1856,64,0,0.017484750598669052,
1857,64,0,0.015747014433145523,
1858,64,0,0.014879783615469933,
1859,64,0,0.01688966527581215,
1860,64,0,0.017803024500608444,
1861,64,0,0.01720639318227768,
1862,64,0,0.012563986703753471,
1863,64,0,0.015832338482141495,
1864,64,0,0.019908133894205093,
1865,64,0,0.0151620302349329,
1866,64,0,0.021545400843024254,
1867,64,0,0.02014070563018322,
1868,64,0,0.02190101146697998,
1869,64,0,0.017116136848926544,
1870,64,0,0.02122797630727291,
1871,64,0,0.015861719846725464,
1872,64,0,0.016566865146160126,
1873,64,0,0.016718406230211258,
1874,64,0,0.020145153626799583,
1875,64,0,0.016108794137835503,
1876,64,0,0.02131987363100052,
1877,64,0,0.020313521847128868,
1878,64,0,0.018728984519839287,
1879,64,0,0.017957478761672974,
1880,64,0,0.020108666270971298,
1881,64,0,0.02186448499560356,
1882,64,0,0.02194891683757305,
1883,64,0,0.017095908522605896,
1884,64,0,0.018064584583044052,
1885,64,0,0.020414095371961594,
1886,64,0,0.02085704728960991,
1887,64,0,0.017874008044600487,
1888,64,0,0.01791851408779621,
1889,64,0,0.01834544539451599,
1890,64,0,0.01724286563694477,
1891,64,0,0.01801193132996559,
1892,64,0,0.015893273055553436,
1893,64,0,0.01965700089931488,
1894,64,0,0.017651811242103577,
1895,64,0,0.019129246473312378,
1896,64,0,0.01824207976460457,
1897,64,0,0.01868283376097679,
1898,64,0,0.0170294176787138,
1899,64,0,0.01827099360525608,
1900,64,0,0.018703147768974304,
1901,64,0,0.017201444134116173,
1902,64,0,0.0200447179377079,
1903,64,0,0.015630289912223816,
1904,64,0,0.01738690957427025,
1905,64,0,0.017404230311512947,
1906,64,0,0.02142791450023651,
1907,64,0,0.0179689172655344,
1908,64,0,0.019747912883758545,
1909,64,0,0.018108751624822617,
1910,64,0,0.014333998784422874,
1911,64,0,0.01762765273451805,
1912,64,0,0.015764713287353516,
1913,64,0,0.01769900880753994,
1914,64,0,0.017985859885811806,
1915,64,0,0.01557968556880951,
1916,64,0,0.017312221229076385,
1917,64,0,0.01490013673901558,
1918,64,0,0.014612136408686638,
1919,64,0,0.016336655244231224,
1920,64,0,0.015320721082389355,
1921,64,0,0.020887594670057297,
1922,64,0,0.01955338940024376,
1923,64,0,0.020967155694961548,
1924,64,0,0.012794652953743935,
1925,64,0,0.02124835178256035,
1926,64,0,0.01853255368769169,
1927,64,0,0.019679613411426544,
1928,64,0,0.014245230704545975,
1929,64,0,0.019104089587926865,
1930,64,0,0.016832295805215836,
1931,64,0,0.018454743549227715,
1932,64,0,0.02094331756234169,
1933,64,0,0.02185368351638317,
1934,64,0,0.017254739999771118,
1935,64,0,0.022012677043676376,
1936,64,0,0.017262954264879227,
1937,64,0,0.014979628846049309,
1938,64,0,0.017010679468512535,
1939,64,0,0.0195061806589365,
1940,64,0,0.017608657479286194,
1941,64,0,0.017216026782989502,
1942,64,0,0.017699025571346283,
1943,64,0,0.01603557914495468,
1944,64,0,0.019860494881868362,
1945,64,0,0.017623666673898697,
1946,64,0,0.018004804849624634,
1947,64,0,0.021127810701727867,
1948,64,0,0.02006508968770504,
1949,64,0,0.02082100696861744,
1950,64,0,0.01854756474494934,
1951,64,0,0.01725345477461815,
1952,64,0,0.0196135975420475,
1953,64,0,0.018713708966970444,
1954,64,0,0.02150891348719597,
1955,64,0,0.016311345621943474,
1956,64,0,0.013530224561691284,
1957,64,0,0.015901580452919006,
1958,64,0,0.017391566187143326,
1959,64,0,0.015623295679688454,
1960,64,0,0.020083310082554817,
1961,64,0,0.021351557224988937,
1962,64,0,0.01572517491877079,
1963,64,0,0.01843140460550785,
1964,64,0,0.020142987370491028,
1965,64,0,0.016047578305006027,
1966,64,0,0.01892329379916191,
1967,64,0,0.021910816431045532,
1968,64,0,0.017093531787395477,
1969,64,0,0.016389688476920128,
1970,64,0,0.020206598564982414,
1971,64,0,0.02146860584616661,
1972,64,0,0.01853746548295021,
1973,64,0,0.020539220422506332,
1974,64,0,0.018161596730351448,
1975,64,0,0.014790931716561317,
1976,64,0,0.016253504902124405,
1977,64,0,0.018841885030269623,
1978,64,0,0.014839175157248974,
1979,64,0,0.019166717305779457,
1980,64,0,0.021322092041373253,
1981,64,0,0.015149007551372051,
1982,64,0,0.01954834908246994,
1983,64,0,0.021284237504005432,
1984,64,0,0.015738768503069878,
1985,64,0,0.01898959092795849,
1986,64,0,0.019814293831586838,
1987,64,0,0.020616302266716957,
1988,64,0,0.01739102229475975,
1989,64,0,0.016418924555182457,
1990,64,0,0.016869504004716873,
1991,64,0,0.017638005316257477,
1992,64,0,0.018777333199977875,
1993,64,0,0.017788492143154144,
1994,64,0,0.018970321863889694,
1995,64,0,0.018141821026802063,
1996,64,0,0.01584222912788391,
1997,64,0,0.01726648584008217,
1998,64,0,0.017212731763720512,
1999,64,0,0.020993303507566452,
2000,64,0,0.01841278374195099,,0.014059396004898752,0.6476225885280861,19.580760780414796
2001,64,0,0.019115669652819633,
2002,64,0,0.017086107283830643,
2003,64,0,0.014421915635466576,
2004,64,0,0.020489830523729324,
2005,64,0,0.019613970071077347,
2006,64,0,0.02106422744691372,
2007,64,0,0.017825309187173843,
2008,64,0,0.018646351993083954,
2009,64,0,0.018511176109313965,
2010,64,0,0.018351320177316666,
2011,64,0,0.018372993916273117,
2012,64,0,0.01603422872722149,
2013,64,0,0.017864488065242767,
2014,64,0,0.016463354229927063,
2015,64,0,0.01779169961810112,
2016,64,0,0.01881336234509945,
2017,64,0,0.015645042061805725,
2018,64,0,0.0192243829369545,
2019,64,0,0.016437597572803497,
2020,64,0,0.0186031311750412,
2021,64,0,0.015809794887900352,
2022,64,0,0.01846897415816784,
2023,64,0,0.0176461860537529,
2024,64,0,0.02163165807723999,
2025,64,0,0.014492176473140717,
2026,64,0,0.024025794118642807,
2027,64,0,0.017479153349995613,
2028,64,0,0.02226143144071102,
2029,64,0,0.01976880431175232,
2030,64,0,0.020708642899990082,
2031,64,0,0.015481183305382729,
2032,64,0,0.01682291552424431,
2033,64,0,0.01679878681898117,
2034,64,0,0.017640121281147003,
2035,64,0,0.018149664625525475,
2036,64,0,0.016850020736455917,
2037,64,0,0.01710372418165207,
2038,64,0,0.015247013419866562,
2039,64,0,0.019958093762397766,
2040,64,0,0.017124377191066742,
2041,64,0,0.018336445093154907,
2042,64,0,0.019249990582466125,
2043,64,0,0.01808036118745804,
2044,64,0,0.016233500093221664,
2045,64,0,0.016334407031536102,
2046,64,0,0.016885628923773766,
2047,64,0,0.01663888618350029,
2048,64,0,0.020902439951896667,
2049,64,0,0.015653496608138084,
2050,64,0,0.018149591982364655,
2051,64,0,0.023641003295779228,
2052,64,0,0.014891314320266247,
2053,64,0,0.020457733422517776,
2054,64,0,0.020790595561265945,
2055,64,0,0.017283795401453972,
2056,64,0,0.016771838068962097,
2057,64,0,0.015733104199171066,
2058,64,0,0.017131952568888664,
2059,64,0,0.013782799243927002,
2060,64,0,0.018754862248897552,
2061,64,0,0.02180933952331543,
2062,64,0,0.01812019571661949,
2063,64,0,0.018791429698467255,
2064,64,0,0.015705574303865433,
2065,64,0,0.01625968888401985,
2066,64,0,0.01890324428677559,
2067,64,0,0.0181991346180439,
2068,64,0,0.01611674576997757,
2069,64,0,0.02166268229484558,
2070,64,0,0.018640751019120216,
2071,64,0,0.014592505060136318,
2072,64,0,0.016151688992977142,
2073,64,0,0.015658337622880936,
2074,64,0,0.01842222735285759,
2075,64,0,0.019842687994241714,
2076,64,0,0.01805873215198517,
2077,64,0,0.016840515658259392,
2078,64,0,0.018714044243097305,
2079,64,0,0.015916749835014343,
2080,64,0,0.019854895770549774,
2081,64,0,0.0215795636177063,
2082,64,0,0.022242030128836632,
2083,64,0,0.01763109490275383,
2084,64,0,0.016735835000872612,
2085,64,0,0.018148723989725113,
2086,64,0,0.02067774534225464,
2087,64,0,0.01794375106692314,
2088,64,0,0.022073296830058098,
2089,64,0,0.01839170791208744,
2090,64,0,0.017370646819472313,
2091,64,0,0.01784089021384716,
2092,64,0,0.02094552479684353,
2093,64,0,0.01888616569340229,
2094,64,0,0.01833193376660347,
2095,64,0,0.017976751551032066,
2096,64,0,0.01537734642624855,
2097,64,0,0.01981884054839611,
2098,64,0,0.015636440366506577,
2099,64,0,0.017310041934251785,
2100,64,0,0.017496682703495026,
2101,64,0,0.01617869734764099,
2102,64,0,0.0170051921159029,
2103,64,0,0.020403318107128143,
2104,64,0,0.019438277930021286,
2105,64,0,0.01635749451816082,
2106,64,0,0.016628267243504524,
2107,64,0,0.0168200321495533,
2108,64,0,0.019117800518870354,
2109,64,0,0.019633373245596886,
2110,64,0,0.01885242387652397,
2111,64,0,0.019313903525471687,
2112,64,0,0.018215619027614594,
2113,64,0,0.018040984869003296,
2114,64,0,0.016304362565279007,
2115,64,0,0.020616158843040466,
2116,64,0,0.016980811953544617,
2117,64,0,0.020570166409015656,
2118,64,0,0.01552390493452549,
2119,64,0,0.017106976360082626,
2120,64,0,0.019706301391124725,
2121,64,0,0.019083773717284203,
2122,64,0,0.019912613555788994,
2123,64,0,0.014094325713813305,
2124,64,0,0.017021123319864273,
2125,64,0,0.015100613236427307,
2126,64,0,0.02079804241657257,
2127,64,0,0.01709095947444439,
2128,64,0,0.0177615936845541,
2129,64,0,0.01751561462879181,
2130,64,0,0.020523658022284508,
2131,64,0,0.017802102491259575,
2132,64,0,0.014165732078254223,
2133,64,0,0.014298183843493462,
2134,64,0,0.01717866212129593,
2135,64,0,0.014873526990413666,
2136,64,0,0.018206743523478508,
2137,64,0,0.014885758981108665,
2138,64,0,0.01893533393740654,
2139,64,0,0.015309331938624382,
2140,64,0,0.018289892002940178,
2141,64,0,0.017468687146902084,
2142,64,0,0.015562368556857109,
2143,64,0,0.016029279679059982,
2144,64,0,0.018685797229409218,
2145,64,0,0.021169370040297508,
2146,64,0,0.019357062876224518,
2147,64,0,0.016785865649580956,
2148,64,0,0.019871661439538002,
2149,64,0,0.016645263880491257,
2150,64,0,0.017506368458271027,
2151,64,0,0.01899898052215576,
2152,64,0,0.018566295504570007,
2153,64,0,0.02208961918950081,
2154,64,0,0.02064281515777111,
2155,64,0,0.017679093405604362,
2156,64,0,0.01948956400156021,
2157,64,0,0.01426479872316122,
2158,64,0,0.015325842425227165,
2159,64,0,0.018890637904405594,
2160,64,0,0.019490987062454224,
2161,64,0,0.01871364749968052,
2162,64,0,0.016302861273288727,
2163,64,0,0.016770286485552788,
2164,64,0,0.017093181610107422,
2165,64,0,0.019759027287364006,
2166,64,0,0.01784512586891651,
2167,64,0,0.018743379041552544,
2168,64,0,0.018393499776721,
2169,64,0,0.01692821830511093,
2170,64,0,0.016756048426032066,
2171,64,0,0.020467236638069153,
2172,64,0,0.015541456639766693,
2173,64,0,0.017850767821073532,
2174,64,0,0.016556909307837486,
2175,64,0,0.015937846153974533,
2176,64,0,0.016021938994526863,
2177,64,0,0.014645318500697613,
2178,64,0,0.022281799465417862,
2179,64,0,0.01833648607134819,
2180,64,0,0.01351157110184431,
2181,64,0,0.018021656200289726,
2182,64,0,0.018530530855059624,
2183,64,0,0.014464274048805237,
2184,64,0,0.013505558483302593,
2185,64,0,0.017676912248134613,
2186,64,0,0.018112018704414368,
2187,64,0,0.013959426432847977,
2188,64,0,0.019849101081490517,
2189,64,0,0.018952375277876854,
2190,64,0,0.021980462595820427,
2191,64,0,0.014592266641557217,
2192,64,0,0.020072143524885178,
2193,64,0,0.01936528831720352,
2194,64,0,0.01712270826101303,
2195,64,0,0.01698783040046692,
2196,64,0,0.017216503620147705,
2197,64,0,0.014949711970984936,
2198,64,0,0.015508733689785004,
2199,64,0,0.01868320442736149,
2200,64,0,0.0178331658244133,
2201,64,0,0.016225315630435944,
2202,64,0,0.019936315715312958,
2203,64,0,0.01520969532430172,
2204,64,0,0.01778465323150158,
2205,64,0,0.019317038357257843,
2206,64,0,0.019465094432234764,
2207,64,0,0.019754702225327492,
2208,64,0,0.015976589173078537,
2209,64,0,0.0179910846054554,
2210,64,0,0.01826849952340126,
2211,64,0,0.017603132873773575,
2212,64,0,0.019603773951530457,
2213,64,0,0.018269618973135948,
2214,64,0,0.016718007624149323,
2215,64,0,0.019558224827051163,
2216,64,0,0.016891509294509888,
2217,64,0,0.01512761041522026,
2218,64,0,0.016651500016450882,
2219,64,0,0.015045566484332085,
2220,64,0,0.020001688972115517,
2221,64,0,0.01835159957408905,
2222,64,0,0.019158808514475822,
2223,64,0,0.017363078892230988,
2224,64,0,0.0208271611481905,
2225,64,0,0.01654631271958351,
2226,64,0,0.016732092946767807,
2227,64,0,0.017076298594474792,
2228,64,0,0.01905236765742302,
2229,64,0,0.019404606893658638,
2230,64,0,0.01420583389699459,
2231,64,0,0.015958396717905998,
2232,64,0,0.018754154443740845,
2233,64,0,0.015762528404593468,
2234,64,0,0.01839441806077957,
2235,64,0,0.019058268517255783,
2236,64,0,0.014751691371202469,
2237,64,0,0.018943313509225845,
2238,64,0,0.017331210896372795,
2239,64,0,0.015475275926291943,
2240,64,0,0.01764656975865364,
2241,64,0,0.018492039293050766,
2242,64,0,0.0180654413998127,
2243,64,0,0.01545776054263115,
2244,64,0,0.016841955482959747,
2245,64,0,0.01836067996919155,
2246,64,0,0.015226846560835838,
2247,64,0,0.020542144775390625,
2248,64,0,0.012575219385325909,
2249,64,0,0.01779068447649479,
2250,64,0,0.018596598878502846,
2251,64,0,0.020953428000211716,
2252,64,0,0.017270686104893684,
2253,64,0,0.014705395326018333,
2254,64,0,0.015135461464524269,
2255,64,0,0.017496202141046524,
2256,64,0,0.01407802477478981,
2257,64,0,0.015490598976612091,
2258,64,0,0.015433247201144695,
2259,64,0,0.015416770242154598,
2260,64,0,0.016406076028943062,
2261,64,0,0.017538679763674736,
2262,64,0,0.01708049513399601,
2263,64,0,0.017617130652070045,
2264,64,0,0.016264058649539948,
2265,64,0,0.013072103261947632,
2266,64,0,0.020832691341638565,
2267,64,0,0.013730019330978394,
2268,64,0,0.017286721616983414,
2269,64,0,0.016475876793265343,
2270,64,0,0.021945830434560776,
2271,64,0,0.018745360895991325,
2272,64,0,0.01578756794333458,
2273,64,0,0.016237184405326843,
2274,64,0,0.018623579293489456,
2275,64,0,0.0196724534034729,
2276,64,0,0.01794719509780407,
2277,64,0,0.018975991755723953,
2278,64,0,0.01694045029580593,
2279,64,0,0.018800942227244377,
2280,64,0,0.015380045399069786,
2281,64,0,0.014733060263097286,
2282,64,0,0.018022961914539337,
2283,64,0,0.018314126878976822,
2284,64,0,0.017389288172125816,
2285,64,0,0.01554154884070158,
2286,64,0,0.017281334847211838,
2287,64,0,0.01639249175786972,
2288,64,0,0.01756068877875805,
2289,64,0,0.013616478070616722,
2290,64,0,0.016039488837122917,
2291,64,0,0.015165982767939568,
2292,64,0,0.016420211642980576,
2293,64,0,0.01628025993704796,
2294,64,0,0.02054612897336483,
2295,64,0,0.02022533491253853,
2296,64,0,0.011946192011237144,
2297,64,0,0.01869780570268631,
2298,64,0,0.019674284383654594,
2299,64,0,0.02129288576543331,
2300,64,0,0.015237363986670971,
2301,64,0,0.014147525653243065,
2302,64,0,0.014976329170167446,
2303,64,0,0.019557025283575058,
2304,64,0,0.015670046210289,
2305,64,0,0.01392904669046402,
2306,64,0,0.014490030705928802,
2307,64,0,0.017857203260064125,
2308,64,0,0.017581433057785034,
2309,64,0,0.014368683099746704,
2310,64,0,0.015009979717433453,
2311,64,0,0.017499661073088646,
2312,64,0,0.017251865938305855,
2313,64,0,0.017775170505046844,
2314,64,0,0.020325761288404465,
2315,64,0,0.0179158803075552,
2316,64,0,0.017772126942873,
2317,64,0,0.016213906928896904,
2318,64,0,0.01904904656112194,
2319,64,0,0.02033451944589615,
2320,64,0,0.015608481131494045,
2321,64,0,0.01525711826980114,
2322,64,0,0.019783150404691696,
2323,64,0,0.01607179455459118,
2324,64,0,0.01833641529083252,
2325,64,0,0.018615666776895523,
2326,64,0,0.014809655956923962,
2327,64,0,0.018651841208338737,
2328,64,0,0.016388587653636932,
2329,64,0,0.019204869866371155,
2330,64,0,0.018861357122659683,
2331,64,0,0.01514248363673687,
2332,64,0,0.01854240521788597,
2333,64,0,0.014742616564035416,
2334,64,0,0.018833810463547707,
2335,64,0,0.019532304257154465,
2336,64,0,0.017367307096719742,
2337,64,0,0.018230825662612915,
2338,64,0,0.01619059406220913,
2339,64,0,0.017860248684883118,
2340,64,0,0.015205426141619682,
2341,64,0,0.013471169397234917,
2342,64,0,0.017881806939840317,
2343,64,0,0.014854555949568748,
2344,64,0,0.01847684197127819,
2345,64,0,0.01801373064517975,
2346,64,0,0.0155880656093359,
2347,64,0,0.019774755463004112,
2348,64,0,0.017025668174028397,
2349,64,0,0.019460279494524002,
2350,64,0,0.01646067015826702,
2351,64,0,0.016261301934719086,
2352,64,0,0.016349833458662033,
2353,64,0,0.014285331591963768,
2354,64,0,0.015446474775671959,
2355,64,0,0.0144053278490901,
2356,64,0,0.015610761009156704,
2357,64,0,0.01718868315219879,
2358,64,0,0.015825407579541206,
2359,64,0,0.017341095954179764,
2360,64,0,0.017225628718733788,
2361,64,0,0.017138896510004997,
2362,64,0,0.017789525911211967,
2363,64,0,0.02205486223101616,
2364,64,0,0.01719418540596962,
2365,64,0,0.019999295473098755,
2366,64,0,0.01717720553278923,
2367,64,0,0.020496446639299393,
2368,64,0,0.020269857719540596,
2369,64,0,0.017473433166742325,
2370,64,0,0.022759288549423218,
2371,64,0,0.017175331711769104,
2372,64,0,0.0160387996584177,
2373,64,0,0.01979789137840271,
2374,64,0,0.017864873632788658,
2375,64,0,0.017671935260295868,
2376,64,0,0.01809687539935112,
2377,64,0,0.017283814027905464,
2378,64,0,0.017013119533658028,
2379,64,0,0.015847954899072647,
2380,64,0,0.016114918515086174,
2381,64,0,0.01802980713546276,
2382,64,0,0.01467838790267706,
2383,64,0,0.017899159342050552,
2384,64,0,0.01813843473792076,
2385,64,0,0.01583690010011196,
2386,64,0,0.01333291083574295,
2387,64,0,0.015322394669055939,
2388,64,0,0.01949761062860489,
2389,64,0,0.019762644544243813,
2390,64,0,0.01827853173017502,
2391,64,0,0.021868182346224785,
2392,64,0,0.01714121177792549,
2393,64,0,0.013850650750100613,
2394,64,0,0.014257758855819702,
2395,64,0,0.01771651953458786,
2396,64,0,0.015919947996735573,
2397,64,0,0.017264720052480698,
2398,64,0,0.018217306584119797,
2399,64,0,0.015585452318191528,
2400,64,0,0.016080819070339203,
2401,64,0,0.018772955983877182,
2402,64,0,0.019357752054929733,
2403,64,0,0.014981667511165142,
2404,64,0,0.01584957353770733,
2405,64,0,0.016501089558005333,
2406,64,0,0.01522490382194519,
2407,64,0,0.017435576766729355,
2408,64,0,0.01644313707947731,
2409,64,0,0.01324290782213211,
2410,64,0,0.017543308436870575,
2411,64,0,0.01706750877201557,
2412,64,0,0.01753050461411476,
2413,64,0,0.015944194048643112,
2414,64,0,0.020212708041071892,
2415,64,0,0.01794903539121151,
2416,64,0,0.015918994322419167,
2417,64,0,0.017004728317260742,
2418,64,0,0.015539312735199928,
2419,64,0,0.02095666155219078,
2420,64,0,0.017025616019964218,
2421,64,0,0.016859592869877815,
2422,64,0,0.019469033926725388,
2423,64,0,0.020931219682097435,
2424,64,0,0.013712549582123756,
2425,64,0,0.0187020692974329,
2426,64,0,0.024321217089891434,
2427,64,0,0.018872089684009552,
2428,64,0,0.020056216046214104,
2429,64,0,0.018856078386306763,
2430,64,0,0.021837634965777397,
2431,64,0,0.018684398382902145,
2432,64,0,0.023104924708604813,
2433,64,0,0.018958894535899162,
2434,64,0,0.015758253633975983,
2435,64,0,0.017511852085590363,
2436,64,0,0.01849461905658245,
2437,64,0,0.020387621596455574,
2438,64,0,0.0147192208096385,
2439,64,0,0.014291348867118359,
2440,64,0,0.018302004784345627,
2441,64,0,0.016501955687999725,
2442,64,0,0.020741276443004608,
2443,64,0,0.013393651694059372,
2444,64,0,0.01846642792224884,
2445,64,0,0.018798425793647766,
2446,64,0,0.0189787819981575,
2447,64,0,0.01639258675277233,
2448,64,0,0.013942139223217964,
2449,64,0,0.01613585464656353,
2450,64,0,0.015918554738163948,
2451,64,0,0.017132040113210678,
2452,64,0,0.01855376735329628,
2453,64,0,0.015173169784247875,
2454,64,0,0.015069018118083477,
2455,64,0,0.013720501214265823,
2456,64,0,0.015208406373858452,
2457,64,0,0.019085068255662918,
2458,64,0,0.015625789761543274,
2459,64,0,0.01579337939620018,
2460,64,0,0.016809528693556786,
2461,64,0,0.017804380506277084,
2462,64,0,0.019222542643547058,
2463,64,0,0.01867019385099411,
2464,64,0,0.012533329427242279,
2465,64,0,0.016035228967666626,
2466,64,0,0.016268432140350342,
2467,64,0,0.015750624239444733,
2468,64,0,0.018177535384893417,
2469,64,0,0.020428812131285667,
2470,64,0,0.017908472567796707,
2471,64,0,0.01386504527181387,
2472,64,0,0.016864411532878876,
2473,64,0,0.01576358452439308,
2474,64,0,0.016353536397218704,
2475,64,0,0.01179797388613224,
2476,64,0,0.016593780368566513,
2477,64,0,0.014582766219973564,
2478,64,0,0.01476207934319973,
2479,64,0,0.014569498598575592,
2480,64,0,0.01458313874900341,
2481,64,0,0.014196474105119705,
2482,64,0,0.01520940475165844,
2483,64,0,0.01574552431702614,
2484,64,0,0.015973301604390144,
2485,64,0,0.017634034156799316,
2486,64,0,0.014246869832277298,
2487,64,0,0.014363078400492668,
2488,64,0,0.015619857236742973,
2489,64,0,0.019642405211925507,
2490,64,0,0.01748335361480713,
2491,64,0,0.01742631196975708,
2492,64,0,0.015834907069802284,
2493,64,0,0.01741161197423935,
2494,64,0,0.017840605229139328,
2495,64,0,0.01805693469941616,
2496,64,0,0.019250256940722466,
2497,64,0,0.01834646612405777,
2498,64,0,0.016459496691823006,
2499,64,0,0.016571439802646637,
2500,64,0,0.016086094081401825,
2501,64,0,0.015946269035339355,
2502,64,0,0.018506424501538277,
2503,64,0,0.018041526898741722,
2504,64,0,0.018213413655757904,
2505,64,0,0.016899410635232925,
2506,64,0,0.01825905404984951,
2507,64,0,0.019137684255838394,
2508,64,0,0.014547939412295818,
2509,64,0,0.015949735417962074,
2510,64,0,0.02179240807890892,
2511,64,0,0.014909036457538605,
2512,64,0,0.017472684383392334,
2513,64,0,0.017150424420833588,
2514,64,0,0.015925785526633263,
2515,64,0,0.015075065195560455,
2516,64,0,0.015545479953289032,
2517,64,0,0.02003374695777893,
2518,64,0,0.017978012561798096,
2519,64,0,0.018036630004644394,
2520,64,0,0.01884634606540203,
2521,64,0,0.015817515552043915,
2522,64,0,0.01481315866112709,
2523,64,0,0.020249955356121063,
2524,64,0,0.015014554373919964,
2525,64,0,0.019001102074980736,
2526,64,0,0.02057841792702675,
2527,64,0,0.01607568934559822,
2528,64,0,0.02017933502793312,
2529,64,0,0.017747661098837852,
2530,64,0,0.01745682582259178,
2531,64,0,0.01850644312798977,
2532,64,0,0.015693258494138718,
2533,64,0,0.014614591374993324,
2534,64,0,0.015985069796442986,
2535,64,0,0.015384439378976822,
2536,64,0,0.014507226645946503,
2537,64,0,0.013849427923560143,
2538,64,0,0.016496721655130386,
2539,64,0,0.017465747892856598,
2540,64,0,0.01579904556274414,
2541,64,0,0.017231140285730362,
2542,64,0,0.01575717329978943,
2543,64,0,0.020416012033820152,
2544,64,0,0.01627608761191368,
2545,64,0,0.019278082996606827,
2546,64,0,0.017822396010160446,
2547,64,0,0.018659748136997223,
2548,64,0,0.015839826315641403,
2549,64,0,0.015057659707963467,
2550,64,0,0.015526067465543747,
2551,64,0,0.0193692184984684,
2552,64,0,0.019420389086008072,
2553,64,0,0.019104015082120895,
2554,64,0,0.01806500181555748,
2555,64,0,0.019428223371505737,
2556,64,0,0.016438942402601242,
2557,64,0,0.01631499081850052,
2558,64,0,0.019588716328144073,
2559,64,0,0.01485353522002697,
2560,64,0,0.01652081124484539,
2561,64,0,0.01929452270269394,
2562,64,0,0.016100186854600906,
2563,64,0,0.020021628588438034,
2564,64,0,0.015962796285748482,
2565,64,0,0.018479835242033005,
2566,64,0,0.0148713244125247,
2567,64,0,0.01905250921845436,
2568,64,0,0.01696896366775036,
2569,64,0,0.016816815361380577,
2570,64,0,0.017175255343317986,
2571,64,0,0.018747717142105103,
2572,64,0,0.013977453112602234,
2573,64,0,0.015718314796686172,
2574,64,0,0.01990373060107231,
2575,64,0,0.015945151448249817,
2576,64,0,0.014380019158124924,
2577,64,0,0.014233594760298729,
2578,64,0,0.018633894622325897,
2579,64,0,0.013449091464281082,
2580,64,0,0.014127529226243496,
2581,64,0,0.015477260574698448,
2582,64,0,0.017497479915618896,
2583,64,0,0.014997865073382854,
2584,64,0,0.015219228342175484,
2585,64,0,0.015486981719732285,
2586,64,0,0.019068418070673943,
2587,64,0,0.020160501822829247,
2588,64,0,0.017408430576324463,
2589,64,0,0.015069670043885708,
2590,64,0,0.01689842902123928,
2591,64,0,0.015390433371067047,
2592,64,0,0.018260817974805832,
2593,64,0,0.020803719758987427,
2594,64,0,0.01698257029056549,
2595,64,0,0.01438059937208891,
2596,64,0,0.016846608370542526,
2597,64,0,0.012990172952413559,
2598,64,0,0.01572493463754654,
2599,64,0,0.018510138615965843,
2600,64,0,0.015110577456653118,
2601,64,0,0.01712852530181408,
2602,64,0,0.021750083193182945,
2603,64,0,0.017321299761533737,
2604,64,0,0.017730651423335075,
2605,64,0,0.01773838698863983,
2606,64,0,0.015273360535502434,
2607,64,0,0.019300077110528946,
2608,64,0,0.024688221514225006,
2609,64,0,0.013099338859319687,
2610,64,0,0.019449537619948387,
2611,64,0,0.016818886622786522,
2612,64,0,0.018335431814193726,
2613,64,0,0.017987307161092758,
2614,64,0,0.020924504846334457,
2615,64,0,0.018767310306429863,
2616,64,0,0.014719542115926743,
2617,64,0,0.01341081690043211,
2618,64,0,0.0157112218439579,
2619,64,0,0.012940648943185806,
2620,64,0,0.014445124194025993,
2621,64,0,0.01670221984386444,
2622,64,0,0.01570052094757557,
2623,64,0,0.016043812036514282,
2624,64,0,0.01565578579902649,
2625,64,0,0.015669558197259903,
2626,64,0,0.014029381796717644,
2627,64,0,0.01640564575791359,
2628,64,0,0.01540052704513073,
2629,64,0,0.020825620740652084,
2630,64,0,0.017248332500457764,
2631,64,0,0.016015127301216125,
2632,64,0,0.01597990281879902,
2633,64,0,0.01580200158059597,
2634,64,0,0.016722343862056732,
2635,64,0,0.014036505483090878,
2636,64,0,0.01735565811395645,
2637,64,0,0.016194891184568405,
2638,64,0,0.017265167087316513,
2639,64,0,0.01833813637495041,
2640,64,0,0.012352841906249523,
2641,64,0,0.01803499460220337,
2642,64,0,0.015490318648517132,
2643,64,0,0.01646813377737999,
2644,64,0,0.01457141898572445,
2645,64,0,0.020900538191199303,
2646,64,0,0.019452523440122604,
2647,64,0,0.014942362904548645,
2648,64,0,0.017333418130874634,
2649,64,0,0.013688324950635433,
2650,64,0,0.01619585230946541,
2651,64,0,0.014649011194705963,
2652,64,0,0.01850089058279991,
2653,64,0,0.017812207341194153,
2654,64,0,0.01365816779434681,
2655,64,0,0.01533968560397625,
2656,64,0,0.017138248309493065,
2657,64,0,0.014056794345378876,
2658,64,0,0.0158663522452116,
2659,64,0,0.01604609563946724,
2660,64,0,0.01787080243229866,
2661,64,0,0.01731983572244644,
2662,64,0,0.016988083720207214,
2663,64,0,0.017391864210367203,
2664,64,0,0.017416825518012047,
2665,64,0,0.01663133129477501,
2666,64,0,0.013132709078490734,
2667,64,0,0.018496640026569366,
2668,64,0,0.01808224245905876,
2669,64,0,0.0193460863083601,
2670,64,0,0.0170720424503088,
2671,64,0,0.019692860543727875,
2672,64,0,0.016960982233285904,
2673,64,0,0.015043596737086773,
2674,64,0,0.017935050651431084,
2675,64,0,0.017861761152744293,
2676,64,0,0.019524313509464264,
2677,64,0,0.02047257497906685,
2678,64,0,0.015447589568793774,
2679,64,0,0.01932598277926445,
2680,64,0,0.01520163007080555,
2681,64,0,0.01644383743405342,
2682,64,0,0.02028481662273407,
2683,64,0,0.018285511061549187,
2684,64,0,0.015222195535898209,
2685,64,0,0.01439962349832058,
2686,64,0,0.019554294645786285,
2687,64,0,0.0194158386439085,
2688,64,0,0.014942592009902,
2689,64,0,0.012805009260773659,
2690,64,0,0.018654676154255867,
2691,64,0,0.02111653797328472,
2692,64,0,0.015851881355047226,
2693,64,0,0.020266158506274223,
2694,64,0,0.017975520342588425,
2695,64,0,0.016463730484247208,
2696,64,0,0.017757808789610863,
2697,64,0,0.018134890124201775,
2698,64,0,0.0149880675598979,
2699,64,0,0.01752481237053871,
2700,64,0,0.014015533030033112,
2701,64,0,0.016768181696534157,
2702,64,0,0.015488932840526104,
2703,64,0,0.01702716015279293,
2704,64,0,0.017049744725227356,
2705,64,0,0.01253895740956068,
2706,64,0,0.015440559014678001,
2707,64,0,0.01525846403092146,
2708,64,0,0.022751271724700928,
2709,64,0,0.016506683081388474,
2710,64,0,0.01461599301546812,
2711,64,0,0.017152246087789536,
2712,64,0,0.012507039122283459,
2713,64,0,0.01799783669412136,
2714,64,0,0.013834300450980663,
2715,64,0,0.014074871316552162,
2716,64,0,0.01278212945908308,
2717,64,0,0.017541073262691498,
2718,64,0,0.014854328706860542,
2719,64,0,0.019725395366549492,
2720,64,0,0.01509478222578764,
2721,64,0,0.015423968434333801,
2722,64,0,0.015590946190059185,
2723,64,0,0.017882317304611206,
2724,64,0,0.016202926635742188,
2725,64,0,0.01898524910211563,
2726,64,0,0.015269852243363857,
2727,64,0,0.01330932229757309,
2728,64,0,0.017359621822834015,
2729,64,0,0.01712406985461712,
2730,64,0,0.014729660004377365,
2731,64,0,0.016173258423805237,
2732,64,0,0.016038887202739716,
2733,64,0,0.01551926787942648,
2734,64,0,0.01624663919210434,
2735,64,0,0.01425301842391491,
2736,64,0,0.019467545673251152,
2737,64,0,0.015156636945903301,
2738,64,0,0.013462429866194725,
2739,64,0,0.019616037607192993,
2740,64,0,0.016614951193332672,
2741,64,0,0.01689695566892624,
2742,64,0,0.016594298183918,
2743,64,0,0.013903507962822914,
2744,64,0,0.01823526620864868,
2745,64,0,0.015286348760128021,
2746,64,0,0.01541542075574398,
2747,64,0,0.01404262613505125,
2748,64,0,0.015596454963088036,
2749,64,0,0.014845414087176323,
2750,64,0,0.017214570194482803,
2751,64,0,0.014940137974917889,
2752,64,0,0.016205357387661934,
2753,64,0,0.015682285651564598,
2754,64,0,0.0188324972987175,
2755,64,0,0.013916089199483395,
2756,64,0,0.016061678528785706,
2757,64,0,0.0203295536339283,
2758,64,0,0.018118929117918015,
2759,64,0,0.011022988706827164,
2760,64,0,0.015485419891774654,
2761,64,0,0.014625035226345062,
2762,64,0,0.01566198840737343,
2763,64,0,0.01771501451730728,
2764,64,0,0.017522908747196198,
2765,64,0,0.017807260155677795,
2766,64,0,0.014915983192622662,
2767,64,0,0.01707998663187027,
2768,64,0,0.015539506450295448,
2769,64,0,0.017772365361452103,
2770,64,0,0.019395921379327774,
2771,64,0,0.01876933127641678,
2772,64,0,0.016163595020771027,
2773,64,0,0.014036543667316437,
2774,64,0,0.01867903769016266,
2775,64,0,0.019175885245203972,
2776,64,0,0.013790221884846687,
2777,64,0,0.01349074300378561,
2778,64,0,0.014188840053975582,
2779,64,0,0.015963999554514885,
2780,64,0,0.018310755491256714,
2781,64,0,0.014500460587441921,
2782,64,0,0.016934450715780258,
2783,64,0,0.015387351624667645,
2784,64,0,0.01853717863559723,
2785,64,0,0.01650947518646717,
2786,64,0,0.01812886819243431,
2787,64,0,0.014585423283278942,
2788,64,0,0.016946371644735336,
2789,64,0,0.015865318477153778,
2790,64,0,0.01419280469417572,
2791,64,0,0.012545472010970116,
2792,64,0,0.016375569626688957,
2793,64,0,0.01695196144282818,
2794,64,0,0.019834548234939575,
2795,64,0,0.01459007989615202,
2796,64,0,0.018034210428595543,
2797,64,0,0.017125867307186127,
2798,64,0,0.019381385296583176,
2799,64,0,0.018516873940825462,
2800,64,0,0.016557082533836365,
2801,64,0,0.015982797369360924,
2802,64,0,0.01752542145550251,
2803,64,0,0.019602090120315552,
2804,64,0,0.016966164112091064,
2805,64,0,0.01888483390212059,
2806,64,0,0.01932244375348091,
2807,64,0,0.013662862591445446,
2808,64,0,0.02069401554763317,
2809,64,0,0.01579524204134941,
2810,64,0,0.01274329423904419,
2811,64,0,0.015051591210067272,
2812,64,0,0.014258597046136856,
2813,64,0,0.015363512560725212,
2814,64,0,0.01881958357989788,
2815,64,0,0.011603030376136303,
2816,64,0,0.01467829942703247,
2817,64,0,0.016373803839087486,
2818,64,0,0.014849908649921417,
2819,64,0,0.019114991649985313,
2820,64,0,0.01910426653921604,
2821,64,0,0.01606632024049759,
2822,64,0,0.016745181754231453,
2823,64,0,0.0150272436439991,
2824,64,0,0.014845862984657288,
2825,64,0,0.01753869466483593,
2826,64,0,0.014811543747782707,
2827,64,0,0.016013752669095993,
2828,64,0,0.018498176708817482,
2829,64,0,0.01444911491125822,
2830,64,0,0.016960082575678825,
2831,64,0,0.013733010739088058,
2832,64,0,0.015536255203187466,
2833,64,0,0.015504255890846252,
2834,64,0,0.01514064334332943,
2835,64,0,0.017142660915851593,
2836,64,0,0.017387107014656067,
2837,64,0,0.01556897908449173,
2838,64,0,0.019067874178290367,
2839,64,0,0.016525324434041977,
2840,64,0,0.014342265203595161,
2841,64,0,0.01454765535891056,
2842,64,0,0.019273938611149788,
2843,64,0,0.016676319763064384,
2844,64,0,0.01672554761171341,
2845,64,0,0.016955774277448654,
2846,64,0,0.012521766126155853,
2847,64,0,0.017643122002482414,
2848,64,0,0.014659482054412365,
2849,64,0,0.016378583386540413,
2850,64,0,0.013828828930854797,
2851,64,0,0.015713252127170563,
2852,64,0,0.016042232513427734,
2853,64,0,0.015711678192019463,
2854,64,0,0.015134744346141815,
2855,64,0,0.014588444493710995,
2856,64,0,0.015479713678359985,
2857,64,0,0.018593313172459602,
2858,64,0,0.01843920722603798,
2859,64,0,0.02105814591050148,
2860,64,0,0.015570273622870445,
2861,64,0,0.017824292182922363,
2862,64,0,0.014177989214658737,
2863,64,0,0.017125636339187622,
2864,64,0,0.015272445045411587,
2865,64,0,0.01568235084414482,
2866,64,0,0.013036351650953293,
2867,64,0,0.01789744757115841,
2868,64,0,0.015175282955169678,
2869,64,0,0.012697379104793072,
2870,64,0,0.013739953748881817,
2871,64,0,0.017212774604558945,
2872,64,0,0.017073241993784904,
2873,64,0,0.01786695420742035,
2874,64,0,0.0172029510140419,
2875,64,0,0.014927426353096962,
2876,64,0,0.01614110916852951,
2877,64,0,0.016891660168766975,
2878,64,0,0.014539177529513836,
2879,64,0,0.014580797404050827,
2880,64,0,0.017429959028959274,
2881,64,0,0.016884755343198776,
2882,64,0,0.01601506769657135,
2883,64,0,0.015709180384874344,
2884,64,0,0.0183195061981678,
2885,64,0,0.01849713735282421,
2886,64,0,0.013723708689212799,
2887,64,0,0.01969553716480732,
2888,64,0,0.015119287185370922,
2889,64,0,0.015850979834794998,
2890,64,0,0.01749100536108017,
2891,64,0,0.014747058972716331,
2892,64,0,0.015547327697277069,
2893,64,0,0.01473010890185833,
2894,64,0,0.01766502484679222,
2895,64,0,0.017894050106406212,
2896,64,0,0.014941249042749405,
2897,64,0,0.013428881764411926,
2898,64,0,0.015790686011314392,
2899,64,0,0.012832998298108578,
2900,64,0,0.018773753196001053,
2901,64,0,0.016793593764305115,
2902,64,0,0.016392305493354797,
2903,64,0,0.012968383729457855,
2904,64,0,0.018657755106687546,
2905,64,0,0.015128124505281448,
2906,64,0,0.015369236469268799,
2907,64,0,0.01940694823861122,
2908,64,0,0.01783452183008194,
2909,64,0,0.01601126231253147,
2910,64,0,0.016075974330306053,
2911,64,0,0.014022961258888245,
2912,64,0,0.01642904430627823,
2913,64,0,0.01681015081703663,
2914,64,0,0.017013736069202423,
2915,64,0,0.015087364241480827,
2916,64,0,0.019154902547597885,
2917,64,0,0.015590513125061989,
2918,64,0,0.016001353040337563,
2919,64,0,0.01413877122104168,
2920,64,0,0.015780793502926826,
2921,64,0,0.016875453293323517,
2922,64,0,0.015112286433577538,
2923,64,0,0.016549471765756607,
2924,64,0,0.017879988998174667,
2925,64,0,0.016662321984767914,
2926,64,0,0.013300454244017601,
2927,64,0,0.01480912696570158,
2928,64,0,0.013465668074786663,
2929,64,0,0.01348169520497322,
2930,64,0,0.01724889688193798,
2931,64,0,0.01676454208791256,
2932,64,0,0.014489896595478058,
2933,64,0,0.013597071170806885,
2934,64,0,0.017379269003868103,
2935,64,0,0.013072683475911617,
2936,64,0,0.014560903422534466,
2937,64,0,0.016064509749412537,
2938,64,0,0.012657754123210907,
2939,64,0,0.018231485038995743,
2940,64,0,0.019243964925408363,
2941,64,0,0.014468511566519737,
2942,64,0,0.014468900859355927,
2943,64,0,0.014195479452610016,
2944,64,0,0.020202547311782837,
2945,64,0,0.017945891246199608,
2946,64,0,0.016332820057868958,
2947,64,0,0.015471749007701874,
2948,64,0,0.01701430231332779,
2949,64,0,0.015392245724797249,
2950,64,0,0.014324243180453777,
2951,64,0,0.016807597130537033,
2952,64,0,0.015366199426352978,
2953,64,0,0.017445247620344162,
2954,64,0,0.013623960316181183,
2955,64,0,0.012710345908999443,
2956,64,0,0.018253091722726822,
2957,64,0,0.014784454368054867,
2958,64,0,0.014904294162988663,
2959,64,0,0.012923553586006165,
2960,64,0,0.018024398013949394,
2961,64,0,0.016595391556620598,
2962,64,0,0.020981833338737488,
2963,64,0,0.014189659617841244,
2964,64,0,0.01671859622001648,
2965,64,0,0.019395451992750168,
2966,64,0,0.01609284058213234,
2967,64,0,0.016445500776171684,
2968,64,0,0.013496801257133484,
2969,64,0,0.015832481905817986,
2970,64,0,0.013716164045035839,
2971,64,0,0.016140952706336975,
2972,64,0,0.01518841739743948,
2973,64,0,0.017453670501708984,
2974,64,0,0.015945326536893845,
2975,64,0,0.016487902030348778,
2976,64,0,0.01558658480644226,
2977,64,0,0.01439172588288784,
2978,64,0,0.019139116629958153,
2979,64,0,0.01482776552438736,
2980,64,0,0.015738872811198235,
2981,64,0,0.015307657420635223,
2982,64,0,0.014342732727527618,
2983,64,0,0.016644086688756943,
2984,64,0,0.01514607947319746,
2985,64,0,0.014900652691721916,
2986,64,0,0.0150865837931633,
2987,64,0,0.015252411365509033,
2988,64,0,0.0170024111866951,
2989,64,0,0.016038672998547554,
2990,64,0,0.01474975049495697,
2991,64,0,0.017913496121764183,
2992,64,0,0.01360345259308815,
2993,64,0,0.015314510092139244,
2994,64,0,0.01622232049703598,
2995,64,0,0.014903332106769085,
2996,64,0,0.018249651417136192,
2997,64,0,0.01940782740712166,
2998,64,0,0.014841794967651367,
2999,64,0,0.015309888869524002,
3000,64,0,0.022512858733534813,,0.013508798321709037,0.6930719900395282,19.99673244252458
3001,64,0,0.017091812565922737,
3002,64,0,0.017861004918813705,
3003,64,0,0.014670833945274353,
3004,64,0,0.013681374490261078,
3005,64,0,0.012842374853789806,
3006,64,0,0.015675019472837448,
3007,64,0,0.014964628964662552,
3008,64,0,0.013388569466769695,
3009,64,0,0.017750609666109085,
3010,64,0,0.018448393791913986,
3011,64,0,0.014389701187610626,
3012,64,0,0.018705902621150017,
3013,64,0,0.016658024862408638,
3014,64,0,0.01530819945037365,
3015,64,0,0.01634380966424942,
3016,64,0,0.01930966041982174,
3017,64,0,0.017726048827171326,
3018,64,0,0.013696460984647274,
3019,64,0,0.01643427088856697,
3020,64,0,0.014445125125348568,
3021,64,0,0.012964783236384392,
3022,64,0,0.011664210818707943,
3023,64,0,0.01908278279006481,
3024,64,0,0.013116392306983471,
3025,64,0,0.017111217603087425,
3026,64,0,0.013443604111671448,
3027,64,0,0.02106088027358055,
3028,64,0,0.015236138366162777,
3029,64,0,0.013847346417605877,
3030,64,0,0.025060024112462997,
3031,64,0,0.018358156085014343,
3032,64,0,0.01261427253484726,
3033,64,0,0.01819640025496483,
3034,64,0,0.018964985385537148,
3035,64,0,0.014725133776664734,
3036,64,0,0.013121247291564941,
3037,64,0,0.012528367340564728,
3038,64,0,0.014591696672141552,
3039,64,0,0.017283614724874496,
3040,64,0,0.014906473457813263,
3041,64,0,0.01893158070743084,
3042,64,0,0.013538159430027008,
3043,64,0,0.013000061735510826,
3044,64,0,0.01897406578063965,
3045,64,0,0.017789848148822784,
3046,64,0,0.017783915624022484,
3047,64,0,0.014629649929702282,
3048,64,0,0.018579982221126556,
3049,64,0,0.013038311153650284,
3050,64,0,0.013810078613460064,
3051,64,0,0.014509076252579689,
3052,64,0,0.016117824241518974,
3053,64,0,0.012709483504295349,
3054,64,0,0.01528681255877018,
3055,64,0,0.01732594147324562,
3056,64,0,0.0183416735380888,
3057,64,0,0.016175314784049988,
3058,64,0,0.016099125146865845,
3059,64,0,0.015048274770379066,
3060,64,0,0.012240699492394924,
3061,64,0,0.020329512655735016,
3062,64,0,0.013844363391399384,
3063,64,0,0.01671156845986843,
3064,64,0,0.015146488323807716,
3065,64,0,0.015717733651399612,
3066,64,0,0.017931174486875534,
3067,64,0,0.01382218487560749,
3068,64,0,0.01624738983809948,
3069,64,0,0.018070397898554802,
3070,64,0,0.0176999531686306,
3071,64,0,0.013849555514752865,
3072,64,0,0.01340472511947155,
3073,64,0,0.016595933586359024,
3074,64,0,0.018817376345396042,
3075,64,0,0.018193461000919342,
3076,64,0,0.018594294786453247,
3077,64,0,0.01616610959172249,
3078,64,0,0.014622500166296959,
3079,64,0,0.013166799210011959,
3080,64,0,0.015261832624673843,
3081,64,0,0.015454918146133423,
3082,64,0,0.016782712191343307,
3083,64,0,0.014297793619334698,
3084,64,0,0.017106695100665092,
3085,64,0,0.014897225424647331,
3086,64,0,0.019034918397665024,
3087,64,0,0.013533959165215492,
3088,64,0,0.01655426435172558,
3089,64,0,0.014492685906589031,
3090,64,0,0.01486361026763916,
3091,64,0,0.013572360388934612,
3092,64,0,0.013097139075398445,
3093,64,0,0.016812432557344437,
3094,64,0,0.015944883227348328,
3095,64,0,0.01565658673644066,
3096,64,0,0.015900714322924614,
3097,64,0,0.017322948202490807,
3098,64,0,0.017009150236845016,
3099,64,0,0.015570121817290783,
3100,64,0,0.014230594038963318,
3101,64,0,0.01710575446486473,
3102,64,0,0.017891740426421165,
3103,64,0,0.01520785316824913,
3104,64,0,0.01807527244091034,
3105,64,0,0.017314091324806213,
3106,64,0,0.01498864870518446,
3107,64,0,0.016091950237751007,
3108,64,0,0.014653215184807777,
3109,64,0,0.018028784543275833,
3110,64,0,0.0136988190934062,
3111,64,0,0.01665591262280941,
3112,64,0,0.010916548781096935,
3113,64,0,0.016406334936618805,
3114,64,0,0.015952207148075104,
3115,64,0,0.01677386462688446,
3116,64,0,0.014728463254868984,
3117,64,0,0.019881075248122215,
3118,64,0,0.015100881457328796,
3119,64,0,0.017476944252848625,
3120,64,0,0.015198911540210247,
3121,64,0,0.017144134268164635,
3122,64,0,0.014507482759654522,
3123,64,0,0.017525993287563324,
3124,64,0,0.0151883689686656,
3125,64,0,0.02087150327861309,
3126,64,0,0.015950342640280724,
3127,64,0,0.01828215830028057,
3128,64,0,0.015398813411593437,
3129,64,0,0.01336628757417202,
3130,64,0,0.0169297456741333,
3131,64,0,0.01663285121321678,
3132,64,0,0.0159183070063591,
3133,64,0,0.016761071979999542,
3134,64,0,0.014260390773415565,
3135,64,0,0.013660180382430553,
3136,64,0,0.02126941829919815,
3137,64,0,0.015353972092270851,
3138,64,0,0.014531607739627361,
3139,64,0,0.012038315646350384,
3140,64,0,0.018295995891094208,
3141,64,0,0.014551382511854172,
3142,64,0,0.014540927484631538,
3143,64,0,0.01630314067006111,
3144,64,0,0.01512618362903595,
3145,64,0,0.015189897269010544,
3146,64,0,0.013467657379806042,
3147,64,0,0.012551514431834221,
3148,64,0,0.015386893413960934,
3149,64,0,0.019753504544496536,
3150,64,0,0.015794726088643074,
3151,64,0,0.01583627611398697,
3152,64,0,0.017376918345689774,
3153,64,0,0.020225776359438896,
3154,64,0,0.016699014231562614,
3155,64,0,0.01583692617714405,
3156,64,0,0.021365616470575333,
3157,64,0,0.014451099559664726,
3158,64,0,0.014735987409949303,
3159,64,0,0.016092639416456223,
3160,64,0,0.014890654012560844,
3161,64,0,0.01383921504020691,
3162,64,0,0.014880428090691566,
3163,64,0,0.01266681682318449,
3164,64,0,0.015102635137736797,
3165,64,0,0.014020237140357494,
3166,64,0,0.015169184654951096,
3167,64,0,0.012778041884303093,
3168,64,0,0.01803596317768097,
3169,64,0,0.013924483209848404,
3170,64,0,0.019104111939668655,
3171,64,0,0.014602817595005035,
3172,64,0,0.011068694293498993,
3173,64,0,0.01756230928003788,
3174,64,0,0.015425479039549828,
3175,64,0,0.014735783450305462,
3176,64,0,0.01613273099064827,
3177,64,0,0.014343848451972008,
3178,64,0,0.01570872589945793,
3179,64,0,0.013126294128596783,
3180,64,0,0.01379416324198246,
3181,64,0,0.014540836215019226,
3182,64,0,0.018530836328864098,
3183,64,0,0.01907496154308319,
3184,64,0,0.014121484011411667,
3185,64,0,0.014704929664731026,
3186,64,0,0.017461340874433517,
3187,64,0,0.015757251530885696,
3188,64,0,0.014620553702116013,
3189,64,0,0.016221411526203156,
3190,64,0,0.01682334765791893,
3191,64,0,0.014361227862536907,
3192,64,0,0.012635871767997742,
3193,64,0,0.01786103844642639,
3194,64,0,0.020706379786133766,
3195,64,0,0.017402205616235733,
3196,64,0,0.015310249291360378,
3197,64,0,0.014811545610427856,
3198,64,0,0.015205040574073792,
3199,64,0,0.013360455632209778,
3200,64,0,0.015339260920882225,
3201,64,0,0.017245590686798096,
3202,64,0,0.014150150120258331,
3203,64,0,0.0111461840569973,
3204,64,0,0.012618815526366234,
3205,64,0,0.013603609055280685,
3206,64,0,0.013594072312116623,
3207,64,0,0.017844974994659424,
3208,64,0,0.015839528292417526,
3209,64,0,0.0169912651181221,
3210,64,0,0.01813763938844204,
3211,64,0,0.014225347898900509,
3212,64,0,0.015934135764837265,
3213,64,0,0.014554118737578392,
3214,64,0,0.01790574938058853,
3215,64,0,0.014391940087080002,
3216,64,0,0.014921005815267563,
3217,64,0,0.017816420644521713,
3218,64,0,0.018234921619296074,
3219,64,0,0.01365834753960371,
3220,64,0,0.012234179303050041,
3221,64,0,0.01559397391974926,
3222,64,0,0.017255041748285294,
3223,64,0,0.017652561888098717,
3224,64,0,0.01593662053346634,
3225,64,0,0.015127880498766899,
3226,64,0,0.016631323844194412,
3227,64,0,0.01734432950615883,
3228,64,0,0.012645727023482323,
3229,64,0,0.012995822355151176,
3230,64,0,0.014754722826182842,
3231,64,0,0.01777513511478901,
3232,64,0,0.01292785070836544,
3233,64,0,0.012792572379112244,
3234,64,0,0.01430467888712883,
3235,64,0,0.013109615072607994,
3236,64,0,0.015321998856961727,
3237,64,0,0.015251092612743378,
3238,64,0,0.017249513417482376,
3239,64,0,0.013553202152252197,
3240,64,0,0.015849104151129723,
3241,64,0,0.015905611217021942,
3242,64,0,0.014783894643187523,
3243,64,0,0.013609389774501324,
3244,64,0,0.0164939071983099,
3245,64,0,0.015989884734153748,
3246,64,0,0.01837104931473732,
3247,64,0,0.015400905162096024,
3248,64,0,0.013117874972522259,
3249,64,0,0.011378752067685127,
3250,64,0,0.012201155535876751,
3251,64,0,0.019986899569630623,
3252,64,0,0.014218196272850037,
3253,64,0,0.015569744631648064,
3254,64,0,0.018297776579856873,
3255,64,0,0.015073268674314022,
3256,64,0,0.01402332168072462,
3257,64,0,0.0168050117790699,
3258,64,0,0.012743975035846233,
3259,64,0,0.012964945286512375,
3260,64,0,0.01592668890953064,
3261,64,0,0.015371370129287243,
3262,64,0,0.013922769576311111,
3263,64,0,0.013036980293691158,
3264,64,0,0.01382994931191206,
3265,64,0,0.016201231628656387,
3266,64,0,0.015946142375469208,
3267,64,0,0.01473914086818695,
3268,64,0,0.014798732474446297,
3269,64,0,0.0136699378490448,
3270,64,0,0.014205674640834332,
3271,64,0,0.01839912310242653,
3272,64,0,0.016271740198135376,
3273,64,0,0.014542563818395138,
3274,64,0,0.013593332841992378,
3275,64,0,0.015026522800326347,
3276,64,0,0.015916991978883743,
3277,64,0,0.013949758373200893,
3278,64,0,0.01345357857644558,
3279,64,0,0.012205152772367,
3280,64,0,0.018856775015592575,
3281,64,0,0.017531398683786392,
3282,64,0,0.01783846877515316,
3283,64,0,0.015929024666547775,
3284,64,0,0.015276926569640636,
3285,64,0,0.013984221033751965,
3286,64,0,0.016872365027666092,
3287,64,0,0.014145172201097012,
3288,64,0,0.014356198720633984,
3289,64,0,0.012124210596084595,
3290,64,0,0.012905031442642212,
3291,64,0,0.016866065561771393,
3292,64,0,0.01645353063941002,
3293,64,0,0.01544869877398014,
3294,64,0,0.015629883855581284,
3295,64,0,0.014987136237323284,
3296,64,0,0.01886565238237381,
3297,64,0,0.014450721442699432,
3298,64,0,0.0154051398858428,
3299,64,0,0.01463675033301115,
3300,64,0,0.014999604783952236,
3301,64,0,0.013303486630320549,
3302,64,0,0.015063157305121422,
3303,64,0,0.01566675864160061,
3304,64,0,0.017041798681020737,
3305,64,0,0.01267950888723135,
3306,64,0,0.01537642627954483,
3307,64,0,0.015880471095442772,
3308,64,0,0.015258739702403545,
3309,64,0,0.014802893623709679,
3310,64,0,0.01264650747179985,
3311,64,0,0.014858685433864594,
3312,64,0,0.01715945079922676,
3313,64,0,0.014156490564346313,
3314,64,0,0.01667315699160099,
3315,64,0,0.01928049698472023,
3316,64,0,0.017036017030477524,
3317,64,0,0.016561439260840416,
3318,64,0,0.017588473856449127,
3319,64,0,0.016388356685638428,
3320,64,0,0.01374566089361906,
3321,64,0,0.015680987387895584,
3322,64,0,0.01448097825050354,
3323,64,0,0.01802651397883892,
3324,64,0,0.01248933281749487,
3325,64,0,0.0162959061563015,
3326,64,0,0.013488302938640118,
3327,64,0,0.01541859470307827,
3328,64,0,0.014023659750819206,
3329,64,0,0.014768349938094616,
3330,64,0,0.016015229746699333,
3331,64,0,0.019288595765829086,
3332,64,0,0.020563453435897827,
3333,64,0,0.014750535599887371,
3334,64,0,0.018440615385770798,
3335,64,0,0.01359626092016697,
3336,64,0,0.01537804864346981,
3337,64,0,0.014225437305867672,
3338,64,0,0.015585882589221,
3339,64,0,0.01470969244837761,
3340,64,0,0.01738043874502182,
3341,64,0,0.014917558059096336,
3342,64,0,0.011982636526226997,
3343,64,0,0.015419802628457546,
3344,64,0,0.01555664837360382,
3345,64,0,0.015289179049432278,
3346,64,0,0.017154132947325706,
3347,64,0,0.01484086737036705,
3348,64,0,0.014021826907992363,
3349,64,0,0.016925519332289696,
3350,64,0,0.01610706001520157,
3351,64,0,0.018381323665380478,
3352,64,0,0.014325580559670925,
3353,64,0,0.013632752001285553,
3354,64,0,0.014782658778131008,
3355,64,0,0.01942199468612671,
3356,64,0,0.01672028750181198,
3357,64,0,0.014366942457854748,
3358,64,0,0.012387069873511791,
3359,64,0,0.01673203706741333,
3360,64,0,0.013341449201107025,
3361,64,0,0.014156058430671692,
3362,64,0,0.0192938931286335,
3363,64,0,0.01866980642080307,
3364,64,0,0.0168685931712389,
3365,64,0,0.013161330483853817,
3366,64,0,0.015055129304528236,
3367,64,0,0.021393543109297752,
3368,64,0,0.01218396332114935,
3369,64,0,0.013700172305107117,
3370,64,0,0.014686336740851402,
3371,64,0,0.0195668525993824,
3372,64,0,0.012377642095088959,
3373,64,0,0.01718411222100258,
3374,64,0,0.019238578155636787,
3375,64,0,0.018743526190519333,
3376,64,0,0.017234666272997856,
3377,64,0,0.016065089032053947,
3378,64,0,0.019059743732213974,
3379,64,0,0.015842705965042114,
3380,64,0,0.015811000019311905,
3381,64,0,0.018703319132328033,
3382,64,0,0.018190279603004456,
3383,64,0,0.015171407721936703,
3384,64,0,0.016994260251522064,
3385,64,0,0.015487700700759888,
3386,64,0,0.017211860045790672,
3387,64,0,0.015041597187519073,
3388,64,0,0.01453685574233532,
3389,64,0,0.016686949878931046,
3390,64,0,0.015449474565684795,
3391,64,0,0.015660781413316727,
3392,64,0,0.016488447785377502,
3393,64,0,0.014248217456042767,
3394,64,0,0.010870885103940964,
3395,64,0,0.016757827252149582,
3396,64,0,0.01266417931765318,
3397,64,0,0.014352777972817421,
3398,64,0,0.01517057791352272,
3399,64,0,0.015414975583553314,
3400,64,0,0.015377046540379524,
3401,64,0,0.015671176835894585,
3402,64,0,0.01687668077647686,
3403,64,0,0.01654420979321003,
3404,64,0,0.016219040378928185,
3405,64,0,0.017381172627210617,
3406,64,0,0.016833676025271416,
3407,64,0,0.014759359881281853,
3408,64,0,0.015366919338703156,
3409,64,0,0.015119555406272411,
3410,64,0,0.01565547287464142,
3411,64,0,0.014562572352588177,
3412,64,0,0.015177084133028984,
3413,64,0,0.014882786199450493,
3414,64,0,0.014441702514886856,
3415,64,0,0.013462148606777191,
3416,64,0,0.014593909494578838,
3417,64,0,0.015527158975601196,
3418,64,0,0.016939882189035416,
3419,64,0,0.013794798403978348,
3420,64,0,0.013085703365504742,
3421,64,0,0.017527082934975624,
3422,64,0,0.013062365353107452,
3423,64,0,0.018790528178215027,
3424,64,0,0.014128584414720535,
3425,64,0,0.015338453464210033,
3426,64,0,0.017072483897209167,
3427,64,0,0.01261167787015438,
3428,64,0,0.013106107711791992,
3429,64,0,0.01267717033624649,
3430,64,0,0.01714608445763588,
3431,64,0,0.01307071652263403,
3432,64,0,0.00997893512248993,
3433,64,0,0.012996400706470013,
3434,64,0,0.014929376542568207,
3435,64,0,0.018036363646388054,
3436,64,0,0.014566089026629925,
3437,64,0,0.016120655462145805,
3438,64,0,0.018472280353307724,
3439,64,0,0.01222538948059082,
3440,64,0,0.01701255701482296,
3441,64,0,0.017093533650040627,
3442,64,0,0.014440430328249931,
3443,64,0,0.01578526198863983,
3444,64,0,0.0172959566116333,
3445,64,0,0.017331864684820175,
3446,64,0,0.0185626782476902,
3447,64,0,0.013447821140289307,
3448,64,0,0.01627143658697605,
3449,64,0,0.01617571897804737,
3450,64,0,0.013250485062599182,
3451,64,0,0.014667755924165249,
3452,64,0,0.011766630224883556,
3453,64,0,0.0177232064306736,
3454,64,0,0.014936650171875954,
3455,64,0,0.014619211666285992,
3456,64,0,0.012544440105557442,
3457,64,0,0.014210010878741741,
3458,64,0,0.013988031074404716,
3459,64,0,0.015281960368156433,
3460,64,0,0.015606071799993515,
3461,64,0,0.015453558415174484,
3462,64,0,0.01421335618942976,
3463,64,0,0.01989934593439102,
3464,64,0,0.017784560099244118,
3465,64,0,0.012658385559916496,
3466,64,0,0.014931675046682358,
3467,64,0,0.012710466049611568,
3468,64,0,0.013888148590922356,
3469,64,0,0.015041517093777657,
3470,64,0,0.01497627329081297,
3471,64,0,0.01522321067750454,
3472,64,0,0.013179498724639416,
3473,64,0,0.017509032040834427,
3474,64,0,0.0155196413397789,
3475,64,0,0.01611590012907982,
3476,64,0,0.014163197949528694,
3477,64,0,0.0156555213034153,
3478,64,0,0.016440343111753464,
3479,64,0,0.015068532899022102,
3480,64,0,0.01654360070824623,
3481,64,0,0.012830832973122597,
3482,64,0,0.015837516635656357,
3483,64,0,0.015251192264258862,
3484,64,0,0.014232049696147442,
3485,64,0,0.014921842142939568,
3486,64,0,0.015117581002414227,
3487,64,0,0.014933092519640923,
3488,64,0,0.016281073912978172,
3489,64,0,0.016030197963118553,
3490,64,0,0.01594119891524315,
3491,64,0,0.01412255596369505,
3492,64,0,0.017324291169643402,
3493,64,0,0.016944970935583115,
3494,64,0,0.012832634150981903,
3495,64,0,0.013410652987658978,
3496,64,0,0.01540739368647337,
3497,64,0,0.016401512548327446,
3498,64,0,0.015390440821647644,
3499,64,0,0.012459250167012215,
3500,64,0,0.02226538024842739,
3501,64,0,0.012939466163516045,
3502,64,0,0.015221640467643738,
3503,64,0,0.01813935860991478,
3504,64,0,0.015997499227523804,
3505,64,0,0.017774291336536407,
3506,64,0,0.018386652693152428,
3507,64,0,0.015193182043731213,
3508,64,0,0.014160498976707458,
3509,64,0,0.017777616158127785,
3510,64,0,0.015439855866134167,
3511,64,0,0.01467056106775999,
3512,64,0,0.014078590087592602,
3513,64,0,0.01489309873431921,
3514,64,0,0.013941126875579357,
3515,64,0,0.016804233193397522,
3516,64,0,0.015802467241883278,
3517,64,0,0.014560369774699211,
3518,64,0,0.014633161947131157,
3519,64,0,0.01652170717716217,
3520,64,0,0.015584762208163738,
3521,64,0,0.01337842084467411,
3522,64,0,0.013146552257239819,
3523,64,0,0.016075847670435905,
3524,64,0,0.01662299409508705,
3525,64,0,0.013748741708695889,
3526,64,0,0.01626540906727314,
3527,64,0,0.016639111563563347,
3528,64,0,0.01786147430539131,
3529,64,0,0.01451759785413742,
3530,64,0,0.01877404749393463,
3531,64,0,0.01704004406929016,
3532,64,0,0.015391375869512558,
3533,64,0,0.018730569630861282,
3534,64,0,0.013130739331245422,
3535,64,0,0.014828636310994625,
3536,64,0,0.016188926994800568,
3537,64,0,0.018505016341805458,
3538,64,0,0.014644949696958065,
3539,64,0,0.015727370977401733,
3540,64,0,0.013972191140055656,
3541,64,0,0.017969883978366852,
3542,64,0,0.01301127951592207,
3543,64,0,0.014548848383128643,
3544,64,0,0.015898453071713448,
3545,64,0,0.016947155818343163,
3546,64,0,0.015194615349173546,
3547,64,0,0.016116023063659668,
3548,64,0,0.016034793108701706,
3549,64,0,0.017510293051600456,
3550,64,0,0.01808210462331772,
3551,64,0,0.01510063000023365,
3552,64,0,0.013198397122323513,
3553,64,0,0.015154458582401276,
3554,64,0,0.014422657899558544,
3555,64,0,0.014973539859056473,
3556,64,0,0.014840799383819103,
3557,64,0,0.01609162613749504,
3558,64,0,0.017103465273976326,
3559,64,0,0.015635617077350616,
3560,64,0,0.01500467024743557,
3561,64,0,0.015113672241568565,
3562,64,0,0.013150002807378769,
3563,64,0,0.016328543424606323,
3564,64,0,0.012084178626537323,
3565,64,0,0.014752442017197609,
3566,64,0,0.01826106756925583,
3567,64,0,0.015082713216543198,
3568,64,0,0.017778921872377396,
3569,64,0,0.016124960035085678,
3570,64,0,0.017733871936798096,
3571,64,0,0.012730385176837444,
3572,64,0,0.01705661043524742,
3573,64,0,0.013544491492211819,
3574,64,0,0.01631024293601513,
3575,64,0,0.013718856498599052,
3576,64,0,0.015986112877726555,
3577,64,0,0.016796618700027466,
3578,64,0,0.01286996714770794,
3579,64,0,0.01541128009557724,
3580,64,0,0.0160614475607872,
3581,64,0,0.017026599496603012,
3582,64,0,0.01621178723871708,
3583,64,0,0.017392583191394806,
3584,64,0,0.013372796587646008,
3585,64,0,0.016320068389177322,
3586,64,0,0.016544215381145477,
3587,64,0,0.015029641799628735,
3588,64,0,0.01636798307299614,
3589,64,0,0.017535831779241562,
3590,64,0,0.019127368927001953,
3591,64,0,0.014673648402094841,
3592,64,0,0.013789340853691101,
3593,64,0,0.014735875651240349,
3594,64,0,0.012920543551445007,
3595,64,0,0.01471448503434658,
3596,64,0,0.012820478528738022,
3597,64,0,0.012779521755874157,
3598,64,0,0.020398277789354324,
3599,64,0,0.018160132691264153,
3600,64,0,0.013987700454890728,
3601,64,0,0.017182104289531708,
3602,64,0,0.018003251403570175,
3603,64,0,0.012491836212575436,
3604,64,0,0.01136635523289442,
3605,64,0,0.016793113201856613,
3606,64,0,0.01759471371769905,
3607,64,0,0.013895007781684399,
3608,64,0,0.013284808024764061,
3609,64,0,0.016374774277210236,
3610,64,0,0.01422895397990942,
3611,64,0,0.014172323048114777,
3612,64,0,0.013382918201386929,
3613,64,0,0.015745511278510094,
3614,64,0,0.019834764301776886,
3615,64,0,0.014852991327643394,
3616,64,0,0.014710727147758007,
3617,64,0,0.01732112653553486,
3618,64,0,0.015162657015025616,
3619,64,0,0.01658870093524456,
3620,64,0,0.013999707996845245,
3621,64,0,0.0154566690325737,
3622,64,0,0.014592310413718224,
3623,64,0,0.0161276925355196,
3624,64,0,0.015779811888933182,
3625,64,0,0.01317725982517004,
3626,64,0,0.015752283856272697,
3627,64,0,0.015084592625498772,
3628,64,0,0.01576436683535576,
3629,64,0,0.014541320502758026,
3630,64,0,0.01348847709596157,
3631,64,0,0.01506559457629919,
3632,64,0,0.014846409671008587,
3633,64,0,0.013938261196017265,
3634,64,0,0.014334844425320625,
3635,64,0,0.015349539928138256,
3636,64,0,0.012971647083759308,
3637,64,0,0.014252984896302223,
3638,64,0,0.01833483576774597,
3639,64,0,0.013021181337535381,
3640,64,0,0.01699269562959671,
3641,64,0,0.019582977518439293,
3642,64,0,0.014913077466189861,
3643,64,0,0.01318947970867157,
3644,64,0,0.013591542840003967,
3645,64,0,0.014365492388606071,
3646,64,0,0.014037009328603745,
3647,64,0,0.014761794358491898,
3648,64,0,0.01734309270977974,
3649,64,0,0.016258133575320244,
3650,64,0,0.015724066644906998,
3651,64,0,0.012826178222894669,
3652,64,0,0.015552821569144726,
3653,64,0,0.015924474224448204,
3654,64,0,0.013430260121822357,
3655,64,0,0.016265640035271645,
3656,64,0,0.014265964739024639,
3657,64,0,0.014027155935764313,
3658,64,0,0.014039566740393639,
3659,64,0,0.012975949794054031,
3660,64,0,0.01874052733182907,
3661,64,0,0.018694669008255005,
3662,64,0,0.014160762540996075,
3663,64,0,0.01553461141884327,
3664,64,0,0.01767861843109131,
3665,64,0,0.014969414100050926,
3666,64,0,0.014537334442138672,
3667,64,0,0.014810478314757347,
3668,64,0,0.014484567567706108,
3669,64,0,0.011688822880387306,
3670,64,0,0.019032590091228485,
3671,64,0,0.015494502149522305,
3672,64,0,0.016882073134183884,
3673,64,0,0.016290126368403435,
3674,64,0,0.01980447769165039,
3675,64,0,0.016290608793497086,
3676,64,0,0.016326485201716423,
3677,64,0,0.016960173845291138,
3678,64,0,0.018254181370139122,
3679,64,0,0.013723696582019329,
3680,64,0,0.015632931143045425,
3681,64,0,0.016509873792529106,
3682,64,0,0.014146320521831512,
3683,64,0,0.013327921740710735,
3684,64,0,0.01578415185213089,
3685,64,0,0.013283859938383102,
3686,64,0,0.012281857430934906,
3687,64,0,0.012684437446296215,
3688,64,0,0.015248924493789673,
3689,64,0,0.014407956972718239,
3690,64,0,0.01272551529109478,
3691,64,0,0.015420764684677124,
3692,64,0,0.012745745480060577,
3693,64,0,0.01611030101776123,
3694,64,0,0.013885138556361198,
3695,64,0,0.015338319353759289,
3696,64,0,0.014013799838721752,
3697,64,0,0.013597692362964153,
3698,64,0,0.016683753579854965,
3699,64,0,0.01405834686011076,
3700,64,0,0.014772742055356503,
3701,64,0,0.013670898042619228,
3702,64,0,0.015548797324299812,
3703,64,0,0.016105081886053085,
3704,64,0,0.015308151952922344,
3705,64,0,0.015320008620619774,
3706,64,0,0.015873340889811516,
3707,64,0,0.015579406172037125,
3708,64,0,0.020298680290579796,
3709,64,0,0.014253492467105389,
3710,64,0,0.012862175703048706,
3711,64,0,0.014970822259783745,
3712,64,0,0.015346142463386059,
3713,64,0,0.01509670726954937,
3714,64,0,0.013600898906588554,
3715,64,0,0.01398196630179882,
3716,64,0,0.01221077423542738,
3717,64,0,0.013761451467871666,
3718,64,0,0.015596307814121246,
3719,64,0,0.01160797756165266,
3720,64,0,0.014176666736602783,
3721,64,0,0.014245315454900265,
3722,64,0,0.013713598251342773,
3723,64,0,0.014809424988925457,
3724,64,0,0.015249721705913544,
3725,64,0,0.013010621070861816,
3726,64,0,0.014362911693751812,
3727,64,0,0.013271288946270943,
3728,64,0,0.012276592664420605,
3729,64,0,0.01535497885197401,
3730,64,0,0.01185915619134903,
3731,64,0,0.013707604259252548,
3732,64,0,0.01469065248966217,
3733,64,0,0.015449551865458488,
3734,64,0,0.01752481423318386,
3735,64,0,0.01410598587244749,
3736,64,0,0.014171594753861427,
3737,64,0,0.01700562797486782,
3738,64,0,0.012249271385371685,
3739,64,0,0.014666637405753136,
3740,64,0,0.014662499539554119,
3741,64,0,0.017928333953022957,
3742,64,0,0.012940801680088043,
3743,64,0,0.015549741685390472,
3744,64,0,0.017346665263175964,
3745,64,0,0.015299050137400627,
3746,64,0,0.02077639289200306,
3747,64,0,0.014319049194455147,
3748,64,0,0.014661228284239769,
3749,64,0,0.015670916065573692,
3750,64,0,0.012646752409636974,
3751,64,0,0.015251967124640942,
3752,64,0,0.013821259140968323,
3753,64,0,0.014174139127135277,
3754,64,0,0.011402178555727005,
3755,64,0,0.012740882113575935,
3756,64,0,0.013525258749723434,
3757,64,0,0.015736645087599754,
3758,64,0,0.015010504983365536,
3759,64,0,0.013631711713969707,
3760,64,0,0.01850678212940693,
3761,64,0,0.015021786093711853,
3762,64,0,0.01384493988007307,
3763,64,0,0.016417205333709717,
3764,64,0,0.013754598796367645,
3765,64,0,0.01857062056660652,
3766,64,0,0.016771119087934494,
3767,64,0,0.01680123805999756,
3768,64,0,0.014506986364722252,
3769,64,0,0.01675049215555191,
3770,64,0,0.013381501659750938,
3771,64,0,0.020957743749022484,
3772,64,0,0.015553249046206474,
3773,64,0,0.013513229787349701,
3774,64,0,0.012324634939432144,
3775,64,0,0.013673916459083557,
3776,64,0,0.016427183523774147,
3777,64,0,0.015715185552835464,
3778,64,0,0.014777387492358685,
3779,64,0,0.013497493229806423,
3780,64,0,0.016787897795438766,
3781,64,0,0.014338450506329536,
3782,64,0,0.014505341649055481,
3783,64,0,0.014135110192000866,
3784,64,0,0.014425828121602535,
3785,64,0,0.012763475999236107,
3786,64,0,0.012419725768268108,
3787,64,0,0.015367753803730011,
3788,64,0,0.013880211859941483,
3789,64,0,0.013126252219080925,
3790,64,0,0.014632346108555794,
3791,64,0,0.015392936766147614,
3792,64,0,0.015362044796347618,
3793,64,0,0.012178812175989151,
3794,64,0,0.013620175421237946,
3795,64,0,0.015140712261199951,
3796,64,0,0.015032537281513214,
3797,64,0,0.01496046595275402,
3798,64,0,0.012226955965161324,
3799,64,0,0.015555350109934807,
3800,64,0,0.013378821313381195,
3801,64,0,0.012781709432601929,
3802,64,0,0.014496995136141777,
3803,64,0,0.015381361357867718,
3804,64,0,0.017064785584807396,
3805,64,0,0.01380767673254013,
3806,64,0,0.013219049200415611,
3807,64,0,0.016019709408283234,
3808,64,0,0.013831334188580513,
3809,64,0,0.012444805353879929,
3810,64,0,0.014153070747852325,
3811,64,0,0.01762324944138527,
3812,64,0,0.01576758548617363,
3813,64,0,0.015558509156107903,
3814,64,0,0.011432222090661526,
3815,64,0,0.016926739364862442,
3816,64,0,0.01391493808478117,
3817,64,0,0.016432970762252808,
3818,64,0,0.013444293290376663,
3819,64,0,0.014817355200648308,
3820,64,0,0.016064882278442383,
3821,64,0,0.013676474802196026,
3822,64,0,0.0134260980412364,
3823,64,0,0.012412059120833874,
3824,64,0,0.016141802072525024,
3825,64,0,0.014621990732848644,
3826,64,0,0.015733512118458748,
3827,64,0,0.013974666595458984,
3828,64,0,0.016284367069602013,
3829,64,0,0.012880252674221992,
3830,64,0,0.014158932492136955,
3831,64,0,0.016548538580536842,
3832,64,0,0.013163687661290169,
3833,64,0,0.014670327305793762,
3834,64,0,0.014887171797454357,
3835,64,0,0.015203266404569149,
3836,64,0,0.01413160003721714,
3837,64,0,0.015507332980632782,
3838,64,0,0.01560674887150526,
3839,64,0,0.014361521229147911,
3840,64,0,0.012145119719207287,
3841,64,0,0.017572814598679543,
3842,64,0,0.01446973904967308,
3843,64,0,0.017913546413183212,
3844,64,0,0.018650606274604797,
3845,64,0,0.013687407597899437,
3846,64,0,0.01564185693860054,
3847,64,0,0.015542697161436081,
3848,64,0,0.011560826562345028,
3849,64,0,0.011799931526184082,
3850,64,0,0.012412065640091896,
3851,64,0,0.01260826550424099,
3852,64,0,0.016239183023571968,
3853,64,0,0.014674149453639984,
3854,64,0,0.015257151797413826,
3855,64,0,0.013009762391448021,
3856,64,0,0.013533463701605797,
3857,64,0,0.015548850409686565,
3858,64,0,0.012599780224263668,
3859,64,0,0.016402145847678185,
3860,64,0,0.015460522845387459,
3861,64,0,0.011793109588325024,
3862,64,0,0.015400080941617489,
3863,64,0,0.014461742714047432,
3864,64,0,0.015631115064024925,
3865,64,0,0.013564690947532654,
3866,64,0,0.02008362114429474,
3867,64,0,0.011703826487064362,
3868,64,0,0.014789992943406105,
3869,64,0,0.014547329396009445,
3870,64,0,0.01579730398952961,
3871,64,0,0.015658654272556305,
3872,64,0,0.014127115719020367,
3873,64,0,0.012822112999856472,
3874,64,0,0.017673376947641373,
3875,64,0,0.0121995210647583,
3876,64,0,0.015445120632648468,
3877,64,0,0.01549239456653595,
3878,64,0,0.01410086452960968,
3879,64,0,0.015123322606086731,
3880,64,0,0.016392840072512627,
3881,64,0,0.018381118774414062,
3882,64,0,0.015495648607611656,
3883,64,0,0.01207306794822216,
3884,64,0,0.016246210783720016,
3885,64,0,0.011935194954276085,
3886,64,0,0.017899228259921074,
3887,64,0,0.012448052875697613,
3888,64,0,0.012443195097148418,
3889,64,0,0.017171433195471764,
3890,64,0,0.014458904042840004,
3891,64,0,0.014427781105041504,
3892,64,0,0.015103070065379143,
3893,64,0,0.015207009389996529,
3894,64,0,0.01391078345477581,
3895,64,0,0.016316374763846397,
3896,64,0,0.013472771272063255,
3897,64,0,0.01727740652859211,
3898,64,0,0.010665702633559704,
3899,64,0,0.01918846182525158,
3900,64,0,0.01346418634057045,
3901,64,0,0.01664438471198082,
3902,64,0,0.019065290689468384,
3903,64,0,0.018395645543932915,
3904,64,0,0.01453018095344305,
3905,64,0,0.011035050265491009,
3906,64,0,0.01718924567103386,
3907,64,0,0.015485558658838272,
3908,64,0,0.013472987338900566,
3909,64,0,0.01628388836979866,
3910,64,0,0.014373678714036942,
3911,64,0,0.01718836836516857,
3912,64,0,0.016809910535812378,
3913,64,0,0.01636367291212082,
3914,64,0,0.009795578196644783,
3915,64,0,0.016502145677804947,
3916,64,0,0.01376358699053526,
3917,64,0,0.012134882621467113,
3918,64,0,0.012652970850467682,
3919,64,0,0.014010557904839516,
3920,64,0,0.013420680537819862,
3921,64,0,0.013053963892161846,
3922,64,0,0.014845063909888268,
3923,64,0,0.014543249271810055,
3924,64,0,0.015045681968331337,
3925,64,0,0.013299493119120598,
3926,64,0,0.01299837976694107,
3927,64,0,0.015444728545844555,
3928,64,0,0.012166294269263744,
3929,64,0,0.013355879113078117,
3930,64,0,0.017243560403585434,
3931,64,0,0.017433812841773033,
3932,64,0,0.01788262464106083,
3933,64,0,0.011452404782176018,
3934,64,0,0.016843333840370178,
3935,64,0,0.015894528478384018,
3936,64,0,0.014913735911250114,
3937,64,0,0.014592359773814678,
3938,64,0,0.015906143933534622,
3939,64,0,0.011219024658203125,
3940,64,0,0.015414535999298096,
3941,64,0,0.016439292579889297,
3942,64,0,0.014164658263325691,
3943,64,0,0.013889054767787457,
3944,64,0,0.01589057967066765,
3945,64,0,0.014770440757274628,
3946,64,0,0.016423223540186882,
3947,64,0,0.014546964317560196,
3948,64,0,0.012627753429114819,
3949,64,0,0.01858026534318924,
3950,64,0,0.016671834513545036,
3951,64,0,0.011881545186042786,
3952,64,0,0.014525468461215496,
3953,64,0,0.01592898927628994,
3954,64,0,0.013386844657361507,
3955,64,0,0.010940330103039742,
3956,64,0,0.014913132414221764,
3957,64,0,0.01416071318089962,
3958,64,0,0.015431351959705353,
3959,64,0,0.013958851806819439,
3960,64,0,0.01347791962325573,
3961,64,0,0.01396207045763731,
3962,64,0,0.01502024382352829,
3963,64,0,0.012354186736047268,
3964,64,0,0.012605622410774231,
3965,64,0,0.014055143110454082,
3966,64,0,0.012312144041061401,
3967,64,0,0.015226610004901886,
3968,64,0,0.01424931176006794,
3969,64,0,0.01206311583518982,
3970,64,0,0.01302215363830328,
3971,64,0,0.017641665413975716,
3972,64,0,0.013956088572740555,
3973,64,0,0.01513324212282896,
3974,64,0,0.013907810673117638,
3975,64,0,0.014256848953664303,
3976,64,0,0.012428428046405315,
3977,64,0,0.016034245491027832,
3978,64,0,0.014928864315152168,
3979,64,0,0.02016305737197399,
3980,64,0,0.013494787737727165,
3981,64,0,0.015036942437291145,
3982,64,0,0.013255694881081581,
3983,64,0,0.015868311747908592,
3984,64,0,0.016386505216360092,
3985,64,0,0.016740571707487106,
3986,64,0,0.012937728315591812,
3987,64,0,0.011900282464921474,
3988,64,0,0.01492296438664198,
3989,64,0,0.01358889602124691,
3990,64,0,0.0175882987678051,
3991,64,0,0.013688495382666588,
3992,64,0,0.01403096504509449,
3993,64,0,0.012746046297252178,
3994,64,0,0.01420656219124794,
3995,64,0,0.015685392543673515,
3996,64,0,0.01567878946661949,
3997,64,0,0.012055600062012672,
3998,64,0,0.01393499132245779,
3999,64,0,0.014115599915385246,
4000,64,0,0.016214443370699883,,0.011460400077494536,0.721094459454163,20.41138539549698
4001,64,0,0.012826619669795036,
4002,64,0,0.01272843312472105,
4003,64,0,0.01476246863603592,
4004,64,0,0.016301441937685013,
4005,64,0,0.017229633405804634,
4006,64,0,0.013153939507901669,
4007,64,0,0.014266851358115673,
4008,64,0,0.014060234650969505,
4009,64,0,0.01481066457927227,
4010,64,0,0.013271655887365341,
4011,64,0,0.015910133719444275,
4012,64,0,0.013839274644851685,
4013,64,0,0.014462916180491447,
4014,64,0,0.01599840819835663,
4015,64,0,0.011534800752997398,
4016,64,0,0.011790899559855461,
4017,64,0,0.010475413873791695,
4018,64,0,0.012631935998797417,
4019,64,0,0.015404894948005676,
4020,64,0,0.014504259452223778,
4021,64,0,0.013932078145444393,
4022,64,0,0.01702510192990303,
4023,64,0,0.015371434390544891,
4024,64,0,0.010697288438677788,
4025,64,0,0.011418590322136879,
4026,64,0,0.01509340014308691,
4027,64,0,0.014891579747200012,
4028,64,0,0.01613822765648365,
4029,64,0,0.016863254830241203,
4030,64,0,0.013578060083091259,
4031,64,0,0.012501923367381096,
4032,64,0,0.013850502669811249,
4033,64,0,0.012471625581383705,
4034,64,0,0.015223456546664238,
4035,64,0,0.01244024746119976,
4036,64,0,0.018537286669015884,
4037,64,0,0.014211887493729591,
4038,64,0,0.01643913798034191,
4039,64,0,0.011102665215730667,
4040,64,0,0.014115234836935997,
4041,64,0,0.01674306020140648,
4042,64,0,0.013341615907847881,
4043,64,0,0.012194822542369366,
4044,64,0,0.015599370002746582,
4045,64,0,0.014227746054530144,
4046,64,0,0.012528521940112114,
4047,64,0,0.01701480895280838,
4048,64,0,0.01244655903428793,
4049,64,0,0.013992208056151867,
4050,64,0,0.015549076721072197,
4051,64,0,0.014482024125754833,
4052,64,0,0.01879771798849106,
4053,64,0,0.012086930684745312,
4054,64,0,0.011270436458289623,
4055,64,0,0.013178057037293911,
4056,64,0,0.013168740086257458,
4057,64,0,0.018545284867286682,
4058,64,0,0.015708791092038155,
4059,64,0,0.01349109597504139,
4060,64,0,0.01329849474132061,
4061,64,0,0.017108019441366196,
4062,64,0,0.012747382745146751,
4063,64,0,0.01355009712278843,
4064,64,0,0.015874113887548447,
4065,64,0,0.01681528612971306,
4066,64,0,0.016662007197737694,
4067,64,0,0.01535283587872982,
4068,64,0,0.01393081247806549,
4069,64,0,0.013796339742839336,
4070,64,0,0.014723281376063824,
4071,64,0,0.014670245349407196,
4072,64,0,0.016362234950065613,
4073,64,0,0.017388276755809784,
4074,64,0,0.015507603995501995,
4075,64,0,0.015528670512139797,
4076,64,0,0.015343619510531425,
4077,64,0,0.013912085443735123,
4078,64,0,0.017503995448350906,
4079,64,0,0.01543496921658516,
4080,64,0,0.018220560625195503,
4081,64,0,0.01262153685092926,
4082,64,0,0.016880255192518234,
4083,64,0,0.015848642215132713,
4084,64,0,0.015261801891028881,
4085,64,0,0.016855280846357346,
4086,64,0,0.01952936314046383,
4087,64,0,0.013727948069572449,
4088,64,0,0.015375165268778801,
4089,64,0,0.016304761171340942,
4090,64,0,0.019272752106189728,
4091,64,0,0.012695352546870708,
4092,64,0,0.01466872077435255,
4093,64,0,0.01976354792714119,
4094,64,0,0.01646595448255539,
4095,64,0,0.01402282528579235,
4096,64,0,0.01393568143248558,
4097,64,0,0.014597557485103607,
4098,64,0,0.015547978691756725,
4099,64,0,0.012347633950412273,
4100,64,0,0.01549750380218029,
4101,64,0,0.01264379546046257,
4102,64,0,0.012573178857564926,
4103,64,0,0.012660807929933071,
4104,64,0,0.018252691254019737,
4105,64,0,0.016403427347540855,
4106,64,0,0.012958109378814697,
4107,64,0,0.012788377702236176,
4108,64,0,0.018202897161245346,
4109,64,0,0.012888981960713863,
4110,64,0,0.013143174350261688,
4111,64,0,0.017150957137346268,
4112,64,0,0.014554603025317192,
4113,64,0,0.016690611839294434,
4114,64,0,0.012879705987870693,
4115,64,0,0.016526224091649055,
4116,64,0,0.01355220377445221,
4117,64,0,0.014193280600011349,
4118,64,0,0.011860123835504055,
4119,64,0,0.014108425006270409,
4120,64,0,0.016490250825881958,
4121,64,0,0.013043653219938278,
4122,64,0,0.01258307509124279,
4123,64,0,0.012942967936396599,
4124,64,0,0.014810013584792614,
4125,64,0,0.016270237043499947,
4126,64,0,0.012733276933431625,
4127,64,0,0.011559197679162025,
4128,64,0,0.014061486348509789,
4129,64,0,0.017755132168531418,
4130,64,0,0.01717670075595379,
4131,64,0,0.014319295063614845,
4132,64,0,0.01665223017334938,
4133,64,0,0.012266390025615692,
4134,64,0,0.015482012182474136,
4135,64,0,0.012568941339850426,
4136,64,0,0.014501422643661499,
4137,64,0,0.014625627547502518,
4138,64,0,0.018508026376366615,
4139,64,0,0.010868567042052746,
4140,64,0,0.016382280737161636,
4141,64,0,0.013912561349570751,
4142,64,0,0.01789282262325287,
4143,64,0,0.015965256839990616,
4144,64,0,0.016694430261850357,
4145,64,0,0.014190289191901684,
4146,64,0,0.012419129721820354,
4147,64,0,0.016158372163772583,
4148,64,0,0.013446420431137085,
4149,64,0,0.014506969600915909,
4150,64,0,0.013015231117606163,
4151,64,0,0.01698194071650505,
4152,64,0,0.014419697225093842,
4153,64,0,0.013208277523517609,
4154,64,0,0.015193547122180462,
4155,64,0,0.014333656057715416,
4156,64,0,0.015620700083673,
4157,64,0,0.012261996977031231,
4158,64,0,0.013340143486857414,
4159,64,0,0.012040374800562859,
4160,64,0,0.010774965398013592,
4161,64,0,0.012762888334691525,
4162,64,0,0.012266150675714016,
4163,64,0,0.010696428827941418,
4164,64,0,0.013409244827926159,
4165,64,0,0.016842911019921303,
4166,64,0,0.015669632703065872,
4167,64,0,0.014396822080016136,
4168,64,0,0.011852985247969627,
